Order Date,Region,Category,Sub-Category,Customer Name,Sales,Quantity,Discount,Profit
11-08-2016,South,Furniture,Bookcases,Claire Gute,261.96,2,0,41.9136
11-08-2016,South,Furniture,Chairs,Claire Gute,731.94,3,0,219.582
06-12-2016,West,Office Supplies,Labels,Darrin Van Huff,14.62,2,0,6.8714
10-11-2015,South,Furniture,Tables,Sean O'Donnell,957.5775,5,0.45,-383.031
10-11-2015,South,Office Supplies,Storage,Sean O'Donnell,22.368,2,0.2,2.5164
06-09-2014,West,Furniture,Furnishings,Brosina Hoffman,48.86,7,0,14.1694
06-09-2014,West,Office Supplies,Art,Brosina Hoffman,7.28,4,0,1.9656
06-09-2014,West,Technology,Phones,Brosina Hoffman,907.152,6,0.2,90.7152
06-09-2014,West,Office Supplies,Binders,Brosina Hoffman,18.504,3,0.2,5.7825
06-09-2014,West,Office Supplies,Appliances,Brosina Hoffman,114.9,5,0,34.47
06-09-2014,West,Furniture,Tables,Brosina Hoffman,1706.184,9,0.2,85.3092
06-09-2014,West,Technology,Phones,Brosina Hoffman,911.424,4,0.2,68.3568
4/15/2017,South,Office Supplies,Paper,Andrew Allen,15.552,3,0.2,5.4432
12-05-2016,West,Office Supplies,Binders,Irene Maddox,407.976,3,0.2,132.5922
11/22/2015,Central,Office Supplies,Appliances,Harold Pawlan,68.81,5,0.8,-123.858
11/22/2015,Central,Office Supplies,Binders,Harold Pawlan,2.544,3,0.8,-3.816
11-11-2014,Central,Office Supplies,Storage,Pete Kriz,665.88,6,0,13.3176
5/13/2014,West,Office Supplies,Storage,Alejandro Grove,55.5,2,0,9.99
8/27/2014,West,Office Supplies,Art,Zuschuss Donatelli,8.56,2,0,2.4824
8/27/2014,West,Technology,Phones,Zuschuss Donatelli,213.48,3,0.2,16.011
8/27/2014,West,Office Supplies,Binders,Zuschuss Donatelli,22.72,4,0.2,7.384
12-09-2016,Central,Office Supplies,Art,Ken Black,19.46,7,0,5.0596
12-09-2016,Central,Office Supplies,Appliances,Ken Black,60.34,7,0,15.6884
7/16/2017,East,Furniture,Chairs,Sandra Flanagan,71.372,2,0.3,-1.0196
9/25/2015,West,Furniture,Tables,Emily Burns,1044.63,3,0,240.2649
1/16/2016,West,Office Supplies,Binders,Eric Hoffmann,11.648,2,0.2,4.2224
1/16/2016,West,Technology,Accessories,Eric Hoffmann,90.57,3,0,11.7741
9/17/2015,East,Furniture,Bookcases,Tracy Blumstein,3083.43,7,0.5,-1665.0522
9/17/2015,East,Office Supplies,Binders,Tracy Blumstein,9.618,2,0.7,-7.0532
9/17/2015,East,Furniture,Furnishings,Tracy Blumstein,124.2,3,0.2,15.525
9/17/2015,East,Office Supplies,Envelopes,Tracy Blumstein,3.264,2,0.2,1.1016
9/17/2015,East,Office Supplies,Art,Tracy Blumstein,86.304,6,0.2,9.7092
9/17/2015,East,Office Supplies,Binders,Tracy Blumstein,6.858,6,0.7,-5.715
9/17/2015,East,Office Supplies,Art,Tracy Blumstein,15.76,2,0.2,3.546
10/19/2017,Central,Office Supplies,Paper,Matt Abelman,29.472,3,0.2,9.9468
12-08-2016,Central,Technology,Phones,Gene Hale,1097.544,7,0.2,123.4737
12-08-2016,Central,Furniture,Furnishings,Gene Hale,190.92,5,0.6,-147.963
12/27/2015,Central,Office Supplies,Envelopes,Steve Nguyen,113.328,9,0.2,35.415
12/27/2015,Central,Furniture,Bookcases,Steve Nguyen,532.3992,3,0.32,-46.9764
12/27/2015,Central,Furniture,Chairs,Steve Nguyen,212.058,3,0.3,-15.147
12/27/2015,Central,Technology,Phones,Steve Nguyen,371.168,4,0.2,41.7564
09-10-2017,Central,Technology,Phones,Linda Cazamias,147.168,4,0.2,16.5564
7/17/2016,West,Office Supplies,Storage,Ruben Ausman,77.88,2,0,3.894
9/19/2017,South,Office Supplies,Storage,Erin Smith,95.616,2,0.2,9.5616
03-11-2016,Central,Technology,Accessories,Odella Nelson,45.98,2,0,19.7714
03-11-2016,Central,Office Supplies,Binders,Odella Nelson,17.46,2,0,8.2062
10/20/2014,Central,Office Supplies,Storage,Patrick O'Donnell,211.96,4,0,8.4784
6/20/2016,East,Technology,Accessories,Lena Hernandez,45,3,0,4.95
6/20/2016,East,Technology,Phones,Lena Hernandez,21.8,2,0,6.104
4/18/2015,Central,Office Supplies,Binders,Darren Powers,38.22,6,0,17.9634
4/18/2015,Central,Office Supplies,Labels,Darren Powers,75.18,6,0,35.3346
4/18/2015,Central,Furniture,Furnishings,Darren Powers,6.16,2,0,2.9568
4/18/2015,Central,Furniture,Chairs,Darren Powers,89.99,1,0,17.0981
12-11-2016,East,Office Supplies,Fasteners,Janet Molinari,15.26,7,0,6.2566
12-11-2016,East,Technology,Phones,Janet Molinari,1029.95,5,0,298.6855
6/17/2016,East,Office Supplies,Storage,Ted Butterfield,208.56,6,0,52.14
6/17/2016,East,Office Supplies,Paper,Ted Butterfield,32.4,5,0,15.552
6/17/2016,East,Furniture,Chairs,Ted Butterfield,319.41,5,0.1,7.098
6/17/2016,East,Office Supplies,Paper,Ted Butterfield,14.56,2,0,6.9888
6/17/2016,East,Technology,Accessories,Ted Butterfield,30,2,0,3.3
6/17/2016,East,Office Supplies,Binders,Ted Butterfield,48.48,4,0.2,16.362
6/17/2016,East,Office Supplies,Art,Ted Butterfield,1.68,1,0,0.84
11/24/2015,West,Technology,Accessories,Kunst Miller,13.98,2,0,6.1512
11/24/2015,West,Office Supplies,Binders,Kunst Miller,25.824,6,0.2,9.3612
11/24/2015,West,Office Supplies,Paper,Kunst Miller,146.73,3,0,68.9631
11/24/2015,West,Furniture,Furnishings,Kunst Miller,79.76,4,0,22.3328
4/30/2015,Central,Furniture,Chairs,Paul Stevenson,213.115,5,0.3,-15.2225
12-05-2014,West,Office Supplies,Art,Brendan Sweed,1113.024,8,0.2,111.3024
12-05-2014,West,Technology,Phones,Brendan Sweed,167.968,4,0.2,62.988
06-04-2016,South,Office Supplies,Paper,Karen Daniels,75.88,2,0,35.6636
9/18/2016,East,Office Supplies,Binders,Henry MacAllister,4.616,1,0.2,1.731
9/14/2017,Central,Office Supplies,Paper,Tracy Blumstein,19.05,3,0,8.763
4/26/2015,South,Furniture,Chairs,Joel Eaton,831.936,8,0.2,-114.3912
4/26/2015,South,Furniture,Furnishings,Joel Eaton,97.04,2,0.2,1.213
4/26/2015,South,Office Supplies,Storage,Joel Eaton,72.784,1,0.2,-18.196
12-09-2017,Central,Office Supplies,Binders,Ken Brennan,1.248,3,0.8,-1.9344
12-09-2017,Central,Furniture,Furnishings,Ken Brennan,9.708,3,0.6,-5.8248
12-09-2017,Central,Office Supplies,Storage,Ken Brennan,27.24,3,0.2,2.724
11/26/2014,Central,Furniture,Furnishings,Joel Eaton,19.3,5,0.6,-14.475
06-12-2016,South,Office Supplies,Appliances,Stewart Carmichael,208.16,1,0,56.2032
06-12-2016,South,Office Supplies,Binders,Stewart Carmichael,16.74,3,0,8.0352
10-12-2014,West,Office Supplies,Art,Duane Noonan,14.9,5,0,4.172
10-12-2014,West,Office Supplies,Storage,Duane Noonan,21.39,1,0,6.2031
09-03-2015,South,Office Supplies,Envelopes,Julie Creighton,200.984,7,0.2,62.8075
11/13/2017,Central,Office Supplies,Storage,Christopher Schild,230.376,3,0.2,-48.9549
5/28/2017,South,Furniture,Chairs,Patrick O'Donnell,301.96,2,0,33.2156
10/26/2017,Central,Technology,Accessories,Paul Gonzalez,19.99,1,0,6.7966
10/26/2017,Central,Office Supplies,Labels,Paul Gonzalez,6.16,2,0,2.9568
04-05-2016,Central,Office Supplies,Storage,Gary Mitchum,158.368,7,0.2,13.8572
9/17/2016,West,Office Supplies,Art,Jim Sink,20.1,3,0,6.633
9/17/2016,West,Technology,Phones,Jim Sink,73.584,2,0.2,8.2782
9/17/2016,West,Office Supplies,Paper,Jim Sink,6.48,1,0,3.1104
1/31/2015,Central,Office Supplies,Paper,Karl Braun,12.96,2,0,6.2208
1/31/2015,Central,Furniture,Furnishings,Karl Braun,53.34,3,0,16.5354
1/31/2015,Central,Office Supplies,Binders,Karl Braun,32.96,2,0,16.1504
11-06-2017,West,Office Supplies,Binders,Roger Barcio,5.682,1,0.7,-3.788
11-09-2017,East,Furniture,Furnishings,Parhena Norris,96.53,7,0,40.5426
6/17/2017,West,Office Supplies,Binders,Katherine Ducich,51.312,3,0.2,17.9592
09-06-2016,Central,Office Supplies,Appliances,Elpida Rittenbach,77.88,6,0,22.5852
8/29/2016,Central,Office Supplies,Paper,Rick Bensley,64.624,7,0.2,22.6184
8/29/2016,Central,Technology,Accessories,Rick Bensley,95.976,3,0.2,-10.7973
8/29/2016,Central,Office Supplies,Binders,Rick Bensley,1.788,3,0.8,-3.0396
12-01-2016,Central,Office Supplies,Paper,Gary Zandusky,23.92,4,0,11.7208
11/13/2015,West,Technology,Accessories,Lena Cacioppo,238.896,6,0.2,-26.8758
11/13/2015,West,Furniture,Furnishings,Lena Cacioppo,102.36,3,0.2,-3.8385
11/13/2015,West,Office Supplies,Binders,Lena Cacioppo,36.882,3,0.7,-25.8174
11/23/2017,South,Technology,Accessories,Janet Martin,74.112,8,0.2,17.6016
11/23/2017,South,Technology,Phones,Janet Martin,27.992,1,0.2,2.0994
11/23/2017,South,Office Supplies,Art,Janet Martin,3.304,1,0.2,1.0738
10/15/2015,Central,Technology,Accessories,Pete Armstrong,339.96,5,0.2,67.992
12/25/2017,East,Furniture,Furnishings,Cynthia Voltz,41.96,2,0,10.9096
11-03-2016,Central,Office Supplies,Art,Clay Ludtke,75.96,2,0,22.788
11-03-2016,Central,Office Supplies,Binders,Clay Ludtke,27.24,6,0,13.3476
8/25/2014,East,Office Supplies,Fasteners,Ryan Crowe,40.096,14,0.2,14.5348
8/25/2014,East,Office Supplies,Envelopes,Ryan Crowe,4.72,2,0.2,1.652
8/25/2014,East,Office Supplies,Paper,Ryan Crowe,23.976,3,0.2,7.4925
8/25/2014,East,Office Supplies,Envelopes,Ryan Crowe,130.464,6,0.2,44.0316
03-02-2015,West,Furniture,Tables,Dave Kipp,787.53,3,0,165.3813
04-05-2015,South,Office Supplies,Binders,Greg Guthrie,157.794,1,0.7,-115.7156
06-12-2016,East,Furniture,Furnishings,Steven Cartwright,47.04,3,0,18.3456
06-12-2016,East,Office Supplies,Binders,Steven Cartwright,30.84,4,0,13.878
06-12-2016,East,Office Supplies,Storage,Steven Cartwright,226.56,6,0,63.4368
06-12-2016,East,Office Supplies,Envelopes,Steven Cartwright,115.02,9,0,51.759
06-12-2016,East,Technology,Phones,Steven Cartwright,68.04,7,0,19.7316
12/26/2014,Central,Furniture,Chairs,Alan Dominguez,600.558,3,0.3,-8.5794
9/20/2014,Central,Furniture,Tables,Philip Fox,617.7,6,0.5,-407.682
11-05-2017,West,Office Supplies,Binders,Troy Staebel,2.388,2,0.7,-1.8308
11-05-2017,West,Office Supplies,Storage,Troy Staebel,243.992,7,0.2,30.499
11-06-2016,West,Furniture,Chairs,Lindsay Shagiari,81.424,2,0.2,-9.1602
11-06-2016,West,Furniture,Furnishings,Lindsay Shagiari,238.56,3,0,26.2416
02-02-2017,East,Technology,Phones,Dorothy Wardle,59.97,5,0.4,-11.994
02-02-2017,East,Office Supplies,Paper,Dorothy Wardle,78.304,2,0.2,29.364
02-02-2017,East,Office Supplies,Fasteners,Dorothy Wardle,21.456,9,0.2,6.9732
10/13/2016,West,Office Supplies,Paper,Lena Creighton,20.04,3,0,9.6192
10/13/2016,West,Office Supplies,Paper,Lena Creighton,35.44,1,0,16.6568
10/13/2016,West,Office Supplies,Art,Lena Creighton,11.52,4,0,3.456
10/13/2016,West,Office Supplies,Fasteners,Lena Creighton,4.02,2,0,1.9698
10/13/2016,West,Office Supplies,Binders,Lena Creighton,76.176,3,0.2,26.6616
10/13/2016,West,Office Supplies,Supplies,Lena Creighton,65.88,6,0,18.4464
10/13/2016,West,Furniture,Furnishings,Lena Creighton,43.12,14,0,20.6976
09-05-2016,East,Furniture,Furnishings,Jonathan Doherty,82.8,2,0.2,10.35
9/18/2017,West,Office Supplies,Art,Sally Hughsby,8.82,3,0,2.3814
9/18/2017,West,Office Supplies,Envelopes,Sally Hughsby,10.86,3,0,5.1042
9/18/2017,West,Office Supplies,Paper,Sally Hughsby,143.7,3,0,68.976
12/22/2017,Central,Office Supplies,Appliances,Sandra Glassco,839.43,3,0,218.2518
09-07-2015,West,Office Supplies,Storage,Helen Andreada,671.93,7,0,20.1579
10/22/2014,East,Furniture,Furnishings,Maureen Gastineau,93.888,4,0.2,12.9096
12-05-2016,Central,Technology,Phones,Justin Ellison,384.45,11,0,103.8015
12-05-2016,Central,Technology,Phones,Justin Ellison,149.97,3,0,5.9988
12-05-2016,Central,Furniture,Chairs,Justin Ellison,1951.84,8,0,585.552
12-05-2016,Central,Office Supplies,Binders,Justin Ellison,171.55,5,0,80.6285
3/13/2016,West,Office Supplies,Appliances,Tamara Willingham,157.92,5,0.2,17.766
3/13/2016,West,Technology,Phones,Tamara Willingham,203.184,2,0.2,15.2388
5/31/2015,West,Office Supplies,Paper,Stephanie Phelps,58.38,7,0,26.271
5/31/2015,West,Office Supplies,Paper,Stephanie Phelps,105.52,4,0,48.5392
5/31/2015,West,Office Supplies,Storage,Stephanie Phelps,80.88,6,0,21.0288
5/28/2015,West,Office Supplies,Art,Neil Knudson,6.63,3,0,1.7901
03-01-2014,West,Furniture,Chairs,Dave Brooks,457.568,2,0.2,51.4764
11/20/2016,Central,Office Supplies,Labels,Nora Paige,14.62,2,0,6.8714
11/20/2016,Central,Technology,Phones,Nora Paige,944.93,7,0,236.2325
05-11-2016,West,Office Supplies,Paper,Ted Trevino,5.98,1,0,2.691
12/28/2015,East,Technology,Accessories,Eric Murdock,54.384,2,0.2,1.3596
11/16/2016,West,Office Supplies,Envelopes,Ruben Dartt,28.4,5,0,13.348
11-07-2016,West,Office Supplies,Binders,Max Jones,27.68,2,0.2,9.688
09-08-2014,Central,Office Supplies,Art,Becky Martin,9.936,3,0.2,2.7324
09-08-2014,Central,Technology,Machines,Becky Martin,8159.952,8,0.4,-1359.992
09-08-2014,Central,Office Supplies,Storage,Becky Martin,275.928,3,0.2,-58.6347
09-08-2014,Central,Furniture,Chairs,Becky Martin,1740.06,9,0.3,-24.858
09-08-2014,Central,Office Supplies,Art,Becky Martin,32.064,6,0.2,6.8136
09-08-2014,Central,Office Supplies,Appliances,Becky Martin,177.98,5,0.8,-453.849
09-08-2014,Central,Technology,Phones,Becky Martin,143.976,3,0.2,8.9985
08-05-2014,West,Office Supplies,Paper,Chad Sievert,20.94,3,0,9.8418
08-05-2014,West,Office Supplies,Paper,Chad Sievert,110.96,2,0,53.2608
08-05-2014,West,Furniture,Chairs,Chad Sievert,340.144,7,0.2,21.259
9/14/2014,Central,Office Supplies,Appliances,Jennifer Braxton,52.448,2,0.8,-131.12
9/14/2014,Central,Office Supplies,Labels,Jennifer Braxton,20.16,4,0.2,6.552
4/21/2017,Central,Office Supplies,Appliances,Shirley Jackson,97.264,4,0.8,-243.16
11/21/2015,East,Furniture,Chairs,Joel Eaton,396.802,7,0.3,-11.3372
11/21/2015,East,Office Supplies,Supplies,Joel Eaton,15.88,5,0.2,-3.7715
12/15/2015,East,Office Supplies,Art,Jim Kriz,3.28,1,0,1.4104
12-05-2014,Central,Office Supplies,Storage,David Kendrick,24.816,2,0.2,1.8612
12-05-2014,Central,Technology,Accessories,David Kendrick,408.744,7,0.2,76.6395
11/19/2014,South,Technology,Phones,Robert Marley,503.96,4,0,131.0296
11/19/2014,South,Technology,Phones,Robert Marley,149.95,5,0,41.986
11/19/2014,South,Technology,Accessories,Robert Marley,29,2,0,7.25
11/28/2016,East,Office Supplies,Binders,Sally Knutson,7.16,2,0,3.4368
8/26/2014,West,Technology,Accessories,Frank Merwin,176.8,8,0,22.984
7/16/2016,Central,Office Supplies,Storage,Alice McCarthy,37.224,3,0.2,3.7224
7/16/2016,Central,Office Supplies,Paper,Alice McCarthy,20.016,3,0.2,6.255
10-12-2015,East,Furniture,Bookcases,Mark Packer,899.136,4,0.2,112.392
10-12-2015,East,Technology,Phones,Mark Packer,71.76,6,0,20.0928
10-12-2015,East,Office Supplies,Paper,Mark Packer,51.84,8,0,24.8832
10-12-2015,East,Furniture,Bookcases,Mark Packer,626.352,3,0.2,46.9764
10-12-2015,East,Office Supplies,Art,Mark Packer,19.9,5,0,6.567
10/31/2015,West,Office Supplies,Envelopes,Mary Zewe,14.28,7,0,6.7116
3/21/2014,East,Office Supplies,Art,Cassandra Brandow,7.408,2,0.2,1.2038
3/21/2014,East,Office Supplies,Art,Cassandra Brandow,6.048,3,0.2,1.5876
11-06-2017,East,Office Supplies,Storage,Valerie Mitchum,46.26,3,0,12.0276
07-06-2017,East,Office Supplies,Binders,Fred Hopkins,2.946,2,0.7,-2.2586
07-06-2017,East,Office Supplies,Paper,Fred Hopkins,16.056,3,0.2,5.8203
6/24/2017,East,Office Supplies,Paper,Maria Bertelson,21.744,3,0.2,6.795
08-03-2014,West,Furniture,Tables,Bruce Stewart,218.75,2,0.5,-161.875
08-03-2014,West,Office Supplies,Appliances,Bruce Stewart,2.6,1,0.2,0.2925
12/17/2017,Central,Office Supplies,Appliances,Logan Currie,66.284,2,0.8,-178.9668
06-03-2017,South,Furniture,Furnishings,Heather Kirkland,35.168,7,0.2,9.6712
12-09-2017,West,Technology,Phones,Laurel Elliston,444.768,4,0.2,44.4768
12-01-2017,Central,Office Supplies,Storage,Joseph Holt,83.92,4,0,5.8744
12-01-2017,Central,Technology,Phones,Joseph Holt,131.98,2,0,35.6346
12-01-2017,Central,Office Supplies,Binders,Joseph Holt,15.92,4,0,7.4824
12-01-2017,Central,Office Supplies,Fasteners,Joseph Holt,52.29,9,0,16.2099
12-01-2017,Central,Office Supplies,Storage,Joseph Holt,91.99,1,0,3.6796
02-09-2015,Central,Technology,Accessories,Michael Stewart,20.8,2,0.2,6.5
01-02-2015,East,Office Supplies,Labels,Victoria Wilson,23.68,2,0.2,8.88
01-02-2015,East,Furniture,Bookcases,Victoria Wilson,452.45,5,0.5,-244.323
01-02-2015,East,Technology,Phones,Victoria Wilson,62.982,3,0.4,-14.6958
01-02-2015,East,Technology,Machines,Victoria Wilson,1188,9,0.7,-950.4
01-02-2015,East,Technology,Accessories,Victoria Wilson,89.584,2,0.2,4.4792
10/28/2016,West,Office Supplies,Storage,Jonathan Howell,93.06,6,0,26.0568
10/28/2016,West,Technology,Phones,Jonathan Howell,302.376,3,0.2,22.6782
12/24/2015,East,Office Supplies,Fasteners,Joni Blumstein,5.584,2,0.2,1.8148
12/24/2015,East,Office Supplies,Paper,Joni Blumstein,22.704,6,0.2,8.2302
12/24/2015,East,Office Supplies,Binders,Joni Blumstein,19.776,4,0.7,-13.8432
12/24/2015,East,Furniture,Furnishings,Joni Blumstein,72.704,4,0.2,19.0848
12/24/2015,East,Technology,Machines,Joni Blumstein,479.988,4,0.7,-383.9904
12/24/2015,East,Office Supplies,Art,Joni Blumstein,27.168,2,0.2,2.7168
08-09-2015,Central,Office Supplies,Art,David Smith,2.2,1,0,0.968
08-09-2015,Central,Furniture,Tables,David Smith,622.45,5,0,136.939
08-09-2015,Central,Office Supplies,Storage,David Smith,21.98,1,0,0.2198
2/28/2015,South,Furniture,Chairs,Valerie Dominguez,161.568,2,0.2,-28.2744
2/28/2015,South,Furniture,Chairs,Valerie Dominguez,389.696,8,0.2,43.8408
9/13/2014,South,Office Supplies,Binders,Erin Ashbrook,18.648,7,0.7,-12.432
04-07-2017,South,Furniture,Tables,Christopher Schild,233.86,2,0.45,-102.048
04-07-2017,South,Furniture,Tables,Christopher Schild,620.6145,3,0.45,-248.2458
04-07-2017,South,Office Supplies,Binders,Christopher Schild,5.328,2,0.7,-3.552
04-07-2017,South,Furniture,Furnishings,Christopher Schild,258.072,3,0.2,0
04-07-2017,South,Technology,Accessories,Christopher Schild,617.976,3,0.2,-7.7247
11-12-2017,West,Office Supplies,Paper,David Bremer,10.56,2,0,4.752
06-04-2016,Central,Office Supplies,Paper,Ken Lonsdale,25.92,5,0.2,9.396
06-04-2016,Central,Furniture,Furnishings,Ken Lonsdale,419.68,5,0.6,-356.728
06-04-2016,Central,Furniture,Furnishings,Ken Lonsdale,11.688,3,0.6,-4.6752
06-04-2016,Central,Technology,Phones,Ken Lonsdale,31.984,2,0.2,11.1944
06-04-2016,Central,Furniture,Tables,Ken Lonsdale,177.225,5,0.5,-120.513
06-04-2016,Central,Furniture,Furnishings,Ken Lonsdale,4.044,3,0.6,-2.8308
06-04-2016,Central,Office Supplies,Art,Ken Lonsdale,7.408,2,0.2,1.2038
06-01-2014,Central,Furniture,Chairs,Dianna Wilson,2001.86,7,0,580.5394
06-01-2014,Central,Office Supplies,Storage,Dianna Wilson,166.72,2,0,41.68
06-01-2014,Central,Office Supplies,Paper,Dianna Wilson,47.88,6,0,23.94
06-01-2014,Central,Office Supplies,Appliances,Dianna Wilson,1503.25,5,0,496.0725
06-01-2014,Central,Office Supplies,Paper,Dianna Wilson,25.92,4,0,12.4416
12-10-2016,West,Furniture,Chairs,Logan Haushalter,321.568,2,0.2,28.1372
09-11-2016,West,Office Supplies,Paper,Kelly Collister,7.61,1,0,3.5767
09-11-2016,West,Technology,Accessories,Kelly Collister,3347.37,13,0,636.0003
12-10-2016,East,Office Supplies,Storage,Delfina Latchford,80.58,6,0,22.5624
12-10-2016,East,Office Supplies,Envelopes,Delfina Latchford,361.92,4,0,162.864
11/28/2015,Central,Furniture,Furnishings,Dan Reichenbach,12.132,9,0.6,-8.4924
11/28/2015,Central,Office Supplies,Storage,Dan Reichenbach,82.368,2,0.2,-19.5624
11/28/2015,Central,Office Supplies,Storage,Dan Reichenbach,53.92,5,0.2,4.044
11/28/2015,Central,Technology,Phones,Dan Reichenbach,647.904,6,0.2,56.6916
12-01-2017,East,Technology,Accessories,Craig Carreira,20.37,3,0,6.9258
12-01-2017,East,Office Supplies,Storage,Craig Carreira,221.55,3,0,6.6465
12-01-2017,East,Office Supplies,Binders,Craig Carreira,17.52,5,0.2,6.132
06-08-2017,Central,Office Supplies,Appliances,Dorris liebe,1.624,2,0.8,-4.466
9/19/2014,Central,Technology,Machines,Sean Braxton,3059.982,3,0.4,-509.997
9/19/2014,Central,Technology,Machines,Sean Braxton,2519.958,7,0.4,-251.9958
06-06-2016,Central,Technology,Phones,Roy Collins,328.224,4,0.2,28.7196
11-10-2015,West,Technology,Accessories,Alan Hwang,79.9,2,0,35.156
6/16/2017,South,Office Supplies,Art,Claudia Bergmann,14.016,3,0.2,4.7304
1/22/2016,East,Office Supplies,Fasteners,Paul Gonzalez,7.56,6,0,0.3024
12-09-2017,East,Office Supplies,Storage,Christine Abelman,37.208,1,0.2,-7.4416
12-09-2017,East,Office Supplies,Envelopes,Christine Abelman,57.576,3,0.2,21.591
12/28/2017,West,Office Supplies,Storage,Kristen Hastings,725.84,4,0,210.4936
7/30/2015,West,Technology,Accessories,Helen Andreada,209.93,7,0,92.3692
7/30/2015,West,Furniture,Furnishings,Helen Andreada,5.28,3,0,2.3232
7/30/2015,West,Office Supplies,Binders,Helen Andreada,10.92,3,0.2,4.095
9/16/2017,West,Office Supplies,Paper,Barry Blumstein,8.82,2,0,4.0572
9/16/2017,West,Office Supplies,Art,Barry Blumstein,5.98,1,0,1.5548
10/13/2017,East,Office Supplies,Paper,Andrew Gjertsen,11.648,2,0.2,4.0768
10/13/2017,East,Office Supplies,Paper,Andrew Gjertsen,18.176,4,0.2,5.9072
10/13/2017,East,Office Supplies,Storage,Andrew Gjertsen,59.712,6,0.2,5.9712
10/13/2017,East,Office Supplies,Labels,Andrew Gjertsen,24.84,3,0.2,8.694
9/26/2015,Central,Office Supplies,Binders,Steven Cartwright,2.08,5,0.8,-3.432
9/26/2015,Central,Technology,Phones,Steven Cartwright,1114.4,7,0.2,376.11
11-02-2015,West,Furniture,Tables,Jas O'Carroll,1038.84,5,0.2,51.942
9/26/2015,West,Office Supplies,Paper,Tracy Blumstein,141.76,5,0.2,47.844
9/26/2015,West,Technology,Accessories,Tracy Blumstein,239.8,5,0.2,47.96
9/26/2015,West,Office Supplies,Paper,Tracy Blumstein,31.104,6,0.2,10.8864
12/18/2016,South,Office Supplies,Binders,Alan Haines,254.058,7,0.7,-169.372
12/18/2016,South,Office Supplies,Appliances,Alan Haines,194.528,2,0.2,24.316
12/18/2016,South,Office Supplies,Supplies,Alan Haines,961.48,5,0.2,-204.3145
11/20/2016,East,Office Supplies,Fasteners,Nick Zandusky,19.096,7,0.2,6.6836
11/20/2016,East,Office Supplies,Labels,Nick Zandusky,18.496,8,0.2,6.2424
11/20/2016,East,Technology,Accessories,Nick Zandusky,255.984,2,0.2,54.3966
11/20/2016,East,Furniture,Bookcases,Nick Zandusky,86.97,3,0.5,-48.7032
12/26/2014,West,Furniture,Furnishings,Kelly Lampkin,300.416,8,0.2,78.8592
12/26/2014,West,Furniture,Chairs,Kelly Lampkin,230.352,3,0.2,20.1558
12/26/2014,West,Furniture,Furnishings,Kelly Lampkin,218.352,3,0.2,-24.5646
12/26/2014,West,Office Supplies,Binders,Kelly Lampkin,78.6,5,0.7,-62.88
12/26/2014,West,Office Supplies,Fasteners,Kelly Lampkin,27.552,3,0.2,9.2988
10/28/2016,East,Office Supplies,Paper,Jonathan Doherty,32.4,5,0,15.552
10/28/2016,East,Office Supplies,Storage,Jonathan Doherty,1082.48,8,0,10.8248
10/28/2016,East,Office Supplies,Paper,Jonathan Doherty,56.91,3,0,27.3168
10/28/2016,East,Furniture,Furnishings,Jonathan Doherty,77.6,4,0,38.024
10/28/2016,East,Office Supplies,Binders,Jonathan Doherty,14.28,1,0,6.5688
11/19/2017,Central,Furniture,Tables,Jonathan Howell,219.075,3,0.5,-131.445
05-04-2015,East,Furniture,Furnishings,Alan Schoenberger,26.8,2,0,12.864
12/30/2014,Central,Office Supplies,Art,Ken Brennan,9.84,3,0,2.8536
06-01-2014,East,Office Supplies,Binders,Corey Roper,45.48,3,0,20.9208
06-01-2014,East,Office Supplies,Art,Corey Roper,289.2,6,0,83.868
4/15/2017,South,Office Supplies,Art,Shahid Hopkins,4.89,1,0,2.0049
09-12-2016,West,Furniture,Furnishings,Ben Peterman,15.136,4,0.2,3.5948
09-12-2016,West,Furniture,Chairs,Ben Peterman,466.768,2,0.2,52.5114
09-12-2016,West,Furniture,Furnishings,Ben Peterman,15.232,1,0.2,1.7136
09-12-2016,West,Office Supplies,Labels,Ben Peterman,6.264,3,0.2,2.0358
9/27/2014,East,Furniture,Furnishings,Thomas Seio,87.54,3,0,37.6422
08-09-2014,South,Technology,Phones,Andy Gerbode,178.384,2,0.2,22.298
08-09-2014,South,Office Supplies,Paper,Andy Gerbode,15.552,3,0.2,5.4432
12/28/2014,East,Office Supplies,Art,Sung Pak,99.136,4,0.2,8.6744
11-04-2014,East,Furniture,Chairs,Nathan Mautz,135.882,1,0.1,24.1568
11-04-2014,East,Technology,Machines,Nathan Mautz,3991.98,2,0,1995.99
11-04-2014,East,Technology,Phones,Nathan Mautz,275.94,6,0,80.0226
11-04-2014,East,Technology,Accessories,Nathan Mautz,360,4,0,129.6
11-04-2014,East,Office Supplies,Storage,Nathan Mautz,43.57,1,0,13.071
9/19/2014,West,Office Supplies,Fasteners,Frank Atkinson,7.16,2,0,3.58
4/23/2016,West,Office Supplies,Binders,Grace Kelly,251.52,6,0.2,81.744
4/23/2016,West,Technology,Accessories,Grace Kelly,99.99,1,0,34.9965
11-03-2017,South,Furniture,Furnishings,Don Jones,15.992,1,0.2,0.9995
8/30/2016,East,Technology,Phones,Patrick O'Brill,290.898,3,0.4,-67.8762
8/30/2016,East,Office Supplies,Storage,Patrick O'Brill,54.224,2,0.2,3.389
8/30/2016,East,Furniture,Chairs,Patrick O'Brill,786.744,4,0.3,-258.5016
8/30/2016,East,Office Supplies,Labels,Patrick O'Brill,100.24,10,0.2,33.831
8/30/2016,East,Office Supplies,Binders,Patrick O'Brill,37.764,6,0.7,-27.6936
4/25/2016,East,Technology,Phones,John Lucas,82.8,2,0.4,-20.7
4/25/2016,East,Office Supplies,Binders,John Lucas,20.724,2,0.7,-13.816
4/25/2016,East,Office Supplies,Binders,John Lucas,4.896,3,0.7,-3.4272
09-01-2015,West,Office Supplies,Binders,Doug Bickford,4.752,1,0.2,1.6038
09-01-2015,West,Technology,Copiers,Doug Bickford,959.984,2,0.2,335.9944
09-01-2015,West,Office Supplies,Binders,Doug Bickford,14.368,4,0.2,4.49
07-12-2014,West,Office Supplies,Binders,Alyssa Crouse,7.712,2,0.2,2.7956
07-12-2014,West,Furniture,Tables,Alyssa Crouse,698.352,3,0.2,-17.4588
6/22/2015,West,Office Supplies,Fasteners,Ken Lonsdale,4.96,4,0,2.3312
4/13/2014,East,Office Supplies,Art,Jonathan Doherty,17.856,4,0.2,1.116
4/13/2014,East,Office Supplies,Binders,Jonathan Doherty,509.97,10,0.7,-407.976
4/13/2014,East,Office Supplies,Fasteners,Jonathan Doherty,30.992,13,0.2,10.0724
4/13/2014,East,Technology,Phones,Jonathan Doherty,71.928,12,0.4,8.3916
12/20/2015,Central,Office Supplies,Storage,Chad Sievert,88.8,4,0.2,-2.22
6/15/2017,West,Technology,Phones,Clay Cheatham,47.976,3,0.2,4.7976
07-08-2017,East,Office Supplies,Art,Tamara Dahlen,7.56,3,0,3.0996
07-08-2017,East,Office Supplies,Paper,Tamara Dahlen,24.56,2,0,11.5432
07-08-2017,East,Office Supplies,Art,Tamara Dahlen,12.96,2,0,4.1472
09-01-2016,East,Technology,Accessories,Adam Bellavance,6.79,1,0,2.3086
09-01-2016,East,Office Supplies,Paper,Adam Bellavance,24.56,2,0,11.5432
09-01-2016,East,Office Supplies,Binders,Adam Bellavance,3.048,1,0.2,1.0668
09-01-2016,East,Office Supplies,Paper,Adam Bellavance,49.12,4,0,23.0864
09-01-2016,East,Office Supplies,Binders,Adam Bellavance,4355.168,4,0.2,1415.4296
04-08-2016,East,Furniture,Bookcases,Jeremy Lonsdale,388.704,6,0.2,-4.8588
04-08-2016,East,Office Supplies,Envelopes,Jeremy Lonsdale,8.26,2,0,3.7996
04-08-2016,East,Office Supplies,Art,Jeremy Lonsdale,17.04,4,0,6.9864
04-08-2016,East,Office Supplies,Paper,Jeremy Lonsdale,34.4,5,0,15.824
4/23/2016,South,Office Supplies,Paper,Heather Kirkland,36.24,5,0.2,11.325
03-08-2017,South,Office Supplies,Appliances,Victoria Brennan,647.84,8,0,168.4384
03-08-2017,South,Office Supplies,Labels,Victoria Brennan,20.7,2,0,9.936
9/25/2017,East,Office Supplies,Labels,Katrina Willman,20.7,2,0,9.936
9/25/2017,East,Furniture,Chairs,Katrina Willman,488.646,3,0.1,86.8704
9/25/2017,East,Office Supplies,Art,Katrina Willman,5.56,2,0,1.4456
9/25/2017,East,Furniture,Furnishings,Katrina Willman,47.12,8,0,20.7328
9/24/2014,West,Office Supplies,Storage,Julia Dunbar,211.96,4,0,8.4784
10/21/2016,East,Office Supplies,Binders,Michael Kennedy,23.2,4,0,10.44
10/21/2016,East,Office Supplies,Supplies,Michael Kennedy,7.36,2,0,0.1472
10/21/2016,East,Office Supplies,Storage,Michael Kennedy,104.79,7,0,29.3412
10/21/2016,East,Furniture,Bookcases,Michael Kennedy,1043.92,4,0,271.4192
5/29/2017,Central,Office Supplies,Paper,Guy Thornton,25.92,5,0.2,9.396
5/29/2017,Central,Office Supplies,Storage,Guy Thornton,53.424,3,0.2,4.6746
7/23/2014,West,Office Supplies,Binders,Arthur Gainer,8.16,5,0.7,-5.712
7/23/2014,West,Technology,Accessories,Arthur Gainer,1023.936,8,0.2,179.1888
7/23/2014,West,Office Supplies,Art,Arthur Gainer,9.24,1,0.2,0.924
7/23/2014,West,Technology,Accessories,Arthur Gainer,479.04,10,0.2,-29.94
9/28/2016,Central,Office Supplies,Paper,Muhammed MacIntyre,99.136,4,0.2,30.98
8/27/2017,East,Furniture,Tables,Allen Rosenblatt,1488.424,7,0.3,-297.6848
4/28/2015,Central,Office Supplies,Appliances,Russell Applegate,8.652,3,0.8,-20.3322
4/28/2015,Central,Office Supplies,Storage,Russell Applegate,23.832,3,0.2,2.6811
4/28/2015,Central,Office Supplies,Binders,Russell Applegate,12.176,4,0.8,-18.8728
10/28/2016,West,Office Supplies,Paper,Alejandro Savely,50.96,7,0,25.48
10/28/2016,West,Office Supplies,Binders,Alejandro Savely,49.536,3,0.2,17.3376
6/26/2015,Central,Technology,Accessories,Laura Armstrong,41.9,2,0,8.799
11/27/2015,South,Furniture,Tables,Denny Ordway,375.4575,3,0.45,-157.0095
11/27/2015,South,Technology,Accessories,Denny Ordway,83.976,3,0.2,-1.0497
12-03-2015,East,Technology,Machines,Dean Katz,482.34,4,0.7,-337.638
12-03-2015,East,Furniture,Furnishings,Dean Katz,2.96,1,0.2,0.777
11/24/2014,East,Office Supplies,Art,Nathan Gelder,2.624,1,0.2,0.4264
12-11-2017,East,Office Supplies,Binders,Mike Vittorini,23.36,4,0.2,7.884
12-11-2017,East,Technology,Accessories,Mike Vittorini,39.98,2,0,13.5932
9/21/2014,West,Technology,Phones,Jack Garza,246.384,2,0.2,27.7182
9/21/2014,West,Technology,Copiers,Jack Garza,1799.97,3,0,701.9883
06-07-2014,Central,Office Supplies,Binders,Bart Pistole,12.462,3,0.8,-20.5623
6/30/2017,West,Office Supplies,Binders,Victor Preis,75.792,3,0.2,25.5798
10/17/2017,East,Office Supplies,Storage,Saphhira Shifley,49.96,2,0,9.4924
10/17/2017,East,Office Supplies,Paper,Saphhira Shifley,12.96,2,0,6.2208
10/31/2015,Central,Office Supplies,Supplies,Harold Pawlan,70.12,4,0,21.036
09-08-2016,Central,Office Supplies,Storage,Anna Gayman,35.952,3,0.2,3.5952
09-08-2016,Central,Furniture,Bookcases,Anna Gayman,2396.2656,4,0.32,-317.1528
09-08-2016,Central,Office Supplies,Storage,Anna Gayman,131.136,4,0.2,-32.784
09-08-2016,Central,Technology,Accessories,Anna Gayman,57.584,2,0.2,0.7198
12/24/2014,South,Office Supplies,Paper,Luke Foster,9.568,2,0.2,3.4684
4/16/2014,South,Office Supplies,Art,Stephanie Phelps,39.072,6,0.2,9.768
12/24/2017,East,Office Supplies,Appliances,Roy Französisch,35.91,3,0,9.6957
12-08-2017,West,Technology,Accessories,Keith Herrera,179.95,5,0,37.7895
12-08-2017,West,Technology,Copiers,Keith Herrera,1199.976,3,0.2,434.9913
12-08-2017,West,Office Supplies,Paper,Keith Herrera,27.15,5,0,13.3035
12-08-2017,West,Furniture,Tables,Keith Herrera,1004.024,7,0.2,-112.9527
12-08-2017,West,Office Supplies,Paper,Keith Herrera,9.68,1,0,4.6464
12-08-2017,West,Office Supplies,Labels,Keith Herrera,28.35,9,0,13.608
12-08-2017,West,Office Supplies,Paper,Keith Herrera,55.98,1,0,27.4302
12-08-2017,West,Furniture,Bookcases,Keith Herrera,1336.829,13,0.15,31.4548
12-08-2017,West,Furniture,Chairs,Keith Herrera,113.568,2,0.2,-18.4548
11-03-2017,West,Office Supplies,Paper,Kimberly Carter,139.86,7,0,65.7342
11-03-2017,West,Furniture,Chairs,Kimberly Carter,307.136,4,0.2,26.8744
6/24/2017,West,Office Supplies,Art,Caroline Jumper,95.92,8,0,25.8984
4/14/2016,West,Furniture,Chairs,Philip Brown,383.8,5,0.2,38.38
11-06-2017,South,Office Supplies,Paper,Victoria Brennan,5.78,1,0,2.8322
03-04-2017,West,Office Supplies,Art,Sung Pak,9.32,4,0,2.7028
03-04-2017,West,Office Supplies,Envelopes,Sung Pak,15.25,1,0,7.015
6/22/2014,West,Technology,Accessories,Joel Eaton,196.752,6,0.2,56.5662
10/19/2017,East,Furniture,Furnishings,Michael Paige,56.56,4,0,14.7056
10/19/2017,East,Office Supplies,Storage,Michael Paige,32.7,3,0,8.502
8/21/2017,South,Furniture,Chairs,Natalie Fritzler,866.4,4,0,225.264
11/23/2017,Central,Furniture,Furnishings,Janet Molinari,28.4,2,0,11.076
11/23/2017,Central,Office Supplies,Binders,Janet Molinari,287.92,8,0,138.2016
09-12-2014,East,Technology,Machines,Shirley Daniels,69.99,1,0,30.0957
10-01-2017,Central,Office Supplies,Art,Ken Heidel,6.672,6,0.2,0.5004
4/15/2016,South,Office Supplies,Binders,Ross Baird,189.588,2,0.7,-145.3508
4/15/2016,South,Technology,Accessories,Ross Baird,408.744,7,0.2,76.6395
4/15/2016,South,Technology,Accessories,Ross Baird,291.96,5,0.2,54.7425
4/15/2016,South,Office Supplies,Storage,Ross Baird,4.768,2,0.2,-0.7748
06-06-2016,East,Office Supplies,Storage,Dave Brooks,714.3,5,0,207.147
12/19/2014,South,Office Supplies,Binders,Mike Kennedy,4.812,2,0.7,-3.6892
12/19/2014,South,Technology,Accessories,Mike Kennedy,247.8,5,0.2,-18.585
06-12-2016,Central,Technology,Machines,Philisse Overcash,1007.979,3,0.3,43.1991
06-12-2016,Central,Office Supplies,Paper,Philisse Overcash,313.488,7,0.2,113.6394
9/15/2017,Central,Office Supplies,Paper,Brenda Bowman,31.872,8,0.2,11.5536
1/20/2017,East,Furniture,Chairs,Cynthia Voltz,207.846,3,0.1,2.3094
09-05-2016,Central,Furniture,Furnishings,Pete Kriz,12.22,1,0,3.666
09-05-2016,Central,Office Supplies,Storage,Pete Kriz,194.94,3,0,23.3928
09-05-2016,Central,Office Supplies,Storage,Pete Kriz,70.95,3,0,20.5755
09-05-2016,Central,Office Supplies,Paper,Pete Kriz,91.36,4,0,42.0256
09-05-2016,Central,Furniture,Chairs,Pete Kriz,242.94,3,0,29.1528
09-05-2016,Central,Office Supplies,Labels,Pete Kriz,22.05,7,0,10.584
3/20/2017,Central,Furniture,Furnishings,Troy Blackwell,2.91,1,0,1.3677
04-01-2016,East,Office Supplies,Art,Raymond Buch,59.52,3,0,15.4752
04-01-2016,East,Office Supplies,Storage,Raymond Buch,161.94,3,0,9.7164
04-01-2016,East,Office Supplies,Art,Raymond Buch,263.88,6,0,71.2476
04-01-2016,East,Office Supplies,Art,Raymond Buch,30.48,3,0,7.9248
04-01-2016,East,Office Supplies,Art,Raymond Buch,9.84,3,0,2.8536
04-01-2016,East,Technology,Phones,Raymond Buch,35.12,4,0,9.1312
10/20/2017,East,Furniture,Tables,Ed Braxton,284.364,2,0.4,-75.8304
10/20/2017,East,Office Supplies,Storage,Ed Braxton,665.408,2,0.2,66.5408
12/13/2016,Central,Technology,Accessories,Ken Heidel,63.88,4,0,24.9132
02-12-2014,West,Furniture,Chairs,Sanjit Chand,129.568,2,0.2,-24.294
9/26/2016,Central,Furniture,Chairs,Natalie Fritzler,747.558,3,0.3,-96.1146
9/26/2016,Central,Office Supplies,Envelopes,Natalie Fritzler,8.928,2,0.2,3.348
12/15/2015,West,Office Supplies,Appliances,Joseph Holt,103.92,4,0,36.372
12/15/2015,West,Technology,Accessories,Joseph Holt,899.91,9,0,377.9622
12/15/2015,West,Office Supplies,Binders,Joseph Holt,51.312,3,0.2,18.6006
4/22/2016,West,Furniture,Furnishings,Tanja Norvell,23.56,5,0.2,7.068
4/22/2016,West,Furniture,Tables,Tanja Norvell,1272.63,6,0.5,-814.4832
4/22/2016,West,Office Supplies,Binders,Tanja Norvell,28.485,5,0.7,-20.889
4/22/2016,West,Office Supplies,Supplies,Tanja Norvell,185.376,2,0.2,-34.758
4/22/2016,West,Office Supplies,Appliances,Tanja Norvell,78.272,2,0.2,5.8704
1/17/2015,Central,Furniture,Furnishings,Joni Sundaresam,254.744,7,0.6,-312.0614
3/31/2017,Central,Furniture,Bookcases,David Smith,205.3328,2,0.32,-36.2352
12/16/2016,Central,Office Supplies,Binders,Craig Carreira,4.788,3,0.8,-7.9002
12/20/2015,East,Office Supplies,Paper,Maya Herman,55.48,1,0,26.6304
11-09-2014,West,Office Supplies,Storage,Jeremy Pistek,340.92,3,0,3.4092
11-09-2014,West,Furniture,Bookcases,Jeremy Pistek,222.666,2,0.15,10.4784
11-09-2014,West,Technology,Phones,Jeremy Pistek,703.968,4,0.2,87.996
11-09-2014,West,Office Supplies,Storage,Jeremy Pistek,92.52,6,0,24.9804
11-09-2014,West,Office Supplies,Paper,Jeremy Pistek,62.65,7,0,28.819
11-09-2014,West,Office Supplies,Paper,Jeremy Pistek,94.85,5,0,45.528
07-12-2016,West,Technology,Phones,Kristen Hastings,95.76,6,0.2,7.182
10/27/2016,East,Furniture,Furnishings,Jeremy Ellison,40.2,3,0,19.296
6/26/2016,East,Office Supplies,Art,John Grady,14.7,5,0,6.615
6/26/2016,East,Office Supplies,Storage,John Grady,704.25,5,0,84.51
10-06-2014,West,Technology,Accessories,Xylona Preis,9.09,3,0,1.9089
7/22/2014,East,Office Supplies,Art,Erin Mull,5.96,2,0,1.6688
7/22/2014,East,Technology,Accessories,Erin Mull,159.98,2,0,57.5928
06-10-2017,West,Office Supplies,Labels,Michelle Tran,29.6,2,0,14.8
06-10-2017,West,Furniture,Bookcases,Michelle Tran,514.165,5,0.15,-30.245
06-10-2017,West,Technology,Phones,Michelle Tran,279.96,5,0.2,17.4975
10/29/2014,Central,Technology,Phones,Sue Ann Reed,2735.952,6,0.2,341.994
06-09-2014,Central,Technology,Phones,Carl Weiss,7.992,1,0.2,0.5994
06-09-2014,Central,Technology,Accessories,Carl Weiss,63.984,2,0.2,10.3974
06-09-2014,Central,Office Supplies,Art,Carl Weiss,70.368,2,0.2,6.1572
9/14/2014,East,Office Supplies,Storage,Astrea Jones,449.15,5,0,8.983
9/14/2014,East,Office Supplies,Envelopes,Astrea Jones,11.07,3,0,5.0922
05-09-2016,West,Technology,Accessories,Sonia Sunley,93.98,2,0,13.1572
3/18/2016,South,Furniture,Tables,Rose O'Brian,189.882,3,0.4,-94.941
12/27/2015,South,Office Supplies,Envelopes,Maribeth Dona,105.42,2,0,51.6558
7/25/2016,West,Office Supplies,Binders,Sanjit Chand,119.616,8,0.2,40.3704
7/25/2016,West,Furniture,Furnishings,Sanjit Chand,255.76,4,0,81.8432
7/25/2016,West,Furniture,Chairs,Sanjit Chand,241.568,2,0.2,18.1176
7/25/2016,West,Furniture,Furnishings,Sanjit Chand,69.3,9,0,22.869
5/30/2016,West,Office Supplies,Binders,Maribeth Yedwab,22.62,2,0.7,-15.08
5/30/2016,West,Office Supplies,Binders,Maribeth Yedwab,14.952,2,0.7,-11.9616
5/30/2016,West,Furniture,Chairs,Maribeth Yedwab,801.568,2,0.2,50.098
5/30/2016,West,Office Supplies,Binders,Maribeth Yedwab,2.376,3,0.7,-1.9008
5/30/2016,West,Office Supplies,Paper,Maribeth Yedwab,32.792,1,0.2,11.8871
11-12-2017,East,Office Supplies,Binders,Ed Braxton,15.92,5,0.2,5.373
3/16/2015,South,Office Supplies,Art,Christopher Martinez,2.74,1,0,0.7398
3/16/2015,South,Office Supplies,Art,Christopher Martinez,8.34,3,0,2.1684
3/16/2015,South,Office Supplies,Storage,Christopher Martinez,46.74,3,0,11.685
3/16/2015,South,Office Supplies,Binders,Christopher Martinez,6354.95,5,0,3177.475
11/26/2017,Central,Furniture,Furnishings,Lynn Smith,126.3,3,0,40.416
11/26/2017,Central,Technology,Accessories,Lynn Smith,38.04,2,0,12.1728
10/20/2016,East,Office Supplies,Art,Luke Foster,7.152,3,0.2,0.7152
12/21/2017,West,Office Supplies,Art,Bradley Nguyen,6.63,3,0,1.7901
12/21/2017,West,Office Supplies,Art,Bradley Nguyen,5.88,2,0,1.7052
1/22/2017,West,Technology,Copiers,Alan Dominguez,2999.95,5,0,1379.977
1/22/2017,West,Office Supplies,Storage,Alan Dominguez,51.45,3,0,13.8915
1/22/2017,West,Office Supplies,Paper,Alan Dominguez,11.96,2,0,5.382
1/22/2017,West,Office Supplies,Storage,Alan Dominguez,1126.02,3,0,56.301
3/22/2015,Central,Technology,Accessories,Dean Braden,18.392,1,0.2,5.2877
3/22/2015,Central,Office Supplies,Storage,Dean Braden,129.568,2,0.2,-25.9136
3/22/2015,Central,Office Supplies,Binders,Dean Braden,14.112,9,0.8,-21.168
1/23/2017,Central,Furniture,Tables,Matt Connell,210.98,2,0,21.098
5/21/2016,West,Technology,Phones,Logan Haushalter,55.176,3,0.2,-12.4146
5/21/2016,West,Technology,Accessories,Logan Haushalter,66.26,2,0,27.1666
12/26/2015,East,Office Supplies,Fasteners,Brian Dahlen,22.2,5,0,10.434
10/21/2017,South,Furniture,Chairs,Patricia Hirasaki,683.952,3,0.2,42.747
10/21/2017,South,Furniture,Furnishings,Patricia Hirasaki,45.696,3,0.2,5.1408
09-03-2015,East,Office Supplies,Storage,Mike Gockenbach,36.336,3,0.2,-7.2672
09-03-2015,East,Office Supplies,Supplies,Mike Gockenbach,666.248,1,0.2,-149.9058
09-03-2015,East,Office Supplies,Envelopes,Mike Gockenbach,52.512,6,0.2,19.692
11-07-2015,West,Furniture,Chairs,Karen Bern,190.72,1,0.2,11.92
09-07-2017,West,Furniture,Furnishings,Jasper Cacioppo,47.94,3,0,2.397
5/29/2016,South,Technology,Phones,Rob Lucas,979.95,5,0,274.386
5/29/2016,South,Office Supplies,Binders,Rob Lucas,22.75,5,0,11.375
07-10-2016,West,Office Supplies,Storage,Allen Armold,16.768,2,0.2,1.4672
09-03-2017,Central,Office Supplies,Binders,Emily Phan,42.616,7,0.8,-68.1856
12-03-2015,East,Office Supplies,Binders,Mark Packer,10.752,4,0.2,3.36
12-07-2015,South,Office Supplies,Appliances,Darren Koutras,152.94,3,0,41.2938
12-07-2015,South,Furniture,Chairs,Darren Koutras,283.92,4,0,70.98
02-01-2014,Central,Technology,Accessories,Bradley Drucker,468.9,6,0,206.316
7/14/2016,West,Technology,Phones,Erin Smith,380.864,8,0.2,38.0864
12/18/2015,East,Office Supplies,Storage,Liz MacKendrick,646.776,9,0.2,-145.5246
05-11-2014,Central,Technology,Accessories,Paul Gonzalez,58.112,2,0.2,7.264
05-11-2014,Central,Technology,Phones,Paul Gonzalez,100.792,1,0.2,6.2995
05-11-2014,Central,Furniture,Furnishings,Paul Gonzalez,66.112,4,0.6,-84.2928
11/19/2017,East,Office Supplies,Binders,Adrian Shami,41.28,6,0.2,13.932
11/19/2017,East,Office Supplies,Paper,Adrian Shami,13.36,2,0,6.4128
11/15/2015,Central,Office Supplies,Storage,Dean Katz,250.272,9,0.2,15.642
11/15/2015,Central,Office Supplies,Binders,Dean Katz,11.364,3,0.8,-17.046
11/15/2015,Central,Office Supplies,Supplies,Dean Katz,8.72,5,0.2,-1.744
4/15/2016,West,Furniture,Chairs,Bill Donatelli,1121.568,2,0.2,0
09-11-2017,South,Furniture,Furnishings,Ryan Crowe,34.504,1,0.2,6.0382
11/24/2017,Central,Office Supplies,Fasteners,Greg Tran,10.824,3,0.2,2.5707
6/29/2017,West,Office Supplies,Storage,Dean Katz,1295.78,2,0,310.9872
03-03-2014,South,Office Supplies,Art,Ashley Jarboe,19.456,4,0.2,3.4048
06-10-2016,West,Office Supplies,Labels,Olvera Toch,20.7,2,0,9.936
06-10-2016,West,Furniture,Tables,Olvera Toch,1335.68,4,0.2,-217.048
06-10-2016,West,Office Supplies,Paper,Olvera Toch,32.4,5,0,15.552
11/20/2017,West,Furniture,Furnishings,Liz Pelletier,42.6,3,0,16.614
11/20/2017,West,Office Supplies,Binders,Liz Pelletier,84.056,7,0.2,27.3182
9/14/2014,South,Office Supplies,Appliances,Cynthia Arntzen,13,5,0.2,1.3
9/14/2014,South,Furniture,Furnishings,Cynthia Arntzen,13.128,3,0.2,3.7743
12-07-2015,West,Office Supplies,Fasteners,Jeremy Farry,3.96,2,0,0
12-07-2015,West,Office Supplies,Labels,Jeremy Farry,2.61,1,0,1.2006
12-07-2017,West,Technology,Phones,Frank Preis,374.376,3,0.2,46.797
10-01-2017,West,Office Supplies,Paper,Ellis Ballard,91.84,8,0,45.0016
10-01-2017,West,Office Supplies,Binders,Ellis Ballard,81.088,7,0.2,27.3672
10-01-2017,West,Office Supplies,Paper,Ellis Ballard,19.44,3,0,9.3312
10-01-2017,West,Furniture,Chairs,Ellis Ballard,451.152,3,0.2,0
12/28/2017,East,Office Supplies,Labels,Jennifer Ferguson,72.45,7,0,34.776
12/28/2017,East,Office Supplies,Fasteners,Jennifer Ferguson,13.96,4,0,6.4216
12/28/2017,East,Office Supplies,Binders,Jennifer Ferguson,33.264,7,0.2,11.2266
12/28/2017,East,Technology,Phones,Jennifer Ferguson,14.85,3,0,4.0095
11-03-2016,West,Office Supplies,Art,Sarah Foster,8.82,3,0,2.3814
9/18/2015,West,Office Supplies,Paper,Trudy Glocke,160.72,14,0,78.7528
9/18/2015,West,Office Supplies,Paper,Trudy Glocke,19.92,4,0,9.7608
9/18/2015,West,Office Supplies,Supplies,Trudy Glocke,7.3,2,0,2.19
7/20/2017,Central,Office Supplies,Storage,Carlos Soltero,69.712,2,0.2,8.714
7/20/2017,Central,Furniture,Furnishings,Carlos Soltero,8.792,1,0.6,-5.7148
09-10-2015,West,Office Supplies,Supplies,Charles Crestani,51.52,4,0,1.5456
12-01-2017,West,Technology,Phones,Dianna Vittorini,470.376,3,0.2,52.9173
12-01-2017,West,Technology,Phones,Dianna Vittorini,105.584,2,0.2,9.2386
12-01-2017,West,Office Supplies,Appliances,Dianna Vittorini,31.152,3,0.2,3.5046
12-01-2017,West,Office Supplies,Binders,Dianna Vittorini,6.783,7,0.7,-4.7481
12-01-2017,West,Technology,Phones,Dianna Vittorini,406.368,4,0.2,30.4776
07-03-2015,South,Furniture,Chairs,Bruce Degenhardt,70.98,1,0,4.9686
07-03-2015,South,Office Supplies,Labels,Bruce Degenhardt,294.93,3,0,144.5157
3/20/2016,West,Technology,Phones,Zuschuss Carroll,84.784,2,0.2,-20.1362
3/20/2016,West,Office Supplies,Paper,Zuschuss Carroll,20.736,4,0.2,7.2576
3/20/2016,West,Office Supplies,Binders,Zuschuss Carroll,16.821,3,0.7,-12.8961
3/20/2016,West,Office Supplies,Paper,Zuschuss Carroll,10.368,2,0.2,3.6288
01-09-2014,Central,Office Supplies,Art,Melanie Seite,9.344,2,0.2,1.168
01-09-2014,Central,Technology,Accessories,Melanie Seite,31.2,3,0.2,9.75
08-08-2014,West,Office Supplies,Appliances,Lena Radford,76.12,2,0,22.0748
08-08-2014,West,Technology,Copiers,Lena Radford,1199.976,3,0.2,434.9913
08-08-2014,West,Technology,Phones,Lena Radford,445.96,5,0.2,55.745
08-08-2014,West,Furniture,Furnishings,Lena Radford,327.76,8,0,91.7728
7/14/2016,East,Office Supplies,Supplies,Theone Pippenger,11.632,2,0.2,1.0178
7/16/2016,East,Technology,Phones,Chloris Kastensmidt,143.982,3,0.4,-28.7964
7/16/2016,East,Technology,Phones,Chloris Kastensmidt,494.376,4,0.4,-115.3544
7/16/2016,East,Office Supplies,Supplies,Chloris Kastensmidt,5.84,2,0.2,0.73
3/15/2014,South,Office Supplies,Storage,Alan Shonely,142.776,1,0.2,17.847
3/15/2014,South,Furniture,Furnishings,Alan Shonely,45.696,3,0.2,5.1408
3/15/2014,South,Office Supplies,Binders,Alan Shonely,7.218,3,0.7,-5.5338
3/15/2014,South,Office Supplies,Binders,Alan Shonely,43.188,4,0.7,-31.6712
3/15/2014,South,Office Supplies,Paper,Alan Shonely,131.904,3,0.2,47.8152
5/23/2014,East,Office Supplies,Binders,Andrew Roberts,3.282,2,0.7,-2.6256
5/23/2014,East,Office Supplies,Art,Andrew Roberts,21.168,9,0.2,2.3814
5/23/2014,East,Technology,Phones,Andrew Roberts,55.188,2,0.4,-10.1178
4/28/2016,Central,Technology,Phones,Nona Balk,369.576,3,0.2,41.5773
4/28/2016,Central,Office Supplies,Labels,Nona Balk,15.712,4,0.2,5.6956
09-11-2016,East,Office Supplies,Paper,Giulietta Dortch,8.448,2,0.2,2.64
09-11-2016,East,Technology,Phones,Giulietta Dortch,728.946,9,0.4,-157.9383
11/14/2017,East,Technology,Phones,Clytie Kelty,119.94,10,0.4,15.992
11/14/2017,East,Office Supplies,Binders,Clytie Kelty,3.648,2,0.7,-2.7968
8/18/2017,East,Furniture,Furnishings,Nat Gilpin,40.48,2,0,15.7872
8/18/2017,East,Furniture,Furnishings,Nat Gilpin,9.94,2,0,3.0814
8/18/2017,East,Office Supplies,Binders,Nat Gilpin,107.424,9,0.2,33.57
8/18/2017,East,Technology,Phones,Nat Gilpin,37.91,1,0,10.9939
8/18/2017,East,Furniture,Furnishings,Nat Gilpin,88.02,3,0,27.2862
12/26/2014,Central,Office Supplies,Binders,Christina Anderson,8.69,5,0.8,-14.773
11/29/2015,Central,Furniture,Chairs,Sylvia Foulston,301.96,2,0,87.5684
11/29/2015,Central,Office Supplies,Appliances,Sylvia Foulston,555.21,5,0.1,178.901
11/29/2015,Central,Office Supplies,Storage,Sylvia Foulston,523.48,4,0,130.87
11/29/2015,Central,Office Supplies,Art,Sylvia Foulston,161.82,9,0,46.9278
9/15/2017,East,Furniture,Furnishings,Meg O'Connel,35.56,7,0,12.0904
5/19/2017,West,Office Supplies,Appliances,Annie Thurman,97.16,2,0,28.1764
12/17/2017,West,Office Supplies,Binders,Logan Currie,15.24,5,0.2,5.1435
12/17/2017,West,Office Supplies,Paper,Logan Currie,13.23,3,0,6.0858
12-11-2016,West,Office Supplies,Storage,Fred McMath,243.384,3,0.2,-51.7191
12-11-2016,West,Technology,Accessories,Fred McMath,119.8,5,0.2,29.95
12-11-2016,West,Technology,Phones,Fred McMath,300.768,4,0.2,30.0768
9/24/2017,South,Technology,Accessories,Brian Dahlen,17.88,3,0.2,2.4585
9/24/2017,South,Office Supplies,Labels,Brian Dahlen,235.944,3,0.2,85.5297
10-04-2015,South,Furniture,Chairs,Denny Joy,392.94,3,0,43.2234
8/15/2016,West,Office Supplies,Binders,Max Engle,18.882,3,0.7,-13.8468
8/15/2016,West,Office Supplies,Appliances,Max Engle,122.328,3,0.2,12.2328
5/20/2016,West,Furniture,Furnishings,Rick Bensley,1049.2,5,0,272.792
5/20/2016,West,Office Supplies,Binders,Rick Bensley,15.424,4,0.2,5.0128
12/18/2016,Central,Furniture,Furnishings,Justin Deggeller,18.84,3,0,6.0288
7/30/2017,West,Office Supplies,Storage,John Lee,330.4,2,0,85.904
7/30/2017,West,Office Supplies,Labels,John Lee,26.25,7,0,12.6
06-10-2017,Central,Technology,Accessories,Sean Christensen,132.52,4,0,54.3332
7/21/2017,East,Office Supplies,Paper,Tamara Willingham,6.48,1,0,3.1752
12/30/2017,Central,Office Supplies,Appliances,Chuck Clark,209.3,2,0,56.511
04-01-2016,West,Office Supplies,Fasteners,Barry Blumstein,31.56,5,0.2,9.8625
04-01-2016,West,Office Supplies,Appliances,Barry Blumstein,30.144,2,0.2,3.0144
12-11-2016,West,Furniture,Furnishings,Anthony Rawles,14.8,4,0,6.068
12-11-2016,West,Technology,Phones,Anthony Rawles,302.376,3,0.2,22.6782
12-11-2016,West,Technology,Accessories,Anthony Rawles,316,4,0,31.6
10/23/2016,East,Office Supplies,Paper,Steven Roelle,379.4,10,0,178.318
6/19/2017,East,Office Supplies,Paper,Allen Rosenblatt,97.82,2,0,45.9754
6/19/2017,East,Technology,Accessories,Allen Rosenblatt,103.12,8,0,10.312
8/22/2016,East,Office Supplies,Appliances,Craig Reiter,113.552,2,0.2,8.5164
8/22/2016,East,Office Supplies,Binders,Craig Reiter,3.318,2,0.7,-2.6544
8/22/2016,East,Office Supplies,Envelopes,Craig Reiter,134.288,2,0.2,45.3222
9/19/2016,Central,Furniture,Chairs,Eugene Hildebrand,701.372,2,0.3,-50.098
9/19/2016,Central,Office Supplies,Binders,Eugene Hildebrand,2.308,2,0.8,-3.462
8/24/2015,Central,Office Supplies,Storage,Cassandra Brandow,999.432,7,0.2,124.929
8/24/2015,Central,Office Supplies,Storage,Cassandra Brandow,724.08,14,0.2,-135.765
8/24/2015,Central,Furniture,Tables,Cassandra Brandow,918.785,5,0.3,-118.1295
8/24/2015,Central,Office Supplies,Binders,Cassandra Brandow,2.724,3,0.8,-4.2222
3/26/2016,East,Office Supplies,Storage,Sibella Parks,459.95,5,0,18.398
11-04-2016,South,Office Supplies,Fasteners,Roy Collins,10.74,3,0,5.2626
06-08-2017,Central,Office Supplies,Supplies,Tiffany House,23.76,3,0.2,2.079
06-08-2017,Central,Office Supplies,Paper,Tiffany House,85.056,3,0.2,28.7064
06-08-2017,Central,Technology,Phones,Tiffany House,381.576,3,0.2,28.6182
12/24/2014,East,Furniture,Furnishings,Resi Pölking,30.36,5,0.2,8.7285
06-09-2017,Central,Furniture,Furnishings,Meg O'Connel,23.976,3,0.6,-14.3856
06-09-2017,Central,Furniture,Tables,Meg O'Connel,108.925,1,0.5,-71.8905
06-09-2017,Central,Office Supplies,Paper,Meg O'Connel,36.352,8,0.2,11.36
6/15/2017,Central,Office Supplies,Art,Tamara Dahlen,19.56,5,0.2,1.7115
12-05-2017,Central,Office Supplies,Appliances,Rob Beeghly,61.44,3,0,16.5888
12-05-2017,Central,Office Supplies,Paper,Rob Beeghly,38.9,5,0,17.505
12-05-2017,Central,Technology,Accessories,Rob Beeghly,99.39,3,0,40.7499
3/18/2017,Central,Office Supplies,Appliances,Carol Darley,2.688,3,0.8,-7.392
3/18/2017,Central,Technology,Accessories,Carol Darley,27.816,3,0.2,4.5201
3/18/2017,Central,Furniture,Furnishings,Carol Darley,82.524,3,0.6,-41.262
3/18/2017,Central,Office Supplies,Binders,Carol Darley,182.994,3,0.8,-320.2395
11/19/2016,East,Office Supplies,Binders,Doug Jacobs,14.352,3,0.2,4.6644
11/19/2016,East,Office Supplies,Storage,Doug Jacobs,64.96,2,0,2.5984
11/19/2016,East,Office Supplies,Storage,Doug Jacobs,68.6,4,0,18.522
11-04-2017,South,Technology,Machines,Grant Thornton,7999.98,4,0.5,-3839.9904
11-04-2017,South,Office Supplies,Appliances,Grant Thornton,167.44,2,0.2,14.651
07-05-2014,South,Technology,Accessories,Michael Chen,479.97,3,0,163.1898
07-05-2014,South,Office Supplies,Labels,Michael Chen,14.62,2,0,6.8714
07-05-2014,South,Office Supplies,Paper,Michael Chen,19.44,3,0,9.3312
12/25/2017,East,Furniture,Bookcases,Ralph Arnett,191.984,2,0.2,4.7996
6/21/2014,South,Furniture,Furnishings,Naresj Patel,104.01,1,0,14.5614
6/21/2014,South,Technology,Phones,Naresj Patel,284.82,1,0,74.0532
6/21/2014,South,Office Supplies,Storage,Naresj Patel,36.84,3,0,10.3152
3/28/2015,West,Technology,Accessories,Alan Barnes,166.24,1,0,24.936
3/28/2015,West,Office Supplies,Paper,Alan Barnes,33.4,5,0,16.032
5/14/2015,East,Office Supplies,Art,Jesus Ocampo,198.272,8,0.2,17.3488
5/14/2015,East,Office Supplies,Labels,Jesus Ocampo,47.36,4,0.2,17.76
5/14/2015,East,Office Supplies,Envelopes,Jesus Ocampo,200.984,7,0.2,62.8075
5/14/2015,East,Office Supplies,Labels,Jesus Ocampo,97.696,4,0.2,31.7512
5/14/2015,East,Office Supplies,Art,Jesus Ocampo,2.696,1,0.2,0.8088
5/14/2015,East,Office Supplies,Binders,Jesus Ocampo,18.588,2,0.7,-13.6312
5/14/2015,East,Office Supplies,Binders,Jesus Ocampo,4.896,3,0.7,-3.4272
09-02-2017,East,Furniture,Furnishings,Dorris liebe,15.072,3,0.2,4.1448
11-04-2016,West,Furniture,Furnishings,Alejandro Savely,209.88,3,0,35.6796
04-09-2015,West,Furniture,Tables,Jay Kimmel,369.912,3,0.2,-13.8717
09-12-2014,South,Office Supplies,Paper,Brad Norvell,10.368,2,0.2,3.6288
09-12-2014,South,Office Supplies,Appliances,Brad Norvell,166.84,5,0.2,18.7695
09-12-2014,South,Technology,Accessories,Brad Norvell,15.216,1,0.2,2.2824
12-02-2014,East,Technology,Accessories,David Philippe,119.96,4,0,52.7824
12-02-2014,East,Furniture,Bookcases,David Philippe,883.92,5,0.2,-110.49
12-02-2014,East,Office Supplies,Binders,David Philippe,46.72,8,0.2,15.768
04-05-2014,East,Office Supplies,Paper,Tracy Hopkins,55.48,1,0,26.6304
09-03-2017,South,Office Supplies,Envelopes,Arthur Prichep,24.448,4,0.2,8.8624
5/19/2017,East,Office Supplies,Appliances,Roland Schwarz,281.34,6,0,109.7226
5/19/2017,East,Technology,Phones,Roland Schwarz,307.98,2,0,89.3142
5/19/2017,East,Technology,Accessories,Roland Schwarz,299.97,3,0,113.9886
07-01-2014,West,Office Supplies,Binders,Dorris liebe,19.92,5,0.2,6.972
01-11-2014,East,Furniture,Furnishings,Seth Vernon,9.94,2,0,3.0814
9/24/2017,East,Furniture,Furnishings,Kelly Collister,103.056,3,0.2,24.4758
06-02-2014,West,Office Supplies,Binders,Christine Kargatis,59.808,3,0.2,19.4376
06-02-2014,West,Furniture,Furnishings,Christine Kargatis,73.32,6,0,21.996
2/13/2016,West,Office Supplies,Paper,Ross DeVincentis,146.82,3,0,73.41
12/15/2016,Central,Furniture,Tables,Michael Paige,1652.94,3,0,231.4116
12/15/2016,Central,Office Supplies,Storage,Michael Paige,296.37,3,0,80.0199
10-07-2014,East,Furniture,Furnishings,Mathew Reese,129.92,5,0.2,21.112
07-07-2016,South,Office Supplies,Supplies,Steve Chapman,45.584,7,0.2,5.1282
9/16/2017,Central,Office Supplies,Envelopes,Jay Fein,17.568,2,0.2,6.3684
9/16/2017,Central,Technology,Phones,Jay Fein,55.992,1,0.2,5.5992
12-03-2016,East,Office Supplies,Paper,Emily Grady,182.72,8,0,84.0512
12-03-2016,East,Furniture,Tables,Emily Grady,400.032,2,0.4,-153.3456
12-03-2016,East,Office Supplies,Storage,Emily Grady,33.63,3,0,10.089
12-03-2016,East,Furniture,Chairs,Emily Grady,542.646,3,0.1,102.4998
12-03-2016,East,Office Supplies,Labels,Emily Grady,6.3,2,0,3.024
1/21/2017,West,Office Supplies,Storage,Darrin Sayre,242.94,3,0,9.7176
1/21/2017,West,Technology,Accessories,Darrin Sayre,179.97,3,0,86.3856
1/21/2017,West,Office Supplies,Binders,Darrin Sayre,99.696,6,0.2,33.6474
1/21/2017,West,Office Supplies,Binders,Darrin Sayre,27.936,4,0.2,9.4284
1/21/2017,West,Furniture,Bookcases,Darrin Sayre,84.98,1,0,18.6956
1/21/2017,West,Office Supplies,Binders,Darrin Sayre,18.72,5,0.2,6.552
09-08-2014,West,Technology,Accessories,Gary Zandusky,49.98,2,0,8.4966
01-04-2014,Central,Office Supplies,Labels,Phillina Ober,11.784,3,0.2,4.2717
01-04-2014,Central,Office Supplies,Storage,Phillina Ober,272.736,3,0.2,-64.7748
01-04-2014,Central,Office Supplies,Binders,Phillina Ober,3.54,2,0.8,-5.487
8/27/2016,Central,Office Supplies,Supplies,Sung Shariari,51.52,5,0.2,-10.948
8/27/2016,Central,Office Supplies,Paper,Sung Shariari,3.528,1,0.2,1.1466
8/27/2016,Central,Office Supplies,Paper,Sung Shariari,4.624,1,0.2,1.6762
8/27/2016,Central,Office Supplies,Supplies,Sung Shariari,55.168,4,0.2,6.2064
5/27/2014,West,Furniture,Tables,Maya Herman,567.12,10,0.2,-28.356
5/27/2014,West,Office Supplies,Storage,Maya Herman,359.32,4,0,7.1864
3/20/2016,Central,Technology,Phones,Peter Bühler,11.992,1,0.2,0.8994
10-02-2017,Central,Office Supplies,Binders,Roland Fjeld,58.05,3,0,26.703
10-02-2017,Central,Furniture,Furnishings,Roland Fjeld,157.74,11,0,56.7864
10-02-2017,Central,Office Supplies,Art,Roland Fjeld,56.98,7,0,22.792
10-02-2017,Central,Office Supplies,Binders,Roland Fjeld,2.88,1,0,1.4112
04-07-2016,West,Technology,Copiers,Yoseph Carroll,1199.976,3,0.2,374.9925
12-07-2015,West,Furniture,Furnishings,Melanie Seite,79.92,4,0,28.7712
9/18/2016,South,Furniture,Tables,Nona Balk,383.438,4,0.45,-167.3184
12/29/2014,Central,Office Supplies,Storage,Debra Catini,24.56,2,0,6.8768
12/29/2014,Central,Technology,Accessories,Debra Catini,119.8,4,0,47.92
7/23/2017,East,Office Supplies,Binders,Christine Phan,13.128,3,0.2,4.2666
9/18/2017,Central,Office Supplies,Paper,Barry Französisch,22.72,4,0,10.224
8/31/2015,West,Office Supplies,Paper,Andrew Roberts,58.32,9,0,27.9936
11-03-2017,South,Office Supplies,Labels,Julie Creighton,12.39,3,0,5.6994
02-08-2015,East,Technology,Phones,Lisa Hazard,107.982,3,0.4,-26.9955
1/13/2014,South,Office Supplies,Envelopes,Chris Selesnick,11.36,2,0,5.3392
1/13/2014,South,Office Supplies,Envelopes,Chris Selesnick,50.94,3,0,25.47
1/13/2014,South,Technology,Accessories,Chris Selesnick,646.74,6,0,258.696
1/13/2014,South,Office Supplies,Binders,Chris Selesnick,5.64,3,0,2.7072
1/13/2014,South,Office Supplies,Storage,Chris Selesnick,572.58,6,0,34.3548
5/14/2014,South,Furniture,Furnishings,Anthony Johnson,310.88,2,0.2,23.316
5/19/2016,South,Furniture,Chairs,Laurel Elliston,641.96,2,0,179.7488
1/30/2017,Central,Office Supplies,Binders,Benjamin Venier,18.28,2,0,9.14
1/30/2017,Central,Technology,Phones,Benjamin Venier,207,3,0,51.75
1/30/2017,Central,Office Supplies,Binders,Benjamin Venier,32.35,5,0,16.175
1/30/2017,Central,Office Supplies,Binders,Benjamin Venier,7.71,1,0,3.4695
1/30/2017,Central,Office Supplies,Art,Benjamin Venier,40.3,2,0,10.881
1/30/2017,Central,Furniture,Furnishings,Benjamin Venier,34.58,7,0,14.5236
6/29/2014,East,Office Supplies,Art,Dan Lawera,32.76,7,0.2,3.6855
8/21/2015,West,Furniture,Chairs,Nick Zandusky,544.008,3,0.2,40.8006
8/21/2015,West,Office Supplies,Paper,Nick Zandusky,59.94,3,0,28.1718
8/21/2015,West,Office Supplies,Paper,Nick Zandusky,23.92,4,0,11.7208
8/21/2015,West,Office Supplies,Paper,Nick Zandusky,4.28,1,0,1.926
10-03-2015,East,Office Supplies,Binders,Bryan Mills,32.07,5,0.7,-22.449
10-03-2015,East,Technology,Accessories,Bryan Mills,24,2,0.2,-2.7
10-03-2015,East,Furniture,Bookcases,Bryan Mills,35.49,1,0.5,-15.6156
10-03-2015,East,Technology,Accessories,Bryan Mills,47.984,2,0.2,0.5998
5/23/2015,South,Office Supplies,Envelopes,Erin Ashbrook,186.69,3,0,87.7443
3/17/2017,West,Office Supplies,Binders,Clay Ludtke,17.456,2,0.2,5.8914
12-12-2015,West,Furniture,Chairs,Liz Thompson,348.928,2,0.2,34.8928
6/26/2015,South,Office Supplies,Binders,Sue Ann Reed,143.96,4,0,69.1008
6/26/2015,South,Office Supplies,Storage,Sue Ann Reed,15.42,1,0,4.1634
6/26/2015,South,Office Supplies,Binders,Sue Ann Reed,43.04,8,0,21.0896
6/26/2015,South,Furniture,Chairs,Sue Ann Reed,332.94,3,0,79.9056
5/20/2016,South,Technology,Phones,Joe Kamberova,1363.96,5,0.2,85.2475
9/20/2014,West,Office Supplies,Labels,Erica Smith,9.96,2,0,4.5816
9/20/2014,West,Office Supplies,Paper,Erica Smith,21.72,4,0,10.6428
9/21/2017,Central,Office Supplies,Binders,Rick Hansen,20.16,7,0,9.8784
12/24/2015,East,Office Supplies,Paper,David Bremer,132.79,7,0,63.7392
12/24/2015,East,Office Supplies,Paper,David Bremer,12.96,2,0,6.2208
12/24/2015,East,Office Supplies,Labels,David Bremer,21.56,7,0,10.3488
11/27/2015,West,Furniture,Chairs,Carlos Daly,283.92,5,0.2,17.745
2/20/2017,West,Furniture,Furnishings,Helen Wasserman,22.23,1,0,7.3359
2/20/2017,West,Technology,Phones,Helen Wasserman,215.968,2,0.2,18.8972
8/18/2016,East,Office Supplies,Appliances,Helen Wasserman,355.32,9,0,99.4896
03-12-2016,South,Office Supplies,Paper,Mike Caudle,12.96,2,0,6.2208
4/22/2017,West,Furniture,Furnishings,Gary McGarr,18.28,2,0,6.2152
11-01-2014,West,Office Supplies,Art,Russell Applegate,43.176,3,0.2,4.3176
11-01-2014,West,Technology,Phones,Russell Applegate,1983.968,4,0.2,247.996
02-03-2015,Central,Furniture,Furnishings,Allen Armold,28.4,2,0,11.076
02-03-2015,Central,Technology,Accessories,Allen Armold,149.97,3,0,50.9898
10/13/2014,West,Office Supplies,Art,Zuschuss Carroll,11.52,4,0,3.2256
10/13/2014,West,Furniture,Tables,Zuschuss Carroll,1298.55,5,0,311.652
10/13/2014,West,Office Supplies,Appliances,Zuschuss Carroll,213.92,4,0,62.0368
10/13/2014,West,Technology,Accessories,Zuschuss Carroll,25.78,2,0,2.578
5/14/2017,West,Furniture,Furnishings,Pauline Johnson,18.28,2,0,6.2152
5/14/2017,West,Technology,Accessories,Pauline Johnson,1399.93,7,0,601.9699
3/20/2015,Central,Office Supplies,Paper,Bart Watters,51.84,8,0,24.8832
9/15/2016,East,Office Supplies,Paper,Dean Braden,5.344,1,0.2,1.8704
6/28/2014,East,Office Supplies,Paper,Cynthia Arntzen,41.472,8,0.2,14.5152
6/28/2014,East,Office Supplies,Binders,Cynthia Arntzen,3.168,3,0.7,-2.4288
6/28/2014,East,Furniture,Chairs,Cynthia Arntzen,1228.465,5,0.3,0
6/28/2014,East,Office Supplies,Binders,Cynthia Arntzen,31.086,3,0.7,-22.7964
6/28/2014,East,Office Supplies,Paper,Cynthia Arntzen,335.52,4,0.2,117.432
6/20/2017,East,Technology,Accessories,Toby Ritter,239.97,3,0,71.991
6/20/2017,East,Office Supplies,Labels,Toby Ritter,9.82,2,0,4.8118
05-09-2014,West,Technology,Accessories,Patrick Gardner,67.8,4,0,4.068
05-09-2014,West,Technology,Accessories,Patrick Gardner,167.97,3,0,40.3128
8/21/2017,Central,Office Supplies,Fasteners,Greg Tran,35,7,0,16.8
8/21/2017,Central,Office Supplies,Supplies,Greg Tran,37.24,4,0,10.7996
8/21/2017,Central,Office Supplies,Envelopes,Greg Tran,15.28,2,0,7.4872
6/16/2017,South,Furniture,Chairs,Joel Eaton,301.96,2,0,90.588
6/16/2017,South,Office Supplies,Appliances,Joel Eaton,180.66,3,0,50.5848
6/16/2017,South,Technology,Phones,Joel Eaton,191.98,2,0,51.8346
6/16/2017,South,Technology,Phones,Joel Eaton,65.99,1,0,17.1574
7/23/2016,South,Office Supplies,Art,Jennifer Braxton,35.216,2,0.2,2.6412
7/23/2016,South,Office Supplies,Appliances,Jennifer Braxton,23.696,2,0.2,6.5164
7/23/2016,South,Technology,Machines,Jennifer Braxton,265.475,1,0.5,-111.4995
09-08-2014,Central,Office Supplies,Binders,Lisa Hazard,51.184,4,0.8,-79.3352
11-04-2017,South,Office Supplies,Paper,James Lanier,9.664,2,0.2,3.2616
03-07-2016,Central,Technology,Phones,Ed Braxton,21.072,3,0.2,1.5804
11/20/2015,East,Office Supplies,Art,Brian Moss,60.45,3,0,16.3215
11/20/2015,East,Office Supplies,Art,Brian Moss,11.52,4,0,3.3408
11/20/2015,East,Furniture,Bookcases,Brian Moss,186.048,4,0.2,9.3024
11-07-2016,West,Office Supplies,Binders,Eudokia Martin,37.44,4,0.2,11.7
11-07-2016,West,Office Supplies,Binders,Eudokia Martin,26.976,4,0.2,8.7672
11-07-2016,West,Office Supplies,Supplies,Eudokia Martin,11.36,2,0,3.2944
11-07-2016,West,Office Supplies,Labels,Eudokia Martin,14.62,2,0,6.8714
10/13/2015,South,Technology,Phones,Art Foster,83.72,7,0,23.4416
10/13/2015,South,Furniture,Chairs,Art Foster,287.94,3,0,77.7438
01-01-2017,East,Furniture,Furnishings,Guy Armstrong,48.896,4,0.2,8.5568
02-07-2014,East,Technology,Accessories,Cyma Kinney,115.36,7,0,49.6048
6/20/2016,West,Office Supplies,Art,Dave Poirier,5.16,2,0,1.3416
6/20/2016,West,Office Supplies,Paper,Dave Poirier,38.88,6,0,18.6624
5/28/2016,South,Office Supplies,Art,Valerie Dominguez,185.88,6,0,50.1876
2/19/2016,East,Furniture,Furnishings,Greg Tran,44.46,2,0,14.6718
2/19/2016,East,Office Supplies,Storage,Greg Tran,242.94,3,0,9.7176
08-03-2014,East,Office Supplies,Paper,Berenike Kampe,39.96,2,0,18.7812
08-03-2014,East,Office Supplies,Supplies,Berenike Kampe,102.3,10,0,26.598
08-03-2014,East,Office Supplies,Storage,Berenike Kampe,21.36,2,0,5.7672
04-10-2017,East,Office Supplies,Paper,Sanjit Jacobs,7.61,1,0,3.5767
04-10-2017,East,Office Supplies,Fasteners,Sanjit Jacobs,7.16,2,0,3.58
06-09-2014,West,Office Supplies,Supplies,Chuck Magee,7.36,2,0,0.1472
06-09-2014,West,Office Supplies,Art,Chuck Magee,23.1,2,0,10.626
01-05-2016,South,Technology,Accessories,Anthony Johnson,191.472,6,0.2,40.6878
01-05-2016,South,Office Supplies,Art,Anthony Johnson,5.248,2,0.2,0.5904
01-05-2016,South,Technology,Phones,Anthony Johnson,59.184,2,0.2,5.1786
01-10-2014,South,Office Supplies,Labels,Anthony Jacobs,2.89,1,0,1.3583
01-10-2014,South,Furniture,Furnishings,Anthony Jacobs,51.94,1,0,21.2954
9/29/2016,East,Office Supplies,Labels,Linda Southworth,15.936,4,0.2,5.1792
04-06-2014,East,Office Supplies,Binders,Guy Phonely,44.91,6,0.7,-35.928
09-03-2016,East,Office Supplies,Binders,Paul Knutson,1141.47,5,0.7,-760.98
09-03-2016,East,Technology,Phones,Paul Knutson,280.782,3,0.4,-46.797
10/19/2015,East,Office Supplies,Paper,Tracy Blumstein,34.44,3,0,17.22
12-10-2014,East,Office Supplies,Paper,Sally Matthias,11.36,2,0,5.2256
12-10-2014,East,Office Supplies,Binders,Sally Matthias,106.344,7,0.2,37.2204
8/25/2017,South,Office Supplies,Paper,Guy Armstrong,192.16,5,0.2,67.256
1/17/2016,East,Furniture,Furnishings,Chuck Clark,322.59,3,0,64.518
1/17/2016,East,Technology,Accessories,Chuck Clark,29.99,1,0,13.1956
1/17/2016,East,Technology,Accessories,Chuck Clark,371.97,3,0,66.9546
9/17/2014,East,Office Supplies,Binders,Anthony Garverick,5.892,4,0.7,-4.1244
11/30/2017,East,Office Supplies,Binders,Harold Pawlan,68.472,3,0.2,23.1093
11/30/2017,East,Furniture,Chairs,Harold Pawlan,1242.9,5,0.1,262.39
10-09-2015,South,Office Supplies,Storage,Dave Kipp,30.84,2,0,8.3268
12/23/2017,West,Office Supplies,Art,Gary Zandusky,13.48,4,0,5.9312
10/22/2016,Central,Furniture,Furnishings,Peter McVee,31.4,5,0,10.048
4/29/2014,East,Furniture,Furnishings,Lauren Leatherbury,17.46,2,0,5.9364
4/25/2015,West,Office Supplies,Binders,Jill Stevenson,13.944,3,0.2,4.5318
6/26/2017,West,Office Supplies,Storage,Olvera Toch,83.76,12,0,1.6752
10/14/2017,East,Office Supplies,Binders,Ed Ludwig,37.66,7,0,18.4534
12-09-2014,West,Office Supplies,Paper,Cyma Kinney,34.68,6,0,16.9932
6/20/2017,East,Technology,Accessories,Jeremy Ellison,149.95,5,0,14.995
6/20/2017,East,Office Supplies,Binders,Jeremy Ellison,51.312,3,0.2,18.6006
6/26/2017,Central,Office Supplies,Paper,Tracy Hopkins,4.54,1,0,2.043
6/26/2017,Central,Office Supplies,Art,Tracy Hopkins,15.92,4,0,5.4128
6/26/2017,Central,Technology,Phones,Tracy Hopkins,543.92,8,0,135.98
11-10-2016,West,Office Supplies,Storage,Pamela Coakley,155.82,7,0,42.0714
11-10-2016,West,Office Supplies,Binders,Pamela Coakley,70.008,3,0.2,24.5028
10-03-2016,Central,Office Supplies,Envelopes,Hunter Lopez,15.648,2,0.2,5.0856
09-09-2014,Central,Office Supplies,Labels,Maribeth Schnelling,103.6,7,0,51.8
10/29/2017,East,Office Supplies,Paper,George Bell,46.96,8,0,22.5408
04-10-2016,East,Office Supplies,Binders,Justin Ritter,8.904,2,0.7,-6.5296
11-11-2017,Central,Office Supplies,Labels,Tamara Dahlen,10.44,5,0.2,3.393
11-11-2017,Central,Office Supplies,Binders,Tamara Dahlen,18.336,4,0.8,-32.088
9/15/2017,Central,Technology,Phones,Dave Brooks,323.976,3,0.2,20.2485
04-08-2016,West,Office Supplies,Paper,Logan Currie,20.04,3,0,9.6192
04-08-2016,West,Office Supplies,Storage,Logan Currie,64.96,2,0,2.5984
04-08-2016,West,Office Supplies,Paper,Logan Currie,12.96,2,0,6.2208
12/30/2017,East,Furniture,Bookcases,Patrick O'Donnell,323.136,4,0.2,12.1176
12/30/2017,East,Technology,Phones,Patrick O'Donnell,90.93,7,0,2.7279
12/30/2017,East,Office Supplies,Binders,Patrick O'Donnell,52.776,3,0.2,19.791
09-02-2017,Central,Technology,Phones,Bill Eplett,1199.8,4,0,323.946
09-02-2017,Central,Technology,Accessories,Bill Eplett,1928.78,7,0,829.3754
09-02-2017,Central,Office Supplies,Storage,Bill Eplett,352.38,2,0,81.0474
5/31/2015,East,Furniture,Furnishings,Sample Company A,22.2,6,0,9.102
11/27/2017,Central,Furniture,Furnishings,Brian Moss,46.94,1,0,19.2454
11/27/2017,Central,Technology,Accessories,Brian Moss,143.73,9,0,56.0547
6/15/2014,Central,Furniture,Tables,Kelly Lampkin,99.918,2,0.3,-18.5562
6/15/2014,Central,Furniture,Chairs,Kelly Lampkin,797.944,4,0.3,-56.996
6/15/2014,Central,Office Supplies,Binders,Kelly Lampkin,8.568,3,0.8,-14.5656
03-05-2016,Central,Office Supplies,Envelopes,Rob Williams,149.352,3,0.2,50.4063
03-05-2016,Central,Office Supplies,Storage,Rob Williams,12.992,1,0.2,-0.812
12-05-2014,South,Office Supplies,Storage,Roy Collins,24.56,2,0,6.8768
04-11-2015,East,Technology,Accessories,Sanjit Engle,85.14,3,0,34.9074
04-11-2015,East,Technology,Phones,Sanjit Engle,21.99,1,0,10.5552
04-11-2015,East,Office Supplies,Appliances,Sanjit Engle,406.6,5,0,113.848
9/15/2016,East,Office Supplies,Binders,Adam Hart,841.568,2,0.2,294.5488
9/13/2014,East,Office Supplies,Paper,Jessica Myrick,15.552,3,0.2,5.4432
9/13/2014,East,Technology,Accessories,Jessica Myrick,252,5,0.2,53.55
10-05-2015,South,Office Supplies,Art,Joel Jenkins,46.2,4,0,12.936
10-05-2015,South,Office Supplies,Appliances,Joel Jenkins,28.84,2,0,9.5172
4/14/2017,East,Office Supplies,Art,Alan Barnes,14.592,3,0.2,2.5536
4/14/2017,East,Office Supplies,Art,Alan Barnes,89.856,3,0.2,21.3408
4/14/2017,East,Office Supplies,Paper,Alan Barnes,13.872,3,0.2,5.0286
09-02-2017,East,Office Supplies,Paper,Ralph Kennedy,12.192,3,0.2,4.1148
6/20/2016,East,Office Supplies,Paper,Catherine Glotzbach,45.056,8,0.2,15.2064
6/20/2016,East,Office Supplies,Binders,Catherine Glotzbach,29.718,6,0.7,-21.7932
6/20/2016,East,Office Supplies,Paper,Catherine Glotzbach,15.552,3,0.2,5.4432
6/20/2016,East,Office Supplies,Appliances,Catherine Glotzbach,447.696,2,0.2,33.5772
11-05-2017,West,Technology,Accessories,Ruben Ausman,159.99,1,0,54.3966
12/13/2015,West,Office Supplies,Paper,Rachel Payne,12.96,2,0,6.2208
12/13/2015,West,Office Supplies,Appliances,Rachel Payne,134.48,4,0,34.9648
6/19/2016,West,Office Supplies,Paper,Karen Carlisle,17.12,2,0,8.0464
12/13/2016,West,Office Supplies,Binders,Rob Williams,6.096,2,0.2,2.2098
12/13/2016,West,Furniture,Tables,Rob Williams,1114.272,4,0.2,41.7852
5/29/2015,West,Office Supplies,Paper,John Lucas,32.4,5,0,15.552
5/29/2015,West,Office Supplies,Storage,John Lucas,540.57,3,0,140.5482
5/29/2015,West,Office Supplies,Binders,John Lucas,167.76,5,0.2,62.91
7/26/2015,West,Furniture,Tables,Cynthia Arntzen,393.165,3,0.5,-204.4458
11/28/2017,East,Furniture,Furnishings,Ross Baird,516.488,7,0.2,-12.9122
11/28/2017,East,Furniture,Furnishings,Ross Baird,1007.232,6,0.2,75.5424
11/28/2017,East,Furniture,Tables,Ross Baird,2065.32,12,0.4,-619.596
11/28/2017,East,Office Supplies,Paper,Ross Baird,15.552,3,0.2,5.4432
11/28/2017,East,Office Supplies,Paper,Ross Baird,25.344,6,0.2,7.92
04-03-2017,East,Furniture,Furnishings,Katherine Hughes,25.472,4,0.2,7.6416
12/28/2017,Central,Office Supplies,Art,Greg Hansen,27.168,2,0.2,2.7168
12/28/2017,Central,Furniture,Bookcases,Greg Hansen,78.8528,2,0.32,-11.596
11/30/2017,South,Office Supplies,Storage,Scott Williamson,173.8,5,0,43.45
5/15/2017,West,Technology,Phones,Joseph Airdo,29.592,1,0.2,2.5893
5/15/2017,West,Office Supplies,Binders,Joseph Airdo,4.752,2,0.7,-3.168
5/15/2017,West,Office Supplies,Paper,Joseph Airdo,15.552,3,0.2,5.6376
9/22/2015,West,Furniture,Furnishings,Daniel Lacy,204.6,2,0,53.196
11/14/2017,West,Furniture,Chairs,Lindsay Williams,321.568,2,0.2,28.1372
11/27/2015,South,Office Supplies,Binders,Thomas Brumley,6.24,2,0,3.0576
09-01-2016,West,Office Supplies,Envelopes,Cynthia Voltz,21.88,2,0,10.94
9/22/2014,South,Office Supplies,Labels,Maribeth Schnelling,4.608,2,0.2,1.6704
04-09-2017,East,Office Supplies,Labels,Bryan Spruell,9.82,2,0,4.8118
04-09-2017,East,Office Supplies,Art,Bryan Spruell,35.97,3,0,9.7119
04-09-2017,East,Office Supplies,Paper,Bryan Spruell,12.96,2,0,6.2208
04-09-2017,East,Office Supplies,Paper,Bryan Spruell,191.6,4,0,91.968
04-09-2017,East,Office Supplies,Labels,Bryan Spruell,8.64,3,0,4.2336
04-09-2017,East,Office Supplies,Storage,Bryan Spruell,501.81,3,0,0
1/16/2014,East,Furniture,Furnishings,Delfina Latchford,127.104,6,0.2,28.5984
1/16/2014,East,Technology,Phones,Delfina Latchford,124.2,3,0.4,-31.05
1/16/2014,East,Office Supplies,Binders,Delfina Latchford,18.588,2,0.7,-13.6312
1/16/2014,East,Office Supplies,Labels,Delfina Latchford,30.072,3,0.2,10.1493
10-05-2017,East,Technology,Phones,Phillina Ober,160.93,7,0,3.2186
10-05-2017,East,Office Supplies,Binders,Phillina Ober,75.792,3,0.2,25.5798
07-09-2017,West,Office Supplies,Binders,Tamara Dahlen,1.08,2,0.7,-0.792
01-07-2017,Central,Technology,Machines,Bart Watters,3059.982,2,0.1,679.996
5/30/2016,South,Office Supplies,Binders,Robert Waldorf,3.282,2,0.7,-2.6256
12-09-2015,Central,Office Supplies,Paper,Ken Brennan,34.02,3,0,16.6698
10-03-2016,East,Furniture,Chairs,Emily Burns,599.292,6,0.1,93.2232
11-11-2014,West,Office Supplies,Art,Tracy Zic,3.392,1,0.2,0.8056
11-11-2014,West,Technology,Phones,Tracy Zic,559.984,2,0.2,55.9984
11-11-2014,West,Furniture,Chairs,Tracy Zic,603.92,5,0.2,75.49
9/29/2017,Central,Office Supplies,Labels,Ann Steele,7.968,2,0.2,2.5896
9/29/2017,Central,Office Supplies,Envelopes,Ann Steele,27.968,4,0.2,9.4392
9/29/2017,Central,Technology,Machines,Ann Steele,336.51,3,0.4,44.868
03-10-2015,Central,Office Supplies,Binders,Toby Swindell,1.112,2,0.8,-1.8904
5/21/2017,East,Furniture,Furnishings,John Grady,520.05,5,0,72.807
5/21/2017,East,Office Supplies,Art,John Grady,17.97,3,0,5.2113
3/29/2015,South,Furniture,Chairs,Sara Luxemburg,1166.92,5,0.2,131.2785
09-09-2016,East,Office Supplies,Binders,Troy Staebel,14.624,2,0.2,5.484
8/26/2016,West,Office Supplies,Fasteners,Roland Fjeld,10.23,3,0,4.9104
8/26/2016,West,Office Supplies,Paper,Roland Fjeld,154.9,5,0,69.705
5/21/2014,South,Office Supplies,Binders,Mitch Willingham,2715.93,7,0,1276.4871
5/21/2014,South,Technology,Phones,Mitch Willingham,617.97,3,0,173.0316
10/28/2015,South,Office Supplies,Envelopes,Rob Dowd,10.67,1,0,4.9082
10/28/2015,South,Office Supplies,Storage,Rob Dowd,36.63,3,0,9.8901
10/28/2015,South,Furniture,Furnishings,Rob Dowd,24.1,5,0,9.158
10/28/2015,South,Furniture,Furnishings,Rob Dowd,33.11,7,0,12.9129
11/13/2016,West,Office Supplies,Art,Frank Merwin,44.02,2,0,11.4452
7/31/2015,East,Technology,Accessories,Rick Hansen,2309.65,7,0,762.1845
7/31/2015,East,Furniture,Tables,Rick Hansen,1090.782,7,0.4,-290.8752
7/31/2015,East,Office Supplies,Paper,Rick Hansen,19.44,3,0,9.3312
8/27/2015,West,Office Supplies,Storage,Ryan Akin,484.65,3,0,92.0835
11/13/2015,South,Office Supplies,Paper,Joe Kamberova,115.296,3,0.2,40.3536
11-06-2015,West,Office Supplies,Envelopes,Meg Tillman,7.08,3,0.2,2.478
11-06-2015,West,Office Supplies,Binders,Meg Tillman,4.401,3,0.7,-3.5208
12/26/2017,Central,Office Supplies,Paper,Patrick O'Brill,44.75,5,0,20.585
08-01-2017,Central,Technology,Phones,Annie Thurman,95.984,2,0.2,5.999
11/24/2014,West,Furniture,Furnishings,Vivek Gonzalez,151.72,4,0,27.3096
6/17/2017,West,Furniture,Furnishings,Philip Fox,155.25,3,0,46.575
6/17/2017,West,Office Supplies,Storage,Philip Fox,14.03,1,0,4.0687
12/21/2015,West,Furniture,Tables,John Stevenson,1618.37,13,0,356.0414
12/21/2015,West,Technology,Accessories,John Stevenson,99.6,1,0,36.852
9/17/2015,West,Office Supplies,Paper,Meg O'Connel,32.4,5,0,15.552
07-06-2015,East,Furniture,Furnishings,Kalyca Meade,13.96,2,0,6.7008
07-06-2015,East,Furniture,Furnishings,Kalyca Meade,155.82,3,0,63.8862
07-06-2015,East,Technology,Phones,Kalyca Meade,124.95,5,0,2.499
07-06-2015,East,Office Supplies,Storage,Kalyca Meade,601.65,5,0,156.429
4/27/2015,East,Office Supplies,Art,Greg Tran,22.74,3,0,8.8686
4/27/2015,East,Furniture,Chairs,Greg Tran,1267.53,3,0,316.8825
4/27/2015,East,Technology,Machines,Greg Tran,1379.92,8,0,648.5624
6/16/2015,East,Office Supplies,Envelopes,Philip Brown,6.208,2,0.2,2.1728
12/17/2017,West,Office Supplies,Binders,Hallie Redmond,11.808,2,0.2,4.2804
01-11-2016,East,Office Supplies,Paper,Deanra Eno,15.552,3,0.2,5.4432
01-11-2016,East,Office Supplies,Paper,Deanra Eno,63.312,3,0.2,20.5764
01-11-2016,East,Technology,Phones,Deanra Eno,15.588,2,0.4,-9.8724
07-11-2014,East,Office Supplies,Paper,Laura Armstrong,177.2,5,0,83.284
07-11-2014,East,Technology,Phones,Laura Armstrong,197.97,3,0,57.4113
07-11-2014,East,Furniture,Chairs,Laura Armstrong,854.94,3,0,213.735
07-11-2014,East,Furniture,Furnishings,Laura Armstrong,124.11,9,0,52.1262
07-11-2014,East,Office Supplies,Labels,Laura Armstrong,14.4,5,0,7.056
11/20/2016,East,Office Supplies,Paper,Allen Goldenen,15.696,3,0.2,5.1012
11/20/2016,East,Office Supplies,Binders,Allen Goldenen,2.628,2,0.7,-1.9272
11/20/2016,East,Office Supplies,Binders,Allen Goldenen,14.427,3,0.7,-10.5798
4/22/2016,Central,Furniture,Furnishings,Ed Ludwig,86.62,2,0,8.662
6/13/2015,West,Office Supplies,Binders,Jennifer Jackson,36.624,3,0.2,13.734
11/20/2017,South,Office Supplies,Art,Jennifer Halladay,23.968,7,0.2,2.6964
11/20/2017,South,Office Supplies,Art,Jennifer Halladay,28.728,3,0.2,1.7955
3/20/2016,Central,Furniture,Tables,Robert Dilbeck,697.16,4,0,146.4036
09-06-2016,East,Technology,Accessories,Mary O'Rourke,31.86,2,0,11.151
09-06-2016,East,Furniture,Bookcases,Mary O'Rourke,722.352,3,0.2,90.294
07-09-2017,Central,Office Supplies,Art,Noel Staavos,8.84,5,0.2,2.9835
07-09-2017,Central,Office Supplies,Appliances,Noel Staavos,58.464,9,0.8,-146.16
10-12-2017,Central,Furniture,Chairs,Steve Nguyen,254.604,14,0.3,-18.186
03-08-2016,South,Technology,Phones,Zuschuss Carroll,1363.96,5,0.2,85.2475
03-08-2016,South,Furniture,Furnishings,Zuschuss Carroll,102.36,3,0.2,-3.8385
5/27/2014,West,Technology,Phones,Lena Creighton,1113.504,12,0.2,125.2692
5/27/2014,West,Technology,Accessories,Lena Creighton,99.99,1,0,37.9962
07-03-2015,East,Furniture,Furnishings,Deirdre Greer,168.464,2,0.2,-29.4812
07-03-2015,East,Office Supplies,Paper,Deirdre Greer,6.72,2,0.2,2.436
07-03-2015,East,Furniture,Furnishings,Deirdre Greer,282.888,9,0.2,56.5776
04-04-2015,East,Office Supplies,Art,Nicole Fjeld,11.16,2,0,4.3524
04-04-2015,East,Furniture,Furnishings,Nicole Fjeld,108.4,2,0,22.764
04-04-2015,East,Office Supplies,Binders,Nicole Fjeld,82.344,3,0.2,27.7911
04-04-2015,East,Office Supplies,Binders,Nicole Fjeld,9.088,4,0.2,3.2944
12-10-2017,West,Office Supplies,Binders,Ben Peterman,19.936,4,0.2,7.2268
12-10-2017,West,Office Supplies,Binders,Ben Peterman,65.568,2,0.2,22.9488
11/24/2016,East,Office Supplies,Fasteners,Matthew Grinstein,4.416,3,0.2,1.6008
3/23/2015,Central,Furniture,Chairs,Julia Dunbar,107.772,2,0.3,-29.2524
4/16/2015,East,Office Supplies,Appliances,Theresa Swint,45.216,3,0.2,4.5216
4/16/2015,East,Office Supplies,Fasteners,Theresa Swint,10.416,7,0.2,-2.2134
4/16/2015,East,Office Supplies,Art,Theresa Swint,7.872,3,0.2,1.2792
4/16/2015,East,Technology,Phones,Theresa Swint,118.782,3,0.4,-27.7158
4/16/2015,East,Office Supplies,Fasteners,Theresa Swint,1.448,1,0.2,0.2353
4/16/2015,East,Office Supplies,Binders,Theresa Swint,55.47,5,0.7,-46.225
10-01-2016,West,Furniture,Chairs,Brian DeCherney,194.848,4,0.2,12.178
9/28/2017,Central,Office Supplies,Supplies,Charles McCrossin,1.744,1,0.2,-0.3488
7/25/2015,East,Office Supplies,Binders,Ross Baird,25.176,4,0.7,-18.4624
11/20/2015,West,Office Supplies,Art,Skye Norling,19.46,7,0,5.0596
4/28/2016,West,Office Supplies,Paper,Erica Hernandez,29.472,3,0.2,9.9468
11/14/2017,East,Office Supplies,Binders,Frank Olsen,8.64,2,0.2,3.024
11-12-2016,West,Office Supplies,Binders,Maurice Satty,6.27,5,0.7,-4.598
11-12-2016,West,Office Supplies,Binders,Maurice Satty,4.368,7,0.7,-3.3488
11-12-2016,West,Technology,Accessories,Maurice Satty,31.984,2,0.2,1.999
9/29/2016,Central,Office Supplies,Art,Chad Cunningham,40.88,7,0,10.6288
9/23/2017,West,Office Supplies,Appliances,Don Weiss,119.96,2,0,33.5888
9/23/2017,West,Office Supplies,Storage,Don Weiss,31.44,3,0,8.4888
9/23/2017,West,Office Supplies,Binders,Don Weiss,6.88,1,0.2,2.322
11/29/2015,Central,Office Supplies,Paper,Bill Tyler,19.92,4,0,9.3624
11/29/2015,Central,Furniture,Chairs,Bill Tyler,1106.91,9,0,121.7601
03-01-2016,East,Furniture,Tables,Karen Daniels,836.592,8,0.4,-264.9208
03-01-2016,East,Office Supplies,Paper,Karen Daniels,26.38,1,0,12.1348
03-01-2016,East,Office Supplies,Storage,Karen Daniels,362.92,2,0,105.2468
03-01-2016,East,Technology,Machines,Karen Daniels,4899.93,7,0,2400.9657
08-12-2016,Central,Office Supplies,Paper,Lena Cacioppo,6.48,1,0,3.1104
8/15/2016,West,Technology,Phones,Craig Yedwab,71.976,3,0.2,7.1976
8/15/2016,West,Office Supplies,Labels,Craig Yedwab,3.15,1,0,1.512
06-04-2017,South,Furniture,Furnishings,Lindsay Williams,31.984,2,0.2,1.999
06-04-2017,South,Technology,Phones,Lindsay Williams,71.984,2,0.2,25.1944
12-06-2015,West,Office Supplies,Art,Naresj Patel,120.15,9,0,33.642
12-06-2015,West,Technology,Phones,Naresj Patel,219.184,2,0.2,19.1786
12/27/2015,East,Office Supplies,Paper,Brad Thomas,28.9,5,0,14.161
12/27/2015,East,Office Supplies,Appliances,Brad Thomas,355.96,2,0,103.2284
1/21/2017,South,Office Supplies,Storage,Penelope Sewall,348.208,7,0.2,30.4682
1/21/2017,South,Office Supplies,Binders,Penelope Sewall,35.784,7,0.7,-28.6272
6/25/2014,West,Furniture,Tables,Noel Staavos,447.84,5,0.2,11.196
6/14/2016,West,Office Supplies,Art,Paul Van Hugh,7.04,4,0,2.0416
6/14/2016,West,Furniture,Furnishings,Paul Van Hugh,8.73,3,0,4.1031
6/14/2016,West,Technology,Accessories,Paul Van Hugh,29.29,1,0,9.6657
6/14/2016,West,Office Supplies,Art,Paul Van Hugh,8.64,3,0,2.5056
4/21/2017,Central,Office Supplies,Binders,Resi Pölking,2.694,3,0.8,-4.7145
4/21/2017,Central,Office Supplies,Binders,Resi Pölking,2.934,3,0.8,-4.9878
10/21/2016,West,Office Supplies,Paper,Neoma Murray,22.92,3,0,11.2308
11/19/2016,Central,Office Supplies,Storage,Eric Hoffmann,100.704,6,0.2,-16.3644
11/19/2016,Central,Furniture,Furnishings,Eric Hoffmann,2.328,2,0.6,-0.7566
11/19/2016,Central,Office Supplies,Binders,Eric Hoffmann,10.78,5,0.8,-17.248
11/19/2016,Central,Office Supplies,Fasteners,Eric Hoffmann,58.368,12,0.2,21.888
11/19/2016,Central,Office Supplies,Envelopes,Eric Hoffmann,40.968,3,0.2,13.8267
11/19/2016,Central,Technology,Phones,Eric Hoffmann,71.96,5,0.2,25.186
11/19/2016,Central,Office Supplies,Paper,Eric Hoffmann,10.368,2,0.2,3.6288
11/19/2016,Central,Office Supplies,Binders,Eric Hoffmann,1.192,2,0.8,-2.0264
12/18/2017,West,Office Supplies,Binders,Russell Applegate,46.672,2,0.2,16.3352
12/18/2017,West,Furniture,Bookcases,Russell Applegate,119.833,1,0.15,-12.6882
12/18/2017,West,Technology,Accessories,Russell Applegate,119.98,2,0,57.5904
7/22/2016,West,Office Supplies,Labels,Dionis Lloyd,6.3,2,0,3.024
09-04-2015,South,Office Supplies,Paper,Christine Sundaresam,279.9,5,0,137.151
09-04-2015,South,Technology,Accessories,Christine Sundaresam,619.95,5,0,111.591
09-04-2015,South,Office Supplies,Paper,Christine Sundaresam,4.36,2,0,2.0492
09-04-2015,South,Office Supplies,Envelopes,Christine Sundaresam,15.28,2,0,7.4872
1/20/2014,South,Technology,Phones,Hunter Lopez,699.93,7,0,181.9818
1/20/2014,South,Office Supplies,Art,Hunter Lopez,22.96,7,0,6.6584
1/20/2014,South,Furniture,Furnishings,Hunter Lopez,38.6,4,0,11.58
1/20/2014,South,Office Supplies,Art,Hunter Lopez,6.63,3,0,1.7901
1/20/2014,South,Office Supplies,Envelopes,Hunter Lopez,23.34,3,0,10.9698
1/20/2014,South,Furniture,Chairs,Hunter Lopez,1067.94,3,0,224.2674
03-02-2015,Central,Office Supplies,Art,Pete Armstrong,10.16,1,0,2.6416
03-02-2015,Central,Office Supplies,Envelopes,Pete Armstrong,101.88,6,0,50.94
04-12-2016,South,Furniture,Tables,Brian Dahlen,343.92,4,0,75.6624
04-12-2016,South,Office Supplies,Paper,Brian Dahlen,40.99,1,0,20.0851
04-12-2016,South,Office Supplies,Envelopes,Brian Dahlen,63.9,5,0,28.755
12-06-2016,West,Office Supplies,Paper,Greg Guthrie,19.44,3,0,9.3312
06-05-2016,East,Office Supplies,Storage,Joni Sundaresam,124.608,4,0.2,-23.364
06-05-2016,East,Office Supplies,Labels,Joni Sundaresam,7.56,3,0.2,2.646
12-11-2016,South,Office Supplies,Storage,Lena Radford,85.224,3,0.2,7.4571
11-12-2016,Central,Office Supplies,Envelopes,Frank Hawley,287.52,8,0,129.384
11-12-2016,Central,Office Supplies,Appliances,Frank Hawley,37.68,2,0,10.5504
11-12-2016,Central,Office Supplies,Paper,Frank Hawley,19.98,2,0,8.991
11-12-2016,Central,Office Supplies,Art,Frank Hawley,20.58,7,0,5.5566
11-12-2016,Central,Office Supplies,Binders,Frank Hawley,17.38,2,0,8.69
9/29/2014,West,Furniture,Furnishings,Arthur Prichep,204.6,2,0,53.196
9/29/2014,West,Office Supplies,Fasteners,Arthur Prichep,8.72,4,0,2.8776
9/29/2014,West,Office Supplies,Paper,Arthur Prichep,6.48,1,0,3.1104
9/29/2014,West,Technology,Machines,Arthur Prichep,686.32,2,0.2,223.054
9/29/2014,West,Office Supplies,Storage,Arthur Prichep,62.18,1,0,16.7886
04-04-2015,Central,Office Supplies,Appliances,Nat Carroll,644.076,2,0.1,107.346
04-04-2015,Central,Office Supplies,Fasteners,Nat Carroll,5.84,2,0,2.628
04-04-2015,Central,Office Supplies,Binders,Nat Carroll,12.76,2,0,5.8696
04-04-2015,Central,Technology,Phones,Nat Carroll,10.95,1,0,0.438
04-04-2015,Central,Technology,Copiers,Nat Carroll,599.98,2,0,209.993
05-08-2015,East,Furniture,Furnishings,Claudia Bergmann,8.352,6,0.2,1.2528
12/31/2016,West,Office Supplies,Art,Kelly Lampkin,3.64,2,0,1.638
12/31/2016,West,Office Supplies,Binders,Kelly Lampkin,159.768,7,0.2,53.9217
12/20/2014,South,Office Supplies,Storage,Penelope Sewall,122.48,2,0,0
12/20/2014,South,Furniture,Tables,Penelope Sewall,2244.48,7,0,493.7856
12/20/2014,South,Office Supplies,Binders,Penelope Sewall,62.31,3,0,29.2857
12/20/2014,South,Furniture,Tables,Penelope Sewall,455.1,2,0,100.122
07-02-2016,West,Furniture,Chairs,George Bell,195.184,1,0.2,19.5184
6/29/2017,Central,Office Supplies,Appliances,Alex Avila,362.94,3,0,90.735
6/29/2017,Central,Office Supplies,Binders,Alex Avila,11.54,2,0,5.77
09-01-2014,West,Office Supplies,Art,Larry Tron,53.94,3,0,15.6426
03-03-2014,East,Technology,Phones,Anne Pryor,9.99,1,0,4.5954
03-03-2014,East,Office Supplies,Binders,Anne Pryor,125.76,3,0.2,40.872
03-03-2014,East,Office Supplies,Binders,Anne Pryor,25.32,5,0.2,9.1785
05-04-2014,Central,Office Supplies,Binders,Paul MacIntyre,46.8,4,0,21.06
11-02-2015,West,Technology,Accessories,Kelly Collister,447.93,9,0,49.2723
12-08-2017,East,Furniture,Furnishings,Delfina Latchford,109.48,2,0,33.9388
12-08-2017,East,Office Supplies,Storage,Delfina Latchford,272.94,3,0,0
12-08-2017,East,Office Supplies,Paper,Delfina Latchford,19.44,3,0,9.3312
12-08-2017,East,Office Supplies,Storage,Delfina Latchford,31.92,4,0,8.2992
03-10-2014,Central,Office Supplies,Paper,Scott Williamson,22.38,2,0,10.7424
4/21/2014,West,Office Supplies,Binders,Allen Armold,16.52,5,0.2,5.5755
10/22/2015,Central,Office Supplies,Binders,Liz Thompson,5.176,4,0.8,-7.764
8/22/2015,East,Office Supplies,Binders,Dave Poirier,50.112,6,0.2,16.2864
8/29/2016,East,Office Supplies,Supplies,Adam Bellavance,27.93,3,0,8.0997
12/27/2014,West,Office Supplies,Labels,Alyssa Tate,11.56,4,0,5.4332
12-01-2016,East,Furniture,Chairs,Joel Eaton,172.5,2,0,51.75
12-01-2016,East,Technology,Phones,Joel Eaton,179.97,3,0,44.9925
4/24/2016,Central,Technology,Accessories,Cathy Armstrong,258.696,3,0.2,64.674
6/21/2014,East,Technology,Phones,Dave Brooks,1322.93,7,0,357.1911
6/21/2014,East,Office Supplies,Art,Dave Brooks,3.76,2,0,1.0904
1/14/2017,South,Office Supplies,Envelopes,Rob Beeghly,21.744,1,0.2,7.3386
1/14/2017,South,Technology,Phones,Rob Beeghly,7.92,5,0.2,0.693
11/24/2014,West,Office Supplies,Binders,Harold Ryan,12.096,7,0.2,4.2336
11/24/2014,West,Office Supplies,Storage,Harold Ryan,485.88,6,0,9.7176
11/24/2014,West,Office Supplies,Paper,Harold Ryan,25.92,4,0,12.4416
11/24/2014,West,Office Supplies,Storage,Harold Ryan,197.58,2,0,53.3466
2/26/2017,West,Office Supplies,Appliances,Bradley Talbott,81.92,4,0,22.1184
2/26/2017,West,Technology,Phones,Bradley Talbott,889.536,8,0.2,66.7152
2/26/2017,West,Furniture,Chairs,Bradley Talbott,892.224,3,0.2,89.2224
2/26/2017,West,Office Supplies,Paper,Bradley Talbott,223.92,4,0,109.7208
2/26/2017,West,Office Supplies,Paper,Bradley Talbott,23.12,4,0,11.3288
9/15/2015,South,Office Supplies,Paper,Nat Gilpin,15.552,3,0.2,5.4432
9/15/2015,South,Furniture,Furnishings,Nat Gilpin,15.712,4,0.2,2.5532
9/15/2015,South,Office Supplies,Storage,Nat Gilpin,24.672,2,0.2,2.1588
9/15/2015,South,Furniture,Furnishings,Nat Gilpin,55.968,1,0.2,-2.0988
04-08-2016,Central,Technology,Accessories,Zuschuss Carroll,431.928,9,0.2,64.7892
04-08-2016,Central,Furniture,Chairs,Zuschuss Carroll,95.984,4,0.3,-4.1136
04-08-2016,Central,Office Supplies,Binders,Zuschuss Carroll,1088.792,4,0.8,-1850.9464
7/18/2016,West,Furniture,Chairs,Linda Southworth,544.008,3,0.2,40.8006
7/18/2016,West,Office Supplies,Binders,Linda Southworth,1.872,3,0.7,-1.4352
7/18/2016,West,Furniture,Chairs,Linda Southworth,854.352,3,0.2,10.6794
7/18/2016,West,Office Supplies,Storage,Linda Southworth,593.568,2,0.2,0
7/18/2016,West,Office Supplies,Storage,Linda Southworth,338.04,3,0.2,-33.804
08-01-2017,South,Technology,Phones,Larry Hughes,271.96,5,0.2,16.9975
7/14/2016,East,Office Supplies,Storage,Steven Ward,11.21,1,0,3.363
7/14/2016,East,Office Supplies,Binders,Steven Ward,9.144,3,0.2,3.2004
7/14/2016,East,Office Supplies,Fasteners,Steven Ward,14.07,7,0,6.8943
7/14/2016,East,Office Supplies,Art,Steven Ward,41.86,7,0,10.465
7/14/2016,East,Office Supplies,Binders,Steven Ward,8.544,2,0.2,2.8836
7/14/2016,East,Furniture,Bookcases,Steven Ward,579.136,4,0.2,21.7176
09-09-2017,East,Furniture,Chairs,Stefania Perrino,141.372,2,0.3,-48.4704
09-09-2017,East,Office Supplies,Binders,Stefania Perrino,3.036,2,0.7,-2.3276
09-09-2017,East,Office Supplies,Binders,Stefania Perrino,4.503,1,0.7,-3.6024
09-09-2017,East,Office Supplies,Art,Stefania Perrino,4.672,1,0.2,1.5768
09-09-2017,East,Technology,Accessories,Stefania Perrino,95.88,3,0.2,28.764
09-09-2017,East,Furniture,Furnishings,Stefania Perrino,17.024,2,0.2,1.7024
09-09-2017,East,Technology,Accessories,Stefania Perrino,258.696,3,0.2,64.674
09-09-2017,East,Technology,Phones,Stefania Perrino,1931.958,7,0.4,-386.3916
07-12-2014,West,Office Supplies,Storage,Ben Ferrer,249.75,9,0,44.955
07-12-2014,West,Technology,Phones,Ben Ferrer,255.936,8,0.2,28.7928
12-04-2016,East,Furniture,Furnishings,Becky Martin,113.79,3,0,20.4822
12-04-2016,East,Technology,Accessories,Becky Martin,78.15,1,0,34.386
12-04-2016,East,Office Supplies,Binders,Becky Martin,1.728,1,0.2,0.6048
12-04-2016,East,Office Supplies,Paper,Becky Martin,40.56,4,0,19.8744
12-04-2016,East,Office Supplies,Storage,Becky Martin,182.94,3,0,3.6588
12-04-2016,East,Office Supplies,Storage,Becky Martin,193.86,2,0,11.6316
11-06-2017,West,Office Supplies,Envelopes,Zuschuss Carroll,15.28,2,0,7.4872
11-06-2017,West,Furniture,Furnishings,Zuschuss Carroll,8.73,1,0,2.9682
11-06-2017,West,Office Supplies,Art,Zuschuss Carroll,5.68,2,0,1.7608
10/31/2015,East,Office Supplies,Art,Kean Thornton,2.78,2,0,0.7228
10/31/2015,East,Office Supplies,Envelopes,Kean Thornton,79.96,2,0,35.982
5/30/2016,East,Technology,Copiers,Brooke Gillingham,839.988,2,0.4,69.999
10/28/2016,South,Furniture,Furnishings,Patrick Gardner,47.952,3,0.2,13.7862
10/28/2016,South,Office Supplies,Binders,Patrick Gardner,37.425,5,0.7,-29.94
10/28/2016,South,Furniture,Furnishings,Patrick Gardner,63.968,2,0.2,0
10/28/2016,South,Furniture,Furnishings,Patrick Gardner,165.048,3,0.2,41.262
08-11-2014,West,Furniture,Furnishings,Greg Matthias,12.35,1,0,5.434
08-11-2014,West,Office Supplies,Art,Greg Matthias,40.97,1,0,10.6522
08-11-2014,West,Office Supplies,Fasteners,Greg Matthias,22.96,2,0,10.7912
8/29/2016,East,Technology,Phones,Meg O'Connel,22,4,0,5.5
2/15/2016,East,Office Supplies,Binders,Patrick Gardner,398.352,3,0.2,124.485
2/15/2016,East,Office Supplies,Fasteners,Patrick Gardner,8.72,4,0,3.5752
5/14/2017,South,Office Supplies,Envelopes,Eva Jacobs,48.69,9,0,23.8581
12-12-2014,West,Furniture,Tables,Nora Preis,764.688,6,0.2,95.586
12-12-2014,West,Furniture,Tables,Nora Preis,3610.848,12,0.2,135.4068
12-12-2014,West,Furniture,Bookcases,Nora Preis,254.9745,3,0.15,11.9988
12/18/2017,East,Office Supplies,Art,Doug Jacobs,38.82,6,0,17.469
12/18/2017,East,Furniture,Chairs,Doug Jacobs,1141.938,9,0.1,139.5702
12/18/2017,East,Office Supplies,Appliances,Doug Jacobs,1704.56,13,0,511.368
12/18/2017,East,Office Supplies,Art,Doug Jacobs,3.2,2,0,1.376
07-04-2015,Central,Technology,Phones,Irene Maddox,1099.96,4,0,285.9896
03-10-2017,East,Office Supplies,Art,Mick Hernandez,5.248,2,0.2,0.5904
03-10-2017,East,Technology,Phones,Mick Hernandez,35.91,3,0.4,-8.379
03-10-2017,East,Furniture,Furnishings,Mick Hernandez,6.696,1,0.2,0.5022
03-10-2017,East,Furniture,Furnishings,Mick Hernandez,43.872,2,0.2,11.5164
12/24/2016,South,Office Supplies,Binders,Ross Baird,27.882,3,0.7,-20.4468
12/24/2016,South,Office Supplies,Storage,Ross Baird,540.048,3,0.2,-47.2542
12/24/2016,South,Technology,Accessories,Ross Baird,255.68,8,0.2,76.704
10/23/2017,South,Technology,Phones,Jocasta Rupert,863.88,3,0.2,107.985
10/28/2016,South,Office Supplies,Binders,Suzanne McNair,17.616,4,0.7,-14.0928
07-07-2017,East,Office Supplies,Binders,Christine Sundaresam,17.472,3,0.2,6.3336
10-01-2016,Central,Technology,Phones,Chris Cortes,69.9,2,0,18.873
10-01-2016,Central,Furniture,Furnishings,Chris Cortes,41.85,5,0,10.881
09-02-2017,West,Office Supplies,Art,Phillip Flathmann,6.57,3,0,1.7739
12/24/2014,West,Office Supplies,Storage,Julie Creighton,142.86,1,0,41.4294
12/24/2014,West,Furniture,Chairs,Julie Creighton,292.272,6,0.2,18.267
9/23/2017,West,Furniture,Furnishings,Brooke Gillingham,29.328,3,0.2,3.666
06-04-2017,South,Office Supplies,Paper,Dan Campbell,12.48,2,0,5.616
4/21/2016,Central,Office Supplies,Storage,Sibella Parks,102.336,4,0.2,-12.792
4/21/2016,Central,Office Supplies,Appliances,Sibella Parks,48.792,3,0.8,-126.8592
4/21/2016,Central,Office Supplies,Binders,Sibella Parks,44.848,8,0.8,-67.272
5/26/2016,Central,Office Supplies,Paper,Maurice Satty,10.368,2,0.2,3.6288
5/26/2016,Central,Furniture,Chairs,Maurice Satty,388.43,5,0.3,-88.784
5/26/2016,Central,Office Supplies,Paper,Maurice Satty,14.352,3,0.2,5.2026
5/26/2016,Central,Technology,Accessories,Maurice Satty,63.992,1,0.2,-7.1991
05-02-2016,Central,Office Supplies,Art,Bryan Davis,86.352,3,0.2,5.397
09-08-2014,South,Technology,Accessories,Karen Carlisle,32.97,3,0,12.8583
09-08-2014,South,Technology,Accessories,Karen Carlisle,83.88,4,0,30.1968
09-05-2016,Central,Technology,Phones,Toby Ritter,278.4,3,0,80.736
04-09-2017,South,Office Supplies,Labels,Sue Ann Reed,15.12,3,0.2,4.914
04-09-2017,South,Office Supplies,Binders,Sue Ann Reed,17.43,1,0.7,-13.363
04-09-2017,South,Office Supplies,Paper,Sue Ann Reed,251.64,3,0.2,88.074
12-06-2015,Central,Office Supplies,Binders,Katrina Willman,2.772,7,0.8,-4.851
6/26/2016,East,Office Supplies,Storage,Gene McClure,14.9,5,0,1.043
07-04-2015,East,Office Supplies,Art,Alan Dominguez,15.48,3,0,4.4892
11/22/2016,East,Furniture,Furnishings,Todd Boyes,39.88,2,0,11.1664
11/22/2016,East,Office Supplies,Binders,Todd Boyes,12.192,4,0.2,4.1148
11/22/2016,East,Office Supplies,Art,Todd Boyes,20.82,3,0,7.4952
11-10-2016,West,Office Supplies,Binders,Chuck Clark,13.216,4,0.2,4.4604
11-10-2016,West,Office Supplies,Paper,Chuck Clark,32.4,5,0,15.552
8/27/2015,West,Office Supplies,Supplies,Philip Fox,32.94,3,0,9.2232
8/27/2015,West,Office Supplies,Paper,Philip Fox,114.2,5,0,52.532
8/27/2015,West,Office Supplies,Labels,Philip Fox,3.08,1,0,1.4784
5/25/2015,West,Office Supplies,Appliances,Justin Hirsh,845.728,13,0.2,84.5728
12/30/2017,West,Office Supplies,Binders,Erica Bern,13.904,2,0.2,4.5188
12/30/2017,West,Office Supplies,Binders,Erica Bern,20.72,2,0.2,6.475
12-08-2016,Central,Technology,Phones,Quincy Jones,114.95,5,0,2.299
10-04-2015,West,Office Supplies,Storage,Alex Avila,26.96,2,0,7.0096
12/23/2016,South,Furniture,Furnishings,Logan Currie,572.76,6,0,166.1004
12/23/2016,South,Furniture,Furnishings,Logan Currie,286.38,3,0,83.0502
9/19/2015,South,Furniture,Bookcases,Tracy Collins,61.96,2,0,4.3372
07-03-2017,South,Furniture,Furnishings,Chuck Sachs,23.99,1,0,5.5177
07-03-2017,South,Technology,Phones,Chuck Sachs,287.97,3,0,77.7519
7/14/2016,Central,Technology,Phones,Bryan Mills,419.944,7,0.2,52.493
6/20/2016,West,Office Supplies,Paper,Roy Collins,46.76,7,0,22.4448
6/20/2016,West,Office Supplies,Binders,Roy Collins,17.712,3,0.2,6.4206
6/20/2016,West,Office Supplies,Appliances,Roy Collins,21.78,2,0,5.6628
6/20/2016,West,Office Supplies,Storage,Roy Collins,161.94,3,0,9.7164
6/20/2016,West,Furniture,Chairs,Roy Collins,161.568,2,0.2,-8.0784
12-09-2016,East,Office Supplies,Labels,Fred McMath,3.69,1,0,1.7343
12-09-2016,East,Office Supplies,Labels,Fred McMath,122.12,4,0,56.1752
9/24/2016,East,Furniture,Chairs,Pete Kriz,155.372,2,0.3,-13.3176
12/18/2016,West,Office Supplies,Paper,Henry Goldwyn,38.88,6,0,18.6624
12/18/2016,West,Furniture,Furnishings,Henry Goldwyn,183.84,8,0,62.5056
12/18/2016,West,Office Supplies,Supplies,Henry Goldwyn,579.3,5,0,28.965
12-10-2017,East,Technology,Accessories,Helen Andreada,14.2,1,0.2,3.3725
07-01-2014,South,Technology,Phones,Laurel Workman,575.92,2,0.2,71.99
07-01-2014,South,Office Supplies,Binders,Laurel Workman,5.184,6,0.7,-3.6288
02-03-2017,East,Office Supplies,Binders,Matt Collins,5.229,3,0.7,-4.1832
02-03-2017,East,Office Supplies,Storage,Matt Collins,285.552,2,0.2,35.694
03-03-2017,South,Office Supplies,Appliances,Liz Preis,72.8,5,0,19.656
10-09-2017,South,Office Supplies,Paper,Evan Bailliet,10.816,4,0.2,3.5152
9/28/2014,East,Office Supplies,Storage,George Zrebassa,46.26,3,0,12.4902
5/27/2014,Central,Office Supplies,Binders,Laurel Elliston,17.46,6,0.8,-30.555
6/14/2015,East,Furniture,Furnishings,Alan Dominguez,51.072,6,0.2,5.1072
3/30/2016,East,Office Supplies,Paper,Cathy Prescott,11.34,1,0,5.5566
10/15/2017,West,Office Supplies,Art,Frank Gastineau,87.92,4,0,26.376
5/23/2016,West,Furniture,Furnishings,Lisa DeCherney,37.05,3,0,16.302
06-02-2017,East,Technology,Phones,Alejandro Ballentine,2.97,1,0.4,-0.6435
06-02-2017,East,Office Supplies,Storage,Alejandro Ballentine,27.44,2,0.2,2.401
2/16/2014,Central,Office Supplies,Binders,Michael Nguyen,1.08,3,0.8,-1.728
2/16/2014,Central,Office Supplies,Appliances,Michael Nguyen,7.96,2,0.8,-13.93
05-06-2014,West,Office Supplies,Binders,Harold Pawlan,140.736,8,0.2,52.776
5/16/2016,East,Office Supplies,Storage,Jim Radford,552.56,4,0,0
04-02-2017,West,Furniture,Furnishings,Jamie Frazer,25.11,3,0,6.5286
3/31/2017,East,Furniture,Furnishings,Chad McGuire,29.78,2,0,8.0406
3/31/2017,East,Technology,Phones,Chad McGuire,677.58,3,0,176.1708
3/31/2017,East,Office Supplies,Paper,Chad McGuire,75.04,8,0,36.0192
01-02-2017,South,Technology,Machines,Aaron Smayling,695.7,2,0.5,-27.828
01-02-2017,South,Office Supplies,Binders,Aaron Smayling,15.66,5,0.7,-12.528
01-02-2017,South,Office Supplies,Binders,Aaron Smayling,28.854,6,0.7,-21.1596
5/28/2015,East,Office Supplies,Art,Karl Braun,47.82,3,0,14.346
5/28/2015,East,Office Supplies,Labels,Karl Braun,13.05,5,0,6.003
3/17/2014,Central,Office Supplies,Appliances,Bradley Nguyen,93.78,2,0,36.5742
3/17/2014,Central,Office Supplies,Paper,Bradley Nguyen,47.18,7,0,23.59
3/17/2014,Central,Office Supplies,Art,Bradley Nguyen,19.68,6,0,5.7072
3/17/2014,Central,Office Supplies,Binders,Bradley Nguyen,53.4,10,0,25.098
3/17/2014,Central,Office Supplies,Binders,Bradley Nguyen,35.88,6,0,17.2224
10-03-2014,Central,Furniture,Chairs,Beth Paige,258.279,3,0.3,-70.1043
3/28/2016,South,Office Supplies,Storage,Aaron Smayling,31.4,2,0,7.85
05-04-2017,West,Technology,Phones,Lindsay Williams,183.96,5,0.2,20.6955
05-04-2017,West,Office Supplies,Paper,Lindsay Williams,17.61,3,0,8.4528
05-04-2017,West,Furniture,Tables,Lindsay Williams,300.904,1,0.2,11.2839
07-05-2014,Central,Office Supplies,Storage,Dan Campbell,220.776,3,0.2,-44.1552
07-05-2014,Central,Office Supplies,Storage,Dan Campbell,281.424,11,0.2,-35.178
05-05-2016,South,Office Supplies,Paper,Natalie DeCherney,79.14,3,0,36.4044
4/26/2017,Central,Furniture,Furnishings,Larry Blacks,1.988,1,0.6,-1.4413
9/26/2014,West,Furniture,Chairs,Kean Takahito,145.568,2,0.2,0
10/19/2017,East,Office Supplies,Art,Harry Marie,123.256,7,0.2,9.2442
10/19/2017,East,Office Supplies,Paper,Harry Marie,23.68,4,0.2,7.4
10/19/2017,East,Technology,Phones,Harry Marie,309.576,4,0.4,-56.7556
11-10-2017,West,Office Supplies,Binders,Ann Blume,38.388,14,0.7,-25.592
11-10-2017,West,Technology,Machines,Ann Blume,95.994,2,0.7,-63.996
11-10-2017,West,Technology,Accessories,Ann Blume,239.952,6,0.2,-35.9928
11-10-2017,West,Technology,Phones,Ann Blume,201.584,2,0.2,15.1188
11-10-2017,West,Furniture,Chairs,Ann Blume,899.136,4,0.2,-146.1096
07-08-2017,West,Furniture,Furnishings,Sam Zeldin,145.9,5,0,62.737
12/24/2015,West,Furniture,Bookcases,Jim Radford,590.058,7,0.7,-786.744
12/24/2015,West,Office Supplies,Art,Jim Radford,14.04,3,0.2,1.5795
03-07-2017,East,Technology,Accessories,Michael Granlund,49.08,3,0,4.908
04-01-2014,West,Office Supplies,Labels,Kunst Miller,29.6,2,0,14.8
04-01-2014,West,Office Supplies,Binders,Kunst Miller,17.088,4,0.2,5.5536
9/14/2015,West,Furniture,Tables,Christina Anderson,912.75,5,0,118.6575
08-04-2014,West,Office Supplies,Appliances,Valerie Dominguez,1089.75,3,0,305.13
08-04-2014,West,Office Supplies,Paper,Valerie Dominguez,447.84,8,0,219.4416
08-04-2014,West,Office Supplies,Art,Valerie Dominguez,16.4,5,0,4.264
08-04-2014,West,Technology,Phones,Valerie Dominguez,399.96,5,0.2,34.9965
08-04-2014,West,Office Supplies,Storage,Valerie Dominguez,158.9,5,0,7.945
08-04-2014,West,Office Supplies,Binders,Valerie Dominguez,13.184,1,0.2,4.7792
09-03-2016,Central,Furniture,Furnishings,Julie Kriz,83.952,3,0.6,-90.2484
02-05-2016,South,Office Supplies,Storage,Paul Prost,80.98,1,0,1.6196
02-05-2016,South,Office Supplies,Paper,Paul Prost,348.84,9,0,170.9316
02-05-2016,South,Office Supplies,Fasteners,Paul Prost,9.45,5,0,0.189
02-05-2016,South,Furniture,Furnishings,Paul Prost,18.84,3,0,7.1592
02-05-2016,South,Furniture,Bookcases,Paul Prost,239.98,2,0,52.7956
02-05-2016,South,Office Supplies,Envelopes,Paul Prost,167.96,2,0,78.9412
02-05-2016,South,Technology,Phones,Paul Prost,104.85,3,0,28.3095
02-05-2016,South,Technology,Phones,Paul Prost,484.83,3,0,126.0558
02-05-2016,South,Office Supplies,Paper,Paul Prost,122.97,3,0,60.2553
02-05-2016,South,Office Supplies,Storage,Paul Prost,154.44,3,0,1.5444
02-05-2016,South,Office Supplies,Paper,Paul Prost,342.37,7,0,160.9139
07-03-2017,South,Office Supplies,Art,Yana Sorensen,9.552,3,0.2,1.5522
10-09-2017,Central,Furniture,Tables,Cyma Kinney,652.45,5,0.5,-430.617
10-09-2017,Central,Furniture,Tables,Cyma Kinney,66.645,3,0.5,-42.6528
11/24/2016,East,Office Supplies,Binders,Nat Carroll,17.216,4,0.2,6.0256
11/24/2016,East,Office Supplies,Paper,Nat Carroll,11.56,2,0,5.6644
11/24/2016,East,Technology,Accessories,Nat Carroll,88.4,4,0,11.492
11/24/2016,East,Office Supplies,Paper,Nat Carroll,6.48,1,0,3.1104
11-01-2016,South,Technology,Phones,Katherine Murray,21.8,2,0,6.104
11-01-2016,South,Office Supplies,Envelopes,Katherine Murray,251.79,3,0,118.3413
4/19/2016,East,Furniture,Tables,Gary Mitchum,205.176,2,0.4,-58.1332
4/19/2016,East,Office Supplies,Paper,Gary Mitchum,419.4,5,0.2,146.79
04-06-2014,East,Office Supplies,Supplies,Shirley Daniels,10.304,1,0.2,-2.1896
04-06-2014,East,Furniture,Tables,Shirley Daniels,154.764,3,0.4,-36.1116
04-06-2014,East,Technology,Accessories,Shirley Daniels,116.784,2,0.2,21.897
09-02-2016,East,Office Supplies,Art,Karen Daniels,75.48,2,0,19.6248
09-02-2016,East,Furniture,Furnishings,Karen Daniels,39.98,2,0,9.995
9/25/2016,West,Furniture,Tables,Adrian Barton,393.165,3,0.5,-204.4458
11-04-2017,Central,Office Supplies,Labels,Sam Zeldin,23.68,2,0.2,8.88
07-09-2016,East,Furniture,Chairs,Jonathan Doherty,408.006,2,0.1,72.5344
07-09-2016,East,Furniture,Furnishings,Jonathan Doherty,165.28,4,0,14.8752
6/30/2014,East,Office Supplies,Binders,Helen Abelman,334.768,7,0.2,108.7996
1/28/2017,West,Technology,Accessories,Beth Thompson,239.97,3,0,26.3967
1/28/2017,West,Furniture,Furnishings,Beth Thompson,37.74,3,0,12.8316
9/21/2015,Central,Technology,Phones,Stuart Van,946.344,7,0.2,118.293
9/21/2015,Central,Technology,Accessories,Stuart Van,151.2,3,0.2,32.13
9/21/2015,Central,Furniture,Furnishings,Stuart Van,4.928,4,0.6,-1.4784
9/26/2015,West,Office Supplies,Paper,Rick Wilson,86.272,4,0.2,31.2736
9/26/2015,West,Office Supplies,Binders,Rick Wilson,72.588,2,0.7,-48.392
9/26/2015,West,Office Supplies,Appliances,Rick Wilson,60.672,2,0.2,14.4096
9/26/2015,West,Office Supplies,Binders,Rick Wilson,77.031,9,0.7,-59.0571
9/26/2015,West,Office Supplies,Storage,Rick Wilson,119.904,6,0.2,-1.4988
9/26/2015,West,Technology,Phones,Rick Wilson,263.96,5,0.2,23.0965
9/26/2015,West,Office Supplies,Storage,Rick Wilson,363.648,4,0.2,-86.3664
10/31/2015,West,Office Supplies,Binders,Damala Kotsonis,9.728,2,0.2,3.2832
10/31/2015,West,Office Supplies,Envelopes,Damala Kotsonis,14.75,5,0,7.08
10/31/2015,West,Office Supplies,Binders,Damala Kotsonis,29.8,5,0.2,9.3125
10/31/2015,West,Office Supplies,Labels,Damala Kotsonis,427.42,14,0,196.6132
11/26/2017,East,Technology,Phones,Liz Thompson,220.752,8,0.4,-40.4712
12/19/2014,South,Office Supplies,Binders,Irene Maddox,152.76,6,0,74.8524
12/19/2014,South,Office Supplies,Supplies,Irene Maddox,7.27,1,0,1.9629
12/19/2014,South,Furniture,Chairs,Irene Maddox,1819.86,14,0,163.7874
12/26/2016,West,Office Supplies,Paper,Frank Preis,33.9,5,0,15.594
6/20/2017,East,Office Supplies,Paper,Shui Tom,31.104,6,0.2,10.8864
6/20/2017,East,Office Supplies,Art,Shui Tom,5.248,2,0.2,0.5904
10/15/2015,Central,Technology,Accessories,Joel Eaton,263.88,3,0.2,42.8805
10/15/2015,Central,Furniture,Chairs,Joel Eaton,2453.43,5,0.3,-350.49
04-12-2017,East,Office Supplies,Binders,Bill Donatelli,29.7,5,0,13.365
04-12-2017,East,Office Supplies,Paper,Bill Donatelli,39.96,4,0,17.982
12/19/2017,West,Office Supplies,Binders,Michael Moore,36.672,2,0.2,11.46
08-05-2017,South,Office Supplies,Paper,Pauline Webber,13.76,2,0,6.3296
10-01-2015,West,Office Supplies,Storage,Shaun Chance,139.424,4,0.2,17.428
5/23/2016,Central,Technology,Phones,Ken Lonsdale,1979.928,9,0.2,148.4946
6/13/2017,Central,Office Supplies,Storage,Shirley Daniels,164.736,4,0.2,-39.1248
6/13/2017,Central,Furniture,Chairs,Shirley Daniels,470.302,7,0.3,-87.3418
6/13/2017,Central,Technology,Phones,Shirley Daniels,47.984,2,0.2,5.998
4/23/2014,East,Office Supplies,Binders,Theresa Swint,2.502,3,0.7,-1.7514
05-01-2015,West,Technology,Phones,Jennifer Braxton,88.752,3,0.2,11.094
7/19/2015,West,Office Supplies,Binders,Thais Sissman,2.025,1,0.7,-1.35
11/26/2016,South,Office Supplies,Paper,Mark Cousins,70.98,7,0,34.7802
11/26/2016,South,Office Supplies,Binders,Mark Cousins,91.68,3,0,45.84
11/26/2016,South,Office Supplies,Binders,Mark Cousins,33.75,5,0,16.875
11/26/2016,South,Technology,Machines,Mark Cousins,3040,8,0,1459.2
06-12-2017,South,Office Supplies,Binders,Maria Etezadi,91.2,3,0,41.952
06-12-2017,South,Furniture,Tables,Maria Etezadi,452.94,3,0,67.941
8/17/2015,East,Office Supplies,Binders,Shaun Chance,52.2,9,0,23.49
9/25/2016,Central,Office Supplies,Labels,Nicole Hansen,15.936,4,0.2,5.1792
05-04-2014,East,Furniture,Furnishings,Andrew Allen,27.46,2,0,9.8856
12-01-2015,West,Office Supplies,Binders,Logan Currie,55.424,2,0.2,19.3984
03-11-2016,East,Furniture,Tables,Mick Brown,244.006,2,0.3,-31.3722
8/26/2016,Central,Technology,Accessories,Linda Cazamias,159.984,2,0.2,43.9956
8/26/2016,Central,Furniture,Chairs,Linda Cazamias,1024.716,6,0.3,-29.2776
12/16/2016,East,Office Supplies,Fasteners,Keith Dawkins,3.68,2,0,1.8032
08-08-2014,West,Furniture,Furnishings,Maria Bertelson,121.376,4,0.2,-3.0344
08-08-2014,West,Technology,Accessories,Maria Bertelson,95.976,3,0.2,-10.7973
5/16/2015,South,Technology,Accessories,Tracy Hopkins,255.968,4,0.2,31.996
12-09-2017,Central,Furniture,Chairs,Damala Kotsonis,872.94,3,0,226.9644
12-09-2017,Central,Office Supplies,Binders,Damala Kotsonis,41.54,2,0,19.5238
12-09-2017,Central,Office Supplies,Paper,Damala Kotsonis,12.96,2,0,6.2208
9/24/2015,East,Office Supplies,Art,Odella Nelson,6.848,2,0.2,0.5992
07-11-2017,West,Office Supplies,Labels,Katherine Nockton,8.67,3,0,4.0749
12-01-2015,Central,Furniture,Furnishings,Neoma Murray,6.688,4,0.6,-4.0128
11/19/2016,East,Office Supplies,Art,Nora Pelletier,17.28,6,0,5.0112
11/19/2016,East,Office Supplies,Binders,Nora Pelletier,17.712,3,0.2,6.4206
3/19/2017,East,Office Supplies,Labels,Catherine Glotzbach,28.91,7,0,13.2986
11/13/2016,South,Office Supplies,Supplies,Cindy Stewart,52.136,7,0.2,5.8653
11/19/2017,West,Technology,Phones,Katherine Ducich,31.968,4,0.2,2.3976
12-02-2016,West,Office Supplies,Paper,Mike Kennedy,25.92,4,0,12.4416
12-02-2016,West,Office Supplies,Paper,Mike Kennedy,40.46,7,0,19.8254
12-02-2016,West,Office Supplies,Storage,Mike Kennedy,33.87,3,0,8.8062
8/25/2017,South,Office Supplies,Art,Don Weiss,9.728,2,0.2,1.7024
8/25/2017,South,Office Supplies,Paper,Don Weiss,3.424,1,0.2,1.07
10/14/2016,West,Technology,Accessories,Christine Phan,177,3,0,30.09
11/27/2014,East,Office Supplies,Fasteners,Maxwell Schwartz,3.76,2,0,1.316
11-03-2015,West,Technology,Phones,Corinna Mitchell,1212.848,7,0.2,106.1242
11-03-2015,West,Technology,Accessories,Corinna Mitchell,89.97,3,0,37.7874
11-03-2015,West,Furniture,Furnishings,Corinna Mitchell,42.6,3,0,16.614
11/29/2014,East,Office Supplies,Labels,Corey-Lock,5.04,2,0.2,1.764
4/30/2017,East,Office Supplies,Envelopes,Dionis Lloyd,62.96,4,0,28.332
11/24/2017,East,Office Supplies,Paper,Todd Sumrall,5.88,1,0,2.8812
11/24/2017,East,Furniture,Chairs,Todd Sumrall,977.292,6,0.1,173.7408
10/30/2017,West,Furniture,Furnishings,Jane Waco,9.64,2,0,3.6632
12/17/2014,South,Office Supplies,Art,Roy Französisch,40.05,3,0,11.214
09-04-2017,Central,Office Supplies,Art,John Dryer,10.192,7,0.2,3.185
09-04-2017,Central,Office Supplies,Storage,John Dryer,16.784,1,0.2,-0.2098
09-04-2017,Central,Office Supplies,Art,John Dryer,13.12,5,0.2,3.772
10/17/2016,West,Office Supplies,Binders,Neil Knudson,18.16,5,0.2,6.583
11-12-2017,Central,Office Supplies,Paper,Nathan Gelder,16.056,3,0.2,5.8203
11-12-2017,Central,Office Supplies,Paper,Nathan Gelder,223.056,9,0.2,69.705
11-12-2017,Central,Office Supplies,Storage,Nathan Gelder,540.048,3,0.2,-47.2542
11/24/2016,West,Technology,Phones,Alyssa Tate,33.52,2,0.2,3.352
11/24/2016,West,Furniture,Furnishings,Alyssa Tate,9.94,2,0,3.0814
08-01-2015,West,Office Supplies,Art,Pauline Chand,6.72,4,0,3.36
08-01-2015,West,Furniture,Tables,Pauline Chand,1004.976,6,0.2,-175.8708
12/24/2017,East,Office Supplies,Binders,Andy Reiter,17.88,3,0.2,5.5875
9/17/2016,South,Technology,Machines,Cindy Stewart,396,4,0,190.08
12-10-2017,Central,Office Supplies,Binders,Lindsay Shagiari,34.5,3,0,15.525
09-12-2017,West,Furniture,Furnishings,Jessica Myrick,8.36,2,0,3.0096
6/24/2017,West,Office Supplies,Art,Nicole Hansen,385.6,8,0,111.824
6/24/2017,West,Office Supplies,Art,Nicole Hansen,35.82,9,0,11.8206
8/18/2017,Central,Office Supplies,Storage,Russell Applegate,200.064,3,0.2,12.504
8/18/2017,Central,Office Supplies,Binders,Russell Applegate,21.38,5,0.8,-33.139
8/18/2017,Central,Office Supplies,Binders,Russell Applegate,6.744,4,0.8,-11.4648
12-11-2017,East,Furniture,Chairs,Arianne Irving,63.686,1,0.3,-9.098
12-10-2017,West,Furniture,Tables,Michael Chen,1669.6,4,0,116.872
02-03-2014,West,Office Supplies,Binders,Tom Boeckenhauer,83.84,2,0.2,27.248
02-03-2014,West,Office Supplies,Binders,Tom Boeckenhauer,13.272,3,0.2,4.3134
02-11-2017,West,Office Supplies,Binders,Victoria Wilson,21.336,7,0.2,7.7343
4/16/2017,Central,Office Supplies,Art,Paul Lucas,16.52,5,0.2,2.065
12-06-2015,West,Furniture,Furnishings,Gary Hwang,206.112,6,0.2,48.9516
12-06-2015,West,Office Supplies,Paper,Gary Hwang,19.92,5,0.2,6.723
12-06-2015,West,Office Supplies,Paper,Gary Hwang,198.272,8,0.2,61.96
12-06-2015,West,Office Supplies,Storage,Gary Hwang,247.104,6,0.2,-58.6872
12-06-2015,West,Office Supplies,Art,Gary Hwang,86.304,6,0.2,9.7092
7/22/2016,East,Office Supplies,Art,Caroline Jumper,4.16,2,0.2,0.364
7/22/2016,East,Furniture,Furnishings,Caroline Jumper,11.648,2,0.2,3.3488
11-07-2015,East,Office Supplies,Fasteners,Mike Caudle,26.18,7,0,0.5236
11-07-2015,East,Office Supplies,Paper,Mike Caudle,7.3,2,0,3.431
3/26/2015,South,Office Supplies,Paper,Benjamin Venier,74.352,3,0.2,23.235
8/31/2017,West,Office Supplies,Storage,Jeremy Farry,10.744,1,0.2,0.8058
8/31/2017,West,Office Supplies,Fasteners,Jeremy Farry,8.376,3,0.2,2.7222
12-04-2016,East,Office Supplies,Storage,Ellis Ballard,212.88,6,0,0
02-10-2017,West,Furniture,Bookcases,Mike Pelletier,203.983,2,0.15,16.7986
10/29/2016,East,Office Supplies,Storage,Jim Mitchum,40.74,3,0,0.4074
10/29/2016,East,Office Supplies,Appliances,Jim Mitchum,11.67,3,0,3.0342
9/15/2017,East,Technology,Phones,Carl Ludwig,39.99,1,0,11.5971
9/15/2017,East,Office Supplies,Art,Carl Ludwig,16.28,2,0,6.512
9/15/2017,East,Furniture,Bookcases,Carl Ludwig,782.94,3,0,203.5644
9/15/2017,East,Office Supplies,Binders,Carl Ludwig,242.48,7,0,116.3904
03-11-2014,East,Furniture,Furnishings,Chloris Kastensmidt,8.32,5,0.2,2.288
03-11-2014,East,Office Supplies,Fasteners,Chloris Kastensmidt,10.464,6,0.2,1.7004
02-04-2014,West,Office Supplies,Binders,Deborah Brumfield,82.896,3,0.2,29.0136
02-04-2014,West,Office Supplies,Paper,Deborah Brumfield,34.24,4,0,16.0928
12/31/2014,East,Furniture,Bookcases,Pamela Coakley,1573.488,7,0.2,196.686
11/23/2015,Central,Office Supplies,Paper,Victoria Brennan,335.52,4,0.2,117.432
11/23/2015,Central,Office Supplies,Binders,Victoria Brennan,23.912,2,0.8,-40.6504
11/23/2015,Central,Office Supplies,Storage,Victoria Brennan,27.056,2,0.2,2.3674
07-06-2014,East,Technology,Copiers,Emily Phan,559.992,1,0.2,174.9975
11/13/2017,Central,Office Supplies,Appliances,Maria Etezadi,9.324,6,0.8,-24.7086
6/17/2016,West,Office Supplies,Paper,Ivan Gibson,111.96,2,0,54.8604
05-03-2014,Central,Office Supplies,Labels,Joni Sundaresam,21.56,7,0,10.3488
10/16/2017,South,Office Supplies,Binders,Bobby Odegard,124.75,5,0,57.385
02-06-2015,West,Office Supplies,Art,Victoria Wilson,5.28,3,0,1.5312
09-04-2017,East,Technology,Accessories,Aimee Bixby,91.96,4,0,39.5428
05-09-2016,East,Office Supplies,Envelopes,Julia West,9.344,1,0.2,3.504
05-09-2016,East,Office Supplies,Art,Julia West,79.36,5,0.2,9.92
3/16/2015,West,Furniture,Tables,Jeremy Ellison,171.96,2,0,44.7096
04-09-2016,West,Office Supplies,Binders,Edward Becker,35.352,9,0.2,12.8151
04-04-2014,West,Office Supplies,Labels,Paul Knutson,18.9,6,0,9.072
09-05-2017,West,Office Supplies,Art,Christopher Schild,2.78,1,0,0.7228
6/30/2017,East,Furniture,Tables,Sheri Gordon,1044.63,5,0.4,-295.9785
11-09-2015,East,Office Supplies,Paper,Charlotte Melton,11.352,3,0.2,4.1151
03-04-2014,South,Office Supplies,Storage,Clay Ludtke,354.9,5,0,17.745
3/19/2015,West,Technology,Phones,Jesus Ocampo,453.576,3,0.2,39.6879
11/29/2015,Central,Technology,Accessories,Anthony Witt,21.48,3,0.2,-0.2685
11/29/2015,Central,Office Supplies,Binders,Anthony Witt,8.784,4,0.8,-13.6152
06-11-2017,West,Office Supplies,Paper,Dianna Vittorini,122.97,3,0,60.2553
11/26/2017,South,Office Supplies,Art,Adam Hart,12.84,3,0,3.7236
11/23/2014,West,Furniture,Chairs,Sanjit Chand,603.92,5,0.2,-67.941
11/23/2014,West,Office Supplies,Envelopes,Sanjit Chand,21.84,3,0,10.4832
11/23/2014,West,Technology,Accessories,Sanjit Chand,29.99,1,0,6.2979
11/23/2014,West,Furniture,Chairs,Sanjit Chand,381.44,2,0.2,23.84
12/15/2014,Central,Technology,Phones,Mick Crebagga,40.68,3,0.2,-9.153
12/15/2014,Central,Furniture,Chairs,Mick Crebagga,763.28,5,0.3,-21.808
4/22/2016,Central,Office Supplies,Storage,Tonja Turnell,23.952,2,0.2,2.3952
5/23/2016,South,Office Supplies,Paper,Anne Pryor,4.98,1,0,2.4402
2/27/2016,East,Office Supplies,Appliances,Dan Lawera,170.88,3,0,49.5552
08-09-2015,East,Technology,Phones,Naresj Patel,307.98,2,0,89.3142
08-09-2015,East,Furniture,Tables,Naresj Patel,382.806,9,0.4,-153.1224
08-09-2015,East,Office Supplies,Storage,Naresj Patel,41.96,2,0,2.9372
08-09-2015,East,Office Supplies,Binders,Naresj Patel,1217.568,2,0.2,456.588
08-09-2015,East,Furniture,Furnishings,Naresj Patel,47.04,3,0,18.3456
08-09-2015,East,Furniture,Furnishings,Naresj Patel,6.16,2,0,2.9568
08-09-2015,East,Technology,Phones,Naresj Patel,979.95,5,0,274.386
08-09-2015,East,Office Supplies,Paper,Naresj Patel,143.7,3,0,68.976
08-09-2015,East,Office Supplies,Fasteners,Naresj Patel,10.65,3,0,5.0055
08-09-2015,East,Technology,Accessories,Naresj Patel,247.8,4,0,34.692
05-12-2016,South,Office Supplies,Art,Vivek Grady,10.96,4,0,2.9592
4/15/2016,Central,Office Supplies,Art,Muhammed Yedwab,33.488,7,0.2,5.8604
4/15/2016,Central,Office Supplies,Fasteners,Muhammed Yedwab,8.04,5,0.2,2.9145
6/23/2015,West,Technology,Phones,Rick Duston,201.568,4,0.2,22.6764
10/19/2014,West,Office Supplies,Paper,Jeremy Farry,13.44,3,0,6.5856
3/24/2015,Central,Furniture,Bookcases,Dennis Pardue,359.058,3,0.3,-35.9058
05-08-2017,East,Furniture,Chairs,Maribeth Dona,47.992,2,0.3,-2.0568
10/16/2017,East,Furniture,Furnishings,Maribeth Yedwab,547.3,13,0,175.136
11/19/2017,Central,Office Supplies,Paper,Aimee Bixby,16.896,4,0.2,5.28
11/19/2017,Central,Office Supplies,Supplies,Aimee Bixby,6.672,1,0.2,0.5004
11/19/2017,Central,Office Supplies,Art,Aimee Bixby,99.136,4,0.2,8.6744
11/19/2017,Central,Furniture,Furnishings,Aimee Bixby,15.992,2,0.6,-13.993
05-08-2016,East,Furniture,Furnishings,George Bell,211.96,2,0,42.392
12-11-2016,South,Office Supplies,Art,Cynthia Arntzen,6.672,3,0.2,1.668
11/30/2017,East,Office Supplies,Art,Max Engle,155.94,6,0,45.2226
4/19/2016,West,Technology,Phones,Jas O'Carroll,39.96,5,0.2,12.987
4/19/2016,West,Office Supplies,Art,Jas O'Carroll,5.46,3,0,1.5288
4/19/2016,West,Office Supplies,Art,Jas O'Carroll,73.2,5,0,21.228
4/19/2016,West,Office Supplies,Binders,Jas O'Carroll,5.84,1,0.2,1.971
4/19/2016,West,Office Supplies,Paper,Jas O'Carroll,22.72,4,0,10.224
4/19/2016,West,Office Supplies,Binders,Jas O'Carroll,9.336,3,0.2,3.2676
5/26/2014,West,Furniture,Bookcases,Marina Lichtenstein,290.666,2,0.15,27.3568
5/26/2014,West,Technology,Phones,Marina Lichtenstein,201.584,2,0.2,20.1584
5/26/2014,West,Technology,Phones,Marina Lichtenstein,83.984,2,0.2,31.494
12/21/2017,West,Office Supplies,Storage,Yana Sorensen,1000.02,7,0,290.0058
3/15/2016,East,Technology,Accessories,Paul Lucas,83.976,3,0.2,-13.6461
08-10-2015,Central,Office Supplies,Labels,Julie Kriz,3.75,1,0,1.8
08-10-2015,Central,Office Supplies,Labels,Julie Kriz,41.4,4,0,19.872
08-10-2015,Central,Office Supplies,Art,Julie Kriz,29.79,3,0,12.5118
09-10-2016,East,Office Supplies,Storage,Parhena Norris,59.48,2,0,8.922
09-10-2016,East,Office Supplies,Paper,Parhena Norris,6.69,1,0,3.0774
07-08-2017,West,Furniture,Furnishings,Jenna Caffey,198.46,2,0,99.23
07-08-2017,West,Office Supplies,Labels,Jenna Caffey,786.48,8,0,385.3752
07-08-2017,West,Office Supplies,Binders,Jenna Caffey,23.168,2,0.2,7.8192
07-08-2017,West,Technology,Accessories,Jenna Caffey,50,2,0,10.5
12/19/2015,West,Technology,Phones,James Galang,675.96,5,0.2,84.495
12/19/2015,West,Technology,Accessories,James Galang,1265.85,3,0,556.974
11/16/2015,East,Office Supplies,Appliances,Philisse Overcash,523.25,5,0,141.2775
9/24/2015,South,Furniture,Chairs,Marc Crier,517.5,6,0,155.25
6/21/2017,East,Furniture,Furnishings,Alan Shonely,17.92,5,0.2,2.464
6/21/2017,East,Office Supplies,Binders,Alan Shonely,41.256,6,0.7,-34.38
05-08-2016,East,Office Supplies,Storage,Clay Ludtke,1006.056,3,0.2,88.0299
05-08-2016,East,Office Supplies,Paper,Clay Ludtke,10.688,2,0.2,3.7408
05-08-2016,East,Office Supplies,Paper,Clay Ludtke,10.368,2,0.2,3.6288
05-08-2016,East,Office Supplies,Storage,Clay Ludtke,25.12,2,0.2,1.57
05-08-2016,East,Technology,Accessories,Clay Ludtke,58.112,2,0.2,7.264
11/26/2014,West,Office Supplies,Paper,Natalie Webber,15.552,3,0.2,5.4432
11/26/2014,West,Office Supplies,Storage,Natalie Webber,669.08,5,0.2,-167.27
11/26/2014,West,Technology,Phones,Natalie Webber,438.336,4,0.2,-87.6672
5/26/2016,East,Office Supplies,Paper,Toby Braunhardt,19.44,3,0,9.3312
5/26/2016,East,Office Supplies,Binders,Toby Braunhardt,9.64,2,0,4.4344
5/26/2016,East,Office Supplies,Paper,Toby Braunhardt,12.7,2,0,5.842
5/26/2016,East,Furniture,Furnishings,Toby Braunhardt,41.37,3,0,17.3754
11/29/2014,Central,Office Supplies,Fasteners,Bill Stewart,12.624,2,0.2,3.945
3/19/2015,West,Office Supplies,Storage,Fred Hopkins,1247.64,3,0,349.3392
3/19/2015,West,Technology,Copiers,Fred Hopkins,3149.93,7,0,1480.4671
3/19/2015,West,Office Supplies,Paper,Fred Hopkins,209.7,2,0,100.656
11-01-2015,East,Technology,Accessories,Valerie Mitchum,35.36,2,0.2,-3.094
11-01-2015,East,Office Supplies,Fasteners,Valerie Mitchum,3.168,2,0.2,-0.7128
9/26/2015,East,Office Supplies,Binders,Sarah Foster,121.104,6,0.7,-100.92
9/26/2015,East,Technology,Phones,Sarah Foster,45.894,1,0.4,-9.1788
8/29/2014,West,Office Supplies,Paper,Hilary Holden,109.92,2,0,53.8608
8/29/2014,West,Office Supplies,Paper,Hilary Holden,13.36,2,0,6.4128
11/18/2017,West,Office Supplies,Storage,Christina DeMoss,169.68,6,0,45.8136
11/18/2017,West,Technology,Accessories,Christina DeMoss,132.52,4,0,54.3332
11/18/2017,West,Office Supplies,Fasteners,Christina DeMoss,2.96,2,0,1.4208
11/18/2017,West,Office Supplies,Binders,Christina DeMoss,8.448,2,0.2,2.9568
11/18/2017,West,Office Supplies,Storage,Christina DeMoss,95.94,3,0,9.594
05-12-2014,Central,Furniture,Furnishings,Hunter Lopez,34.79,7,0,10.7849
1/20/2017,West,Technology,Phones,Thea Hendricks,160.776,3,0.2,10.0485
10/30/2017,West,Office Supplies,Binders,Michelle Moray,88.752,3,0.2,27.735
10/30/2017,West,Office Supplies,Binders,Michelle Moray,13.904,2,0.2,5.214
4/30/2017,East,Technology,Phones,Quincy Jones,677.58,5,0.4,-158.102
4/30/2017,East,Office Supplies,Binders,Quincy Jones,13.896,3,0.7,-9.264
11/24/2016,Central,Office Supplies,Storage,Neola Schneider,41.92,5,0.2,3.668
11/24/2016,Central,Technology,Accessories,Neola Schneider,297.576,3,0.2,-7.4394
11/24/2016,Central,Office Supplies,Fasteners,Neola Schneider,4.344,3,0.2,0.8688
11/24/2016,Central,Technology,Accessories,Neola Schneider,94.992,2,0.2,-2.3748
11/24/2016,Central,Office Supplies,Paper,Neola Schneider,74.352,3,0.2,23.235
11/24/2016,Central,Office Supplies,Art,Neola Schneider,14.04,3,0.2,1.5795
01-10-2015,East,Furniture,Tables,Michael Moore,1018.104,4,0.4,-373.3048
10/19/2017,Central,Technology,Phones,Rick Duston,16.68,3,0.2,5.2125
3/22/2016,West,Technology,Accessories,Robert Barroso,58.58,2,0,19.3314
07-03-2017,Central,Technology,Phones,Rob Dowd,167.968,4,0.2,62.988
12-11-2015,South,Office Supplies,Labels,Shaun Weien,196.62,2,0,96.3438
9/17/2015,Central,Furniture,Furnishings,Sylvia Foulston,21.936,2,0.6,-10.4196
9/17/2015,Central,Office Supplies,Binders,Sylvia Foulston,6.588,3,0.8,-10.2114
5/18/2016,West,Office Supplies,Storage,Eric Barreto,104.28,3,0,26.07
5/18/2016,West,Office Supplies,Paper,Eric Barreto,17.94,3,0,8.7906
09-07-2014,East,Office Supplies,Storage,Sean Braxton,64.784,1,0.2,-14.5764
09-07-2014,East,Technology,Phones,Sean Braxton,32.382,3,0.4,4.3176
09-07-2014,East,Furniture,Furnishings,Sean Braxton,42.368,2,0.2,8.4736
09-07-2014,East,Technology,Machines,Sean Braxton,399.54,4,0.7,-559.356
9/29/2016,West,Office Supplies,Paper,Pamela Stobb,18.97,1,0,9.1056
11-07-2016,West,Furniture,Furnishings,Claudia Bergmann,14.82,3,0,6.2244
4/24/2017,East,Office Supplies,Appliances,Damala Kotsonis,99.28,2,0.2,12.41
4/24/2017,East,Office Supplies,Binders,Damala Kotsonis,1.188,2,0.7,-0.99
4/24/2017,East,Office Supplies,Binders,Damala Kotsonis,7.518,2,0.7,-5.7638
12-10-2017,East,Office Supplies,Paper,Anthony Witt,10.368,2,0.2,3.6288
12-10-2017,East,Furniture,Furnishings,Anthony Witt,310.88,2,0.2,23.316
8/16/2014,East,Furniture,Tables,Troy Staebel,853.092,6,0.4,-227.4912
12-09-2017,Central,Office Supplies,Paper,Herbert Flentye,33.45,5,0,15.387
12-09-2017,Central,Office Supplies,Binders,Herbert Flentye,10.4,5,0,5.096
3/14/2016,East,Furniture,Furnishings,Henia Zydlo,21.88,5,0.2,6.2905
6/26/2016,Central,Technology,Accessories,Alejandro Ballentine,13.616,2,0.2,3.5742
9/25/2015,East,Technology,Accessories,Phillina Ober,63.96,4,0,19.8276
9/25/2015,East,Office Supplies,Binders,Phillina Ober,14.46,3,0,7.0854
9/25/2015,East,Technology,Phones,Phillina Ober,104.98,2,0,52.49
12/27/2015,West,Office Supplies,Appliances,Arthur Gainer,106.96,2,0,31.0184
12/27/2015,West,Office Supplies,Labels,Arthur Gainer,21.56,7,0,10.3488
06-03-2014,West,Furniture,Tables,Steven Cartwright,515.88,6,0,113.4936
7/13/2015,East,Office Supplies,Binders,Natalie DeCherney,11.808,2,0.2,4.2804
7/13/2015,East,Furniture,Chairs,Natalie DeCherney,1931.04,9,0.1,321.84
7/13/2015,East,Office Supplies,Paper,Natalie DeCherney,9.96,2,0,4.6812
02-02-2014,West,Office Supplies,Fasteners,Cynthia Delaney,12.35,5,0,5.8045
03-08-2016,West,Office Supplies,Binders,Patrick Gardner,9.702,3,0.7,-7.1148
11/22/2015,East,Office Supplies,Binders,Irene Maddox,11.61,2,0.7,-9.288
10/30/2017,West,Office Supplies,Labels,Jamie Kunitz,43.86,6,0,20.6142
10/30/2017,West,Technology,Phones,Jamie Kunitz,148.48,2,0.2,16.704
10/30/2017,West,Office Supplies,Paper,Jamie Kunitz,7.42,2,0,3.71
10/30/2017,West,Furniture,Chairs,Jamie Kunitz,71.992,1,0.2,-0.8999
10/30/2017,West,Office Supplies,Art,Jamie Kunitz,19.9,5,0,6.567
10/30/2017,West,Office Supplies,Appliances,Jamie Kunitz,1702.12,14,0,510.636
1/30/2015,Central,Office Supplies,Paper,Jeremy Pistek,14.304,6,0.2,5.0064
09-08-2017,Central,Furniture,Tables,Michelle Moray,765.625,7,0.5,-566.5625
10-07-2017,West,Furniture,Bookcases,Debra Catini,307.666,2,0.15,-14.4784
4/30/2016,East,Office Supplies,Binders,John Lee,7.712,2,0.2,2.7956
5/19/2016,East,Office Supplies,Appliances,Bradley Nguyen,242.9,5,0,70.441
5/19/2016,East,Office Supplies,Storage,Bradley Nguyen,454.9,5,0,0
5/19/2016,East,Furniture,Furnishings,Bradley Nguyen,35.92,4,0,15.0864
5/19/2016,East,Furniture,Furnishings,Bradley Nguyen,39.76,8,0,12.3256
5/19/2016,East,Office Supplies,Binders,Bradley Nguyen,47.744,4,0.2,14.92
12/20/2015,Central,Technology,Phones,Katherine Ducich,159.984,2,0.2,11.9988
12/20/2015,Central,Technology,Accessories,Katherine Ducich,255.968,4,0.2,51.1936
12/20/2015,Central,Furniture,Bookcases,Katherine Ducich,359.058,3,0.3,-71.8116
12/19/2015,East,Office Supplies,Appliances,Jay Kimmel,434.352,3,0.2,43.4352
12/19/2015,East,Office Supplies,Appliances,Jay Kimmel,3.552,2,0.2,0.444
12/19/2015,East,Office Supplies,Appliances,Jay Kimmel,88.832,4,0.2,7.7728
4/29/2017,East,Furniture,Tables,Filia McAdams,1048.35,5,0.4,-69.89
02-07-2016,South,Technology,Accessories,Christina Anderson,100,4,0,21
02-07-2016,South,Office Supplies,Labels,Christina Anderson,7.83,3,0,3.6018
9/28/2014,South,Office Supplies,Paper,Keith Dawkins,96.256,8,0.2,31.2832
9/28/2014,South,Office Supplies,Paper,Keith Dawkins,10.688,2,0.2,3.7408
07-10-2016,Central,Office Supplies,Storage,Logan Haushalter,338.04,3,0.2,-33.804
07-10-2016,Central,Office Supplies,Art,Logan Haushalter,154.24,4,0.2,17.352
7/29/2017,South,Office Supplies,Appliances,Anna Gayman,34.848,2,0.2,6.534
7/29/2017,South,Technology,Phones,Anna Gayman,22,5,0.2,1.375
7/29/2017,South,Office Supplies,Art,Anna Gayman,4.368,3,0.2,0.3822
09-03-2015,West,Office Supplies,Storage,David Bremer,31.44,3,0,8.4888
09-03-2015,West,Technology,Accessories,David Bremer,17.9,2,0,3.401
09-03-2015,West,Technology,Accessories,David Bremer,129.45,5,0,46.602
08-09-2014,West,Office Supplies,Labels,Emily Ducich,20.88,8,0,9.6048
10/30/2017,East,Office Supplies,Paper,Mick Crebagga,20.736,4,0.2,7.2576
10/30/2017,East,Furniture,Furnishings,Mick Crebagga,7.168,2,0.2,0.9856
10/30/2017,East,Office Supplies,Storage,Mick Crebagga,11.168,2,0.2,-2.5128
10/30/2017,East,Technology,Accessories,Mick Crebagga,442.4,7,0.2,-55.3
06-06-2014,East,Office Supplies,Art,Bryan Mills,13.36,2,0,4.9432
8/13/2016,South,Office Supplies,Binders,Erin Mull,11.232,8,0.7,-8.2368
8/13/2016,South,Office Supplies,Paper,Erin Mull,10.272,3,0.2,3.21
4/25/2014,Central,Office Supplies,Paper,Dianna Arnett,10.368,2,0.2,3.6288
4/25/2014,Central,Office Supplies,Art,Dianna Arnett,6.24,3,0.2,0.546
11/22/2015,Central,Furniture,Tables,Meg O'Connel,206.962,2,0.3,-32.5226
10/14/2017,West,Furniture,Furnishings,Joni Wasserman,9.46,2,0,3.6894
12-02-2017,West,Office Supplies,Storage,Victoria Wilson,559.62,9,0,151.0974
12-02-2017,West,Office Supplies,Paper,Victoria Wilson,109.92,2,0,53.8608
12-02-2017,West,Office Supplies,Paper,Victoria Wilson,8.56,2,0,3.852
12-08-2015,Central,Office Supplies,Paper,Tonja Turnell,360.712,11,0.2,130.7581
12-08-2015,Central,Technology,Phones,Tonja Turnell,1718.4,6,0.2,150.36
7/13/2015,Central,Office Supplies,Binders,Sara Luxemburg,41.568,6,0.8,-66.5088
05-11-2014,Central,Technology,Accessories,Raymond Messe,46.864,2,0.2,7.6154
01-05-2014,East,Office Supplies,Art,Mick Brown,19.536,3,0.2,4.884
09-05-2015,West,Furniture,Bookcases,Arthur Gainer,411.332,4,0.15,-4.8392
09-05-2015,West,Office Supplies,Binders,Arthur Gainer,28.752,6,0.2,9.7038
09-05-2015,West,Furniture,Bookcases,Arthur Gainer,293.199,3,0.15,-20.6964
08-04-2016,South,Office Supplies,Supplies,Max Ludwig,35.06,2,0,10.518
08-04-2016,South,Office Supplies,Labels,Max Ludwig,4.13,1,0,1.8998
08-04-2016,South,Furniture,Furnishings,Max Ludwig,109.8,9,0,46.116
08-04-2016,South,Office Supplies,Labels,Max Ludwig,9.82,2,0,4.8118
3/22/2014,South,Office Supplies,Binders,Craig Carroll,7.644,4,0.7,-5.8604
3/22/2014,South,Office Supplies,Binders,Craig Carroll,51.465,5,0.7,-39.4565
03-02-2017,Central,Office Supplies,Supplies,Stewart Carmichael,6.976,4,0.2,-1.3952
03-02-2017,Central,Office Supplies,Binders,Stewart Carmichael,12.222,7,0.8,-20.1663
11/27/2016,Central,Office Supplies,Storage,Greg Guthrie,97.984,2,0.2,-24.496
11/27/2016,Central,Technology,Accessories,Greg Guthrie,62.4,6,0.2,19.5
4/28/2014,East,Office Supplies,Binders,Muhammed Yedwab,20.86,2,0,9.387
4/28/2014,East,Office Supplies,Storage,Muhammed Yedwab,497.61,9,0,129.3786
4/28/2014,East,Office Supplies,Art,Muhammed Yedwab,5.34,2,0,1.4952
4/28/2014,East,Office Supplies,Labels,Muhammed Yedwab,3.15,1,0,1.512
11/24/2015,West,Office Supplies,Paper,Darren Powers,368.91,9,0,180.7659
11/24/2015,West,Office Supplies,Art,Darren Powers,14.7,5,0,6.615
11-11-2016,East,Technology,Accessories,Bryan Davis,59.97,3,0,14.9925
11-11-2016,East,Office Supplies,Storage,Bryan Davis,83.36,1,0,20.84
07-09-2015,East,Office Supplies,Paper,Claudia Bergmann,6.58,2,0,3.0268
07-09-2015,East,Office Supplies,Binders,Claudia Bergmann,122.94,3,0,59.0112
9/22/2017,Central,Office Supplies,Paper,Jim Epp,219.84,4,0,107.7216
9/22/2017,Central,Technology,Accessories,Jim Epp,98.16,6,0,9.816
9/22/2017,Central,Office Supplies,Binders,Jim Epp,33.04,8,0,15.5288
9/22/2017,Central,Technology,Phones,Jim Epp,86.97,3,0,25.2213
2/15/2015,Central,Technology,Phones,Roy Phan,134.97,3,0,64.7856
2/15/2015,Central,Technology,Phones,Roy Phan,699.98,2,0,195.9944
2/15/2015,Central,Technology,Accessories,Roy Phan,139.95,5,0,26.5905
9/30/2014,East,Office Supplies,Paper,Russell Applegate,48.94,1,0,24.47
12-01-2014,Central,Furniture,Chairs,Resi Pölking,2807.84,8,0,673.8816
12-01-2014,Central,Office Supplies,Art,Resi Pölking,46.64,4,0,12.5928
12-08-2014,Central,Office Supplies,Storage,Thomas Boland,60.416,2,0.2,6.0416
09-05-2016,Central,Office Supplies,Art,Brad Eason,107.94,3,0,26.985
8/27/2017,East,Office Supplies,Storage,Mathew Reese,63.84,8,0,16.5984
8/27/2017,East,Technology,Phones,Mathew Reese,347.97,3,0,100.9113
8/27/2017,East,Office Supplies,Binders,Mathew Reese,37.008,6,0.2,11.565
07-07-2016,West,Furniture,Furnishings,Raymond Messe,215.65,5,0,73.321
08-08-2016,Central,Office Supplies,Fasteners,Jill Fjeld,11.168,4,0.2,3.6296
08-08-2016,Central,Office Supplies,Paper,Jill Fjeld,53.952,3,0.2,17.5344
11/13/2016,West,Furniture,Furnishings,Adrian Shami,4.18,1,0,1.5048
9/22/2017,East,Office Supplies,Binders,Joseph Airdo,5.607,1,0.7,-4.2987
9/22/2017,East,Office Supplies,Supplies,Joseph Airdo,4663.736,7,0.2,-1049.3406
9/22/2017,East,Technology,Accessories,Joseph Airdo,79.984,2,0.2,22.9954
12/25/2016,West,Technology,Phones,Grace Kelly,2575.944,7,0.2,257.5944
12/25/2016,West,Office Supplies,Paper,Grace Kelly,45.36,7,0,21.7728
12/25/2016,West,Technology,Accessories,Grace Kelly,254.24,7,0,76.272
02-11-2016,Central,Technology,Phones,Phillip Breyer,69.93,7,0,0.6993
10/23/2016,Central,Furniture,Furnishings,Heather Kirkland,16.156,7,0.6,-12.117
10/23/2016,Central,Office Supplies,Paper,Heather Kirkland,54.816,3,0.2,17.8152
06-09-2014,South,Furniture,Tables,Frank Olsen,1441.3,7,0,245.021
11/20/2017,East,Furniture,Furnishings,Brian Thompson,77.6,5,0.2,28.13
11/20/2017,East,Furniture,Furnishings,Brian Thompson,4.656,2,0.2,1.5714
9/14/2015,West,Furniture,Tables,Stefania Perrino,170.136,3,0.2,-8.5068
06-04-2015,West,Office Supplies,Labels,Lauren Leatherbury,7.38,2,0,3.4686
06-04-2015,West,Office Supplies,Art,Lauren Leatherbury,9.26,2,0,3.0558
12/13/2015,West,Office Supplies,Labels,Matt Collins,9.96,2,0,4.5816
5/25/2014,Central,Office Supplies,Appliances,Janet Lee,75.6,2,0.8,-166.32
5/25/2014,Central,Furniture,Furnishings,Janet Lee,29.32,2,0.6,-24.189
2/16/2016,Central,Office Supplies,Appliances,Erin Ashbrook,92.064,6,0.8,-225.5568
2/16/2016,Central,Office Supplies,Fasteners,Erin Ashbrook,6.976,4,0.2,1.8312
2/16/2016,Central,Furniture,Chairs,Erin Ashbrook,62.958,3,0.3,-2.6982
2/16/2016,Central,Office Supplies,Paper,Erin Ashbrook,5.184,1,0.2,1.8144
12/22/2016,West,Office Supplies,Binders,Sue Ann Reed,31.32,10,0.7,-25.056
12/22/2016,West,Furniture,Furnishings,Sue Ann Reed,11.84,4,0.2,3.108
12/22/2016,West,Furniture,Furnishings,Sue Ann Reed,22.784,1,0.2,4.8416
02-08-2016,South,Technology,Phones,Cathy Hwang,1127.976,3,0.2,126.8973
7/13/2015,South,Office Supplies,Paper,Neil Ducich,38.88,6,0,18.6624
5/18/2014,East,Technology,Phones,Bruce Stewart,779.796,2,0.4,-168.9558
10/21/2017,Central,Technology,Phones,Sara Luxemburg,1439.92,8,0,374.3792
10/21/2017,Central,Furniture,Tables,Sara Luxemburg,262.11,1,0,62.9064
11-05-2015,South,Furniture,Chairs,George Bell,207,3,0.2,25.875
08-01-2017,Central,Technology,Machines,Aaron Smayling,1439.982,3,0.4,-263.9967
08-01-2017,Central,Office Supplies,Paper,Aaron Smayling,36.288,7,0.2,12.7008
6/21/2014,East,Office Supplies,Art,Raymond Messe,21.4,5,0,6.206
2/19/2017,South,Office Supplies,Appliances,Nicole Hansen,1245.86,7,0,361.2994
08-01-2014,South,Office Supplies,Labels,Barbara Fisher,17.544,3,0.2,5.9211
08-01-2014,South,Furniture,Furnishings,Barbara Fisher,44.128,4,0.2,12.1352
08-01-2014,South,Office Supplies,Appliances,Barbara Fisher,62.92,1,0.2,10.2245
08-01-2014,South,Office Supplies,Paper,Barbara Fisher,78.304,2,0.2,29.364
7/18/2016,South,Furniture,Chairs,Katharine Harms,140.81,1,0,39.4268
02-09-2015,Central,Office Supplies,Labels,Frank Atkinson,40.096,4,0.2,13.5324
02-09-2015,Central,Furniture,Furnishings,Frank Atkinson,40.784,2,0.6,-30.588
7/29/2017,West,Technology,Accessories,Giulietta Weimer,90.57,3,0,11.7741
01-12-2017,East,Office Supplies,Paper,Dianna Arnett,40.08,6,0,19.2384
01-12-2017,East,Furniture,Furnishings,Dianna Arnett,37.68,2,0,15.8256
09-10-2017,West,Furniture,Chairs,Frank Hawley,362.352,3,0.2,27.1764
09-10-2017,West,Office Supplies,Binders,Frank Hawley,7.184,2,0.2,2.245
7/20/2015,Central,Office Supplies,Storage,Ralph Kennedy,34.76,1,0,9.7328
7/20/2015,Central,Technology,Accessories,Ralph Kennedy,831.2,5,0,124.68
7/20/2015,Central,Office Supplies,Paper,Ralph Kennedy,26.4,5,0,11.88
7/20/2015,Central,Office Supplies,Envelopes,Ralph Kennedy,106.75,7,0,49.105
7/20/2015,Central,Office Supplies,Paper,Ralph Kennedy,97.82,2,0,45.9754
7/20/2015,Central,Office Supplies,Storage,Ralph Kennedy,141.4,5,0,38.178
6/13/2014,West,Office Supplies,Art,Filia McAdams,14.52,3,0,4.7916
05-12-2017,Central,Office Supplies,Storage,Alyssa Crouse,127.92,5,0.2,-15.99
05-12-2017,Central,Office Supplies,Binders,Alyssa Crouse,34.24,4,0.8,-53.072
09-03-2015,East,Office Supplies,Appliances,Jennifer Braxton,137.62,2,0,60.5528
09-03-2015,East,Technology,Phones,Jennifer Braxton,100.49,1,0,25.1225
3/26/2017,East,Furniture,Bookcases,Gary McGarr,257.568,2,0.2,-28.9764
3/26/2017,East,Technology,Phones,Gary McGarr,119.96,4,0,33.5888
11-12-2014,Central,Office Supplies,Storage,Roy Französisch,49.632,4,0.2,4.9632
10/13/2016,West,Furniture,Tables,Noah Childs,727.45,5,0.5,-465.568
10/13/2016,West,Furniture,Furnishings,Noah Childs,24.96,3,0.2,4.368
11-12-2017,East,Technology,Phones,Nat Gilpin,370.782,3,0.4,-92.6955
4/15/2017,West,Furniture,Furnishings,Adam Hart,196.45,5,0,70.722
6/25/2015,East,Office Supplies,Paper,Cathy Hwang,31.104,6,0.2,10.8864
6/25/2015,East,Office Supplies,Storage,Cathy Hwang,78.256,2,0.2,-17.6076
8/26/2016,West,Office Supplies,Paper,Charles Crestani,6.48,1,0,3.1104
7/21/2014,West,Office Supplies,Art,Michelle Ellison,99.2,5,0,25.792
7/21/2014,West,Furniture,Chairs,Michelle Ellison,801.568,2,0.2,50.098
7/21/2014,West,Furniture,Tables,Michelle Ellison,272.848,1,0.2,27.2848
11/21/2017,West,Furniture,Tables,Benjamin Patterson,70.98,1,0,20.5842
06-04-2014,East,Office Supplies,Paper,Mark Packer,16.224,2,0.2,5.8812
03-10-2016,East,Furniture,Bookcases,Caroline Jumper,176.784,1,0.2,-22.098
3/25/2017,Central,Technology,Phones,John Castell,470.376,3,0.2,47.0376
12/29/2017,West,Furniture,Chairs,James Galang,393.568,4,0.2,-44.2764
12/29/2017,West,Technology,Phones,James Galang,302.376,3,0.2,22.6782
3/28/2017,South,Office Supplies,Binders,Cyma Kinney,68.742,9,0.7,-48.1194
03-05-2015,East,Office Supplies,Envelopes,Luke Foster,29.34,3,0,14.67
03-05-2015,East,Furniture,Chairs,Luke Foster,383.607,7,0.1,63.9345
03-05-2015,East,Office Supplies,Storage,Luke Foster,563.4,4,0,67.608
11/13/2016,East,Office Supplies,Paper,Chuck Clark,217.056,7,0.2,78.6828
1/19/2017,Central,Office Supplies,Labels,Dan Lawera,6,2,0.2,2.1
4/22/2016,West,Furniture,Furnishings,Paul Gonzalez,31.56,3,0,10.4148
5/13/2014,South,Office Supplies,Fasteners,Erica Hernandez,7.104,2,0.2,2.3976
5/13/2014,South,Office Supplies,Binders,Erica Hernandez,398.352,8,0.7,-331.96
10/21/2014,East,Office Supplies,Appliances,Tracy Blumstein,121.792,4,0.2,13.7016
10/21/2014,East,Furniture,Tables,Tracy Blumstein,409.59,3,0.4,-122.877
3/14/2014,West,Office Supplies,Paper,Dean Katz,10.56,2,0,4.752
3/14/2014,West,Office Supplies,Art,Dean Katz,3.38,1,0,1.2506
12/22/2017,South,Office Supplies,Envelopes,Jeremy Pistek,7.824,1,0.2,2.934
11/24/2016,West,Office Supplies,Paper,Carol Darley,24.784,1,0.2,7.745
12-02-2017,South,Office Supplies,Art,Adam Shillingsburg,34.65,3,0,10.395
12/31/2015,West,Office Supplies,Binders,Jas O'Carroll,487.984,2,0.2,152.495
10-03-2017,Central,Office Supplies,Binders,Amy Cox,1793.98,2,0,843.1706
8/29/2014,South,Office Supplies,Envelopes,Ryan Akin,29.808,2,0.2,10.8054
8/29/2014,South,Office Supplies,Binders,Ryan Akin,505.176,4,0.7,-336.784
8/29/2014,South,Furniture,Tables,Ryan Akin,174.0585,3,0.45,-110.7645
6/29/2016,South,Office Supplies,Storage,Corey-Lock,191.88,6,0,19.188
8/20/2016,Central,Technology,Phones,Dianna Wilson,14.78,2,0,3.9906
10/21/2017,West,Office Supplies,Paper,Damala Kotsonis,5.184,1,0.2,1.8144
10/21/2017,West,Furniture,Chairs,Damala Kotsonis,478.48,2,0.2,47.848
10/21/2017,West,Technology,Accessories,Damala Kotsonis,28.4,2,0.2,6.745
10/21/2017,Central,Office Supplies,Storage,Michael Dominguez,909.12,8,0,9.0912
5/17/2016,South,Office Supplies,Binders,Roy Phan,2.952,2,0.7,-2.1648
5/17/2016,South,Office Supplies,Binders,Roy Phan,27.018,6,0.7,-21.6144
02-03-2015,West,Furniture,Furnishings,Rick Wilson,136.92,4,0,41.076
12/18/2017,East,Furniture,Furnishings,Duane Benoit,18.96,2,0,8.532
11/15/2016,West,Technology,Accessories,Stewart Carmichael,99.39,3,0,40.7499
07-03-2017,Central,Office Supplies,Paper,Frank Hawley,273.896,7,0.2,92.4399
07-03-2017,Central,Technology,Machines,Frank Hawley,597.132,3,0.4,49.761
1/15/2014,South,Technology,Accessories,Erica Hackney,149.95,5,0,65.978
4/30/2017,South,Office Supplies,Labels,Ann Steele,4.608,2,0.2,1.6704
4/30/2017,South,Office Supplies,Art,Ann Steele,15.528,3,0.2,4.8525
4/30/2017,South,Office Supplies,Labels,Ann Steele,11.952,3,0.2,3.8844
11-08-2015,East,Office Supplies,Art,Helen Abelman,11.65,5,0,3.3785
10/30/2015,Central,Technology,Phones,Cathy Hwang,299.9,2,0,74.975
8/17/2017,East,Office Supplies,Binders,Edward Hooks,895.92,5,0.2,302.373
8/17/2017,East,Furniture,Chairs,Edward Hooks,462.564,2,0.1,97.6524
10-03-2015,East,Office Supplies,Storage,Mary Zewe,15.008,2,0.2,1.5008
07-08-2016,Central,Technology,Phones,Scot Coram,863.64,9,0.2,107.955
07-08-2016,Central,Office Supplies,Art,Scot Coram,47.616,3,0.2,3.5712
12-05-2017,West,Office Supplies,Paper,Naresj Patel,92.94,3,0,41.823
03-09-2017,West,Technology,Accessories,Lindsay Williams,199.98,2,0,69.993
06-09-2016,West,Technology,Phones,Greg Matthias,177.48,3,0.2,19.9665
11/28/2017,West,Office Supplies,Paper,Rick Hansen,88.768,2,0.2,31.0688
3/16/2017,West,Office Supplies,Paper,Valerie Mitchum,6.48,1,0,3.1104
3/16/2017,West,Office Supplies,Storage,Valerie Mitchum,46.51,1,0,1.8604
3/16/2017,West,Technology,Phones,Valerie Mitchum,659.976,3,0.2,49.4982
11/27/2016,West,Technology,Phones,Craig Carreira,271.992,1,0.2,23.7993
08-06-2017,South,Furniture,Bookcases,Seth Vernon,145.74,3,0,23.3184
08-06-2017,South,Furniture,Furnishings,Seth Vernon,15.4,5,0,7.392
11/27/2017,West,Office Supplies,Paper,Lindsay Williams,244.55,5,0,114.9385
11/27/2017,West,Technology,Accessories,Lindsay Williams,166.16,8,0,59.8176
5/25/2015,West,Furniture,Furnishings,Nora Pelletier,14.73,3,0,4.8609
07-08-2016,West,Office Supplies,Binders,Joe Elijah,19.968,2,0.7,-13.312
07-08-2016,West,Office Supplies,Storage,Joe Elijah,33.488,7,0.2,-1.2558
07-08-2016,West,Office Supplies,Binders,Joe Elijah,8.736,4,0.7,-6.1152
07-08-2016,West,Furniture,Chairs,Joe Elijah,662.88,3,0.2,74.574
8/29/2017,Central,Office Supplies,Labels,Cathy Prescott,47.36,4,0.2,17.76
8/29/2017,Central,Office Supplies,Storage,Cathy Prescott,27.44,2,0.2,2.401
8/29/2017,Central,Office Supplies,Binders,Cathy Prescott,3.24,9,0.8,-5.184
6/20/2016,Central,Technology,Accessories,Erin Ashbrook,95.968,4,0.2,26.3912
6/20/2016,Central,Office Supplies,Paper,Erin Ashbrook,10.368,2,0.2,3.6288
09-02-2017,East,Office Supplies,Art,Ann Chong,23.1,2,0,6.468
09-02-2017,East,Furniture,Furnishings,Ann Chong,11.54,2,0,3.462
09-02-2017,East,Furniture,Tables,Ann Chong,254.526,1,0.4,-93.3262
09-02-2017,East,Office Supplies,Appliances,Ann Chong,12.98,1,0,3.7642
09-02-2017,East,Office Supplies,Binders,Ann Chong,26.432,8,0.2,8.9208
09-02-2017,East,Technology,Phones,Ann Chong,197.97,3,0,57.4113
09-02-2017,East,Office Supplies,Labels,Ann Chong,18.9,6,0,9.072
09-02-2017,East,Furniture,Chairs,Ann Chong,1282.41,5,0.1,213.735
09-02-2017,East,Office Supplies,Art,Ann Chong,4.92,3,0,2.214
09-02-2017,East,Technology,Accessories,Ann Chong,238,2,0,38.08
09-02-2017,East,Technology,Accessories,Ann Chong,167.97,3,0,40.3128
09-02-2017,East,Office Supplies,Paper,Ann Chong,17.12,4,0,7.704
09-10-2017,Central,Office Supplies,Binders,Robert Waldorf,16.2,3,0,7.776
09-10-2017,Central,Office Supplies,Appliances,Robert Waldorf,33.99,3,0,14.6157
09-10-2017,Central,Technology,Accessories,Robert Waldorf,296.85,5,0,53.433
09-10-2017,Central,Technology,Accessories,Robert Waldorf,112.8,6,0,6.768
09-10-2017,Central,Office Supplies,Binders,Robert Waldorf,13.71,3,0,6.5808
09-10-2017,Central,Office Supplies,Paper,Robert Waldorf,24.9,5,0,11.703
09-10-2017,Central,Office Supplies,Storage,Robert Waldorf,286.29,3,0,17.1774
09-10-2017,Central,Office Supplies,Appliances,Robert Waldorf,24.18,2,0,7.254
12/21/2017,East,Technology,Phones,Dean Braden,281.97,3,0,78.9516
12/21/2017,East,Office Supplies,Supplies,Dean Braden,69.5,5,0,20.155
12/21/2017,East,Office Supplies,Paper,Dean Braden,166.44,3,0,79.8912
9/23/2017,Central,Technology,Accessories,Bill Donatelli,291.96,4,0,102.186
05-06-2017,Central,Office Supplies,Art,Max Ludwig,6.408,3,0.2,0.6408
05-06-2017,Central,Technology,Accessories,Max Ludwig,408.744,7,0.2,76.6395
12/14/2014,Central,Office Supplies,Binders,Joy Daniels,5.104,4,0.8,-8.6768
12/14/2014,Central,Office Supplies,Fasteners,Joy Daniels,2.896,2,0.2,0.4706
12/14/2014,Central,Technology,Accessories,Joy Daniels,35.016,3,0.2,-2.1885
10/18/2014,South,Office Supplies,Storage,Alan Schoenberger,275.97,3,0,11.0388
10/18/2014,South,Technology,Phones,Alan Schoenberger,1394.95,5,0,362.687
10/18/2014,South,Furniture,Chairs,Alan Schoenberger,545.88,6,0,70.9644
05-08-2015,West,Office Supplies,Art,Allen Armold,5.248,2,0.2,0.5904
4/14/2016,West,Furniture,Chairs,Kean Takahito,933.536,4,0.2,105.0228
4/14/2016,West,Office Supplies,Storage,Kean Takahito,42.976,4,0.2,4.2976
12/14/2015,South,Office Supplies,Binders,Muhammed MacIntyre,3.76,2,0,1.8048
12-03-2014,Central,Technology,Phones,Nathan Gelder,479.96,4,0,134.3888
11/25/2014,West,Office Supplies,Appliances,Laurel Workman,320.88,6,0,93.0552
11/25/2014,West,Furniture,Furnishings,Laurel Workman,23.88,3,0,10.5072
11/25/2014,West,Office Supplies,Paper,Laurel Workman,26.76,4,0,12.3096
7/25/2016,East,Technology,Copiers,Christy Brittain,1439.976,4,0.4,191.9968
11-09-2015,Central,Office Supplies,Binders,Adam Shillingsburg,17.22,3,0,7.9212
11-09-2015,Central,Furniture,Tables,Adam Shillingsburg,1024.38,7,0,215.1198
11-09-2015,Central,Office Supplies,Envelopes,Adam Shillingsburg,26.22,3,0,12.3234
11-09-2015,Central,Office Supplies,Paper,Adam Shillingsburg,17.34,3,0,8.4966
2/24/2017,East,Office Supplies,Binders,Christy Brittain,4.956,4,0.7,-3.7996
6/25/2017,West,Office Supplies,Labels,Max Ludwig,71.04,6,0.2,26.64
6/25/2017,West,Office Supplies,Art,Max Ludwig,5.344,2,0.2,0.7348
6/25/2017,West,Office Supplies,Fasteners,Max Ludwig,11.304,3,0.2,-2.1195
12-02-2017,Central,Office Supplies,Appliances,Joy Smith,294.62,5,0.8,-766.012
12-02-2017,Central,Furniture,Furnishings,Joy Smith,8.752,4,0.6,-3.7196
02-06-2014,South,Office Supplies,Labels,Neil Ducich,15,4,0,7.2
02-06-2014,South,Technology,Phones,Neil Ducich,161.61,1,0,42.0186
02-06-2014,South,Technology,Phones,Neil Ducich,144.95,5,0,42.0355
04-11-2017,West,Technology,Accessories,Luke Weiss,199.95,5,0,21.9945
04-11-2017,West,Office Supplies,Art,Luke Weiss,41.86,7,0,14.2324
12/25/2017,South,Office Supplies,Storage,Joni Wasserman,95.94,3,0,9.594
12/25/2017,South,Furniture,Chairs,Joni Wasserman,304.45,5,0,76.1125
04-11-2017,Central,Office Supplies,Binders,Sample Company A,11.364,3,0.8,-17.046
12/31/2014,Central,Office Supplies,Art,Rob Williams,29.68,7,0,11.5752
12/31/2014,Central,Technology,Accessories,Rob Williams,47.53,7,0,16.1602
08-03-2017,Central,Furniture,Bookcases,Charlotte Melton,183.372,2,0.3,-36.6744
11/15/2014,South,Office Supplies,Art,Jamie Frazer,4.224,3,0.2,0.4752
11/15/2014,South,Office Supplies,Appliances,Jamie Frazer,333.056,2,0.2,29.1424
11/15/2014,South,Office Supplies,Paper,Jamie Frazer,24.896,4,0.2,7.78
12-11-2015,Central,Technology,Accessories,Stuart Calhoun,159.984,2,0.2,35.9964
12-11-2015,Central,Office Supplies,Storage,Stuart Calhoun,46.344,3,0.2,4.6344
9/18/2016,South,Furniture,Chairs,Anne McFarland,350.98,1,0,84.2352
9/18/2016,South,Office Supplies,Paper,Anne McFarland,13.08,2,0,6.0168
9/18/2016,South,Office Supplies,Storage,Anne McFarland,900.08,4,0,117.0104
3/19/2015,West,Office Supplies,Binders,Berenike Kampe,17.568,2,0.2,6.3684
3/19/2015,West,Office Supplies,Labels,Berenike Kampe,14.62,2,0,6.8714
3/19/2015,West,Office Supplies,Supplies,Berenike Kampe,33.36,4,0,8.6736
3/19/2015,West,Office Supplies,Paper,Berenike Kampe,40.14,6,0,19.6686
9/19/2016,East,Office Supplies,Storage,Rick Huthwaite,1606.23,9,0,481.869
9/19/2016,East,Office Supplies,Paper,Rick Huthwaite,17.04,3,0,7.668
9/19/2016,East,Office Supplies,Binders,Rick Huthwaite,49.53,3,0,23.7744
9/19/2016,East,Furniture,Chairs,Rick Huthwaite,872.32,4,0,244.2496
8/20/2017,West,Office Supplies,Binders,Gene McClure,239.12,5,0.2,77.714
3/13/2015,West,Furniture,Bookcases,Marc Crier,141.96,2,0,39.7488
09-08-2016,West,Office Supplies,Binders,Valerie Mitchum,33.024,2,0.2,11.5584
09-08-2016,West,Office Supplies,Binders,Valerie Mitchum,67.136,4,0.2,23.4976
11/26/2015,East,Office Supplies,Binders,Guy Phonely,14.73,3,0,6.9231
11/26/2015,East,Office Supplies,Storage,Guy Phonely,104.9,5,0,25.176
11/26/2015,East,Office Supplies,Binders,Guy Phonely,61.04,4,0,30.52
11/26/2015,East,Office Supplies,Paper,Guy Phonely,10.95,3,0,5.1465
12-09-2016,Central,Office Supplies,Paper,George Bell,9.392,2,0.2,3.2872
12-09-2016,Central,Office Supplies,Art,George Bell,9.328,1,0.2,0.8162
9/25/2017,Central,Office Supplies,Binders,Carol Triggs,8.26,2,0,3.8822
9/25/2017,Central,Furniture,Chairs,Carol Triggs,269.97,3,0,51.2943
1/23/2015,West,Office Supplies,Paper,Carl Weiss,29.04,3,0,13.9392
1/23/2015,West,Office Supplies,Labels,Carl Weiss,14.62,2,0,6.8714
6/18/2015,West,Office Supplies,Paper,Skye Norling,11.952,3,0.2,4.3326
6/18/2015,West,Office Supplies,Binders,Skye Norling,4.536,7,0.7,-3.3264
6/18/2015,West,Office Supplies,Binders,Skye Norling,9.156,2,0.7,-6.104
6/18/2015,West,Furniture,Furnishings,Skye Norling,75.36,5,0.2,20.724
10-02-2015,West,Office Supplies,Binders,Ed Braxton,57.504,6,0.2,20.1264
11/18/2017,East,Office Supplies,Art,Jane Waco,38.864,7,0.2,7.7728
8/17/2014,Central,Office Supplies,Paper,Ken Black,15.552,3,0.2,5.4432
7/17/2016,East,Office Supplies,Appliances,Matt Collister,162.64,2,0,45.5392
7/17/2016,East,Technology,Phones,Matt Collister,597,3,0,280.59
7/17/2016,East,Office Supplies,Paper,Matt Collister,55.48,1,0,26.6304
07-11-2015,East,Furniture,Furnishings,Clytie Kelty,289.8,7,0.2,36.225
07-11-2015,East,Office Supplies,Binders,Clytie Kelty,2.502,3,0.7,-2.0016
07-11-2015,East,Office Supplies,Binders,Clytie Kelty,6.48,4,0.7,-4.752
07-11-2015,East,Furniture,Chairs,Clytie Kelty,341.488,8,0.3,-73.176
07-11-2015,East,Office Supplies,Art,Clytie Kelty,11.12,5,0.2,0.834
07-11-2015,East,Furniture,Furnishings,Clytie Kelty,25.344,6,0.2,3.4848
12-01-2016,Central,Furniture,Furnishings,Rick Duston,17.31,3,0,5.193
12/22/2017,Central,Technology,Accessories,Theone Pippenger,199.95,5,0,63.984
12/22/2017,Central,Furniture,Chairs,Theone Pippenger,1586.69,7,0,412.5394
12/22/2017,Central,Technology,Accessories,Theone Pippenger,84.99,1,0,30.5964
12/22/2017,Central,Furniture,Tables,Theone Pippenger,411.8,2,0,70.006
10/31/2014,West,Office Supplies,Fasteners,Greg Guthrie,11.34,3,0,5.2164
10/31/2014,West,Office Supplies,Storage,Greg Guthrie,80.3,5,0,20.878
10/31/2014,West,Office Supplies,Binders,Greg Guthrie,15.968,2,0.2,5.3892
10/31/2014,West,Office Supplies,Paper,Greg Guthrie,64.74,13,0,30.4278
10/31/2014,West,Office Supplies,Binders,Greg Guthrie,19.296,3,0.2,6.03
10/31/2014,West,Office Supplies,Storage,Greg Guthrie,405.64,4,0,12.1692
10/31/2014,West,Furniture,Chairs,Greg Guthrie,146.352,3,0.2,-9.147
10/31/2014,West,Technology,Accessories,Greg Guthrie,251.91,9,0,47.8629
10/31/2014,West,Office Supplies,Art,Greg Guthrie,12.39,3,0,3.717
4/13/2015,West,Technology,Accessories,Zuschuss Carroll,199.96,4,0,69.986
4/13/2015,West,Furniture,Tables,Zuschuss Carroll,710.832,3,0.2,-97.7394
7/21/2016,East,Office Supplies,Binders,Corey Catlett,1.941,1,0.7,-1.294
11/20/2017,West,Furniture,Chairs,Kelly Andreada,283.92,5,0.2,-46.137
11/26/2016,West,Office Supplies,Binders,Tamara Chand,7.312,2,0.2,2.5592
11-07-2017,West,Technology,Accessories,Deborah Brumfield,59.97,3,0,13.7931
11-07-2017,West,Technology,Phones,Deborah Brumfield,761.544,7,0.2,66.6351
12-01-2014,West,Furniture,Furnishings,Toby Ritter,58.2,3,0,28.518
09-12-2017,East,Office Supplies,Paper,Bart Folk,39.9,5,0,19.95
09-12-2017,East,Office Supplies,Appliances,Bart Folk,90.86,7,0,26.3494
09-12-2017,East,Office Supplies,Paper,Bart Folk,94.85,5,0,45.528
12/24/2015,West,Office Supplies,Paper,Maribeth Schnelling,106.232,7,0.2,37.1812
12/24/2015,West,Technology,Phones,Maribeth Schnelling,111.984,2,0.2,11.1984
12/24/2015,West,Furniture,Furnishings,Maribeth Schnelling,7.712,2,0.2,1.7352
2/23/2017,West,Office Supplies,Paper,Clytie Kelty,37.44,6,0,16.848
11/23/2014,Central,Office Supplies,Labels,Emily Ducich,23.68,2,0.2,8.88
6/23/2016,East,Office Supplies,Labels,Irene Maddox,122.12,4,0,56.1752
6/23/2016,East,Office Supplies,Labels,Irene Maddox,18.45,5,0,8.6715
6/23/2016,East,Office Supplies,Storage,Irene Maddox,324.9,5,0,38.988
6/23/2016,East,Office Supplies,Paper,Irene Maddox,146.73,3,0,68.9631
6/23/2016,East,Office Supplies,Fasteners,Irene Maddox,3.96,2,0,1.4652
10/26/2015,West,Office Supplies,Labels,Maribeth Yedwab,5.76,2,0,2.6496
7/15/2017,East,Office Supplies,Binders,Magdelene Morse,26.55,3,0,13.0095
7/15/2017,East,Furniture,Tables,Magdelene Morse,310.443,3,0.3,-48.7839
11/17/2014,Central,Furniture,Chairs,Mark Packer,479.9,5,0,81.583
4/13/2015,West,Office Supplies,Supplies,Anthony Witt,12.88,1,0,0.3864
11/25/2015,South,Office Supplies,Art,Sandra Flanagan,13.12,5,0.2,1.476
5/15/2016,South,Office Supplies,Binders,Steve Nguyen,511.84,8,0,240.5648
5/15/2016,South,Office Supplies,Art,Steve Nguyen,91.96,4,0,25.7488
5/15/2016,South,Office Supplies,Art,Steve Nguyen,8.34,3,0,2.1684
09-07-2017,West,Office Supplies,Storage,Ruben Dartt,37.68,3,0.2,2.355
09-07-2017,West,Technology,Accessories,Ruben Dartt,279.944,7,0.2,80.4839
03-10-2014,West,Office Supplies,Storage,Kean Thornton,636.408,3,0.2,-15.9102
03-10-2014,West,Office Supplies,Art,Kean Thornton,83.168,4,0.2,9.3564
7/18/2014,West,Furniture,Chairs,Adrian Hane,259.136,4,0.2,-25.9136
3/24/2017,East,Office Supplies,Paper,Brian Moss,221.92,4,0,106.5216
3/24/2017,East,Technology,Accessories,Brian Moss,26,2,0,11.7
9/30/2014,South,Office Supplies,Paper,Ben Wallace,15.552,3,0.2,5.4432
9/26/2014,Central,Office Supplies,Binders,Henry Goldwyn,0.876,1,0.8,-1.4016
10/31/2015,West,Office Supplies,Paper,Sandra Glassco,19.98,1,0,9.3906
10/31/2015,West,Office Supplies,Binders,Sandra Glassco,398.352,3,0.2,124.485
10/31/2015,West,Office Supplies,Art,Sandra Glassco,5.04,3,0,1.26
10/31/2015,West,Office Supplies,Fasteners,Sandra Glassco,17.45,5,0,8.027
10/31/2015,West,Furniture,Chairs,Sandra Glassco,323.136,4,0.2,20.196
10/31/2015,West,Office Supplies,Supplies,Sandra Glassco,29.7,3,0,8.019
10/31/2015,West,Technology,Phones,Sandra Glassco,1295.84,4,0.2,145.782
10/31/2015,West,Office Supplies,Storage,Sandra Glassco,46.84,2,0,12.6468
10/31/2015,West,Furniture,Bookcases,Sandra Glassco,425.833,1,0.15,20.0392
10-12-2015,East,Furniture,Tables,Ralph Kennedy,209.67,1,0.4,-13.978
9/19/2016,West,Office Supplies,Paper,Scot Wooten,159.88,7,0,73.5448
4/13/2017,West,Office Supplies,Paper,Rob Williams,5.28,1,0,2.376
4/13/2017,West,Office Supplies,Binders,Rob Williams,895.92,5,0.2,302.373
01-07-2017,South,Office Supplies,Binders,Thais Sissman,2.808,3,0.7,-1.9656
11-09-2017,West,Furniture,Chairs,Jennifer Braxton,215.976,3,0.2,-2.6997
9/22/2017,Central,Furniture,Bookcases,Erica Hernandez,241.96,2,0,41.1332
9/22/2017,Central,Office Supplies,Labels,Erica Hernandez,27.72,9,0,13.3056
12-01-2017,East,Office Supplies,Envelopes,Erica Hernandez,104.68,5,0.2,35.3295
12-01-2017,East,Technology,Phones,Erica Hernandez,62.958,7,0.4,9.4437
6/23/2014,East,Technology,Accessories,Brian Stugart,86.376,3,0.2,1.0797
10-04-2015,East,Furniture,Furnishings,Julie Kriz,64.944,3,0.2,6.4944
10-04-2015,East,Office Supplies,Paper,Julie Kriz,20.736,4,0.2,7.2576
5/20/2014,East,Office Supplies,Appliances,Randy Ferguson,33.28,4,0,9.3184
5/20/2014,East,Office Supplies,Art,Randy Ferguson,38.52,9,0,11.9412
5/20/2014,East,Furniture,Furnishings,Randy Ferguson,139.86,7,0,60.1398
11/20/2015,East,Office Supplies,Paper,Dan Lawera,19.65,3,0,9.039
11/30/2015,East,Office Supplies,Binders,William Brown,152.991,3,0.7,-122.3928
11/30/2015,East,Office Supplies,Fasteners,William Brown,10.584,7,0.2,-2.3814
11/30/2015,East,Technology,Phones,William Brown,94.92,4,0.4,15.82
12/31/2015,Central,Furniture,Furnishings,Trudy Brown,14.76,5,0.6,-11.439
12/31/2015,Central,Office Supplies,Binders,Trudy Brown,3.656,4,0.8,-5.8496
11/16/2017,East,Office Supplies,Paper,Christy Brittain,146.82,3,0,73.41
06-06-2014,East,Office Supplies,Binders,Grant Thornton,149.544,9,0.2,50.4711
06-06-2014,East,Office Supplies,Supplies,Grant Thornton,17.14,2,0,4.4564
06-06-2014,East,Furniture,Tables,Grant Thornton,991.764,3,0.4,-347.1174
09-01-2016,East,Office Supplies,Paper,Dean Katz,30.48,6,0.2,9.906
09-01-2016,East,Technology,Phones,Dean Katz,23.988,2,0.4,-4.7976
09-01-2016,East,Office Supplies,Fasteners,Dean Katz,16.688,7,0.2,5.4236
6/25/2016,East,Furniture,Chairs,Theresa Swint,422.058,3,0.3,-18.0882
6/25/2016,East,Office Supplies,Binders,Theresa Swint,38.088,4,0.7,-27.9312
6/25/2016,East,Office Supplies,Storage,Theresa Swint,254.352,6,0.2,-50.8704
12-12-2014,West,Furniture,Furnishings,William Brown,43.31,1,0,4.331
3/31/2017,East,Technology,Phones,Denny Ordway,84.95,5,0,22.087
11/19/2017,Central,Furniture,Chairs,Art Ferguson,233.058,3,0.3,-53.2704
11/24/2014,Central,Technology,Accessories,Richard Bierner,111.79,7,0,43.5981
11/22/2015,East,Office Supplies,Paper,Andy Reiter,14.94,3,0,7.0218
7/14/2016,East,Office Supplies,Binders,Dan Reichenbach,14.16,2,0.2,5.133
4/30/2016,Central,Furniture,Furnishings,Ben Ferrer,22.608,3,0.6,-10.1736
7/25/2016,West,Office Supplies,Fasteners,Larry Blacks,21.48,6,0,10.74
6/22/2014,Central,Office Supplies,Storage,Dianna Vittorini,501.81,3,0,0
6/22/2014,Central,Office Supplies,Storage,Dianna Vittorini,161.94,3,0,9.7164
10/21/2017,South,Office Supplies,Art,Neil Knudson,17.856,4,0.2,2.0088
09-03-2016,Central,Office Supplies,Binders,Carlos Soltero,8.808,3,0.8,-14.9736
5/14/2016,East,Furniture,Furnishings,Logan Haushalter,79.384,1,0.2,29.769
01-07-2016,West,Office Supplies,Art,Dianna Wilson,34.58,1,0,10.0282
3/13/2017,West,Office Supplies,Paper,Karen Ferguson,314.55,3,0,150.984
10/13/2016,Central,Technology,Accessories,Helen Andreada,191.976,3,0.2,23.997
10/13/2016,Central,Office Supplies,Paper,Helen Andreada,8.288,2,0.2,3.0044
10/13/2016,Central,Furniture,Furnishings,Helen Andreada,139.92,5,0.6,-150.414
10/13/2016,Central,Office Supplies,Art,Helen Andreada,15.872,1,0.2,1.1904
10/13/2016,Central,Office Supplies,Binders,Helen Andreada,6.286,7,0.8,-11.0005
1/27/2017,East,Office Supplies,Art,John Huston,14.016,3,0.2,1.752
1/27/2017,East,Technology,Accessories,John Huston,71.976,3,0.2,-8.997
1/27/2017,East,Technology,Phones,John Huston,107.982,3,0.4,-26.9955
11/19/2017,Central,Furniture,Chairs,Linda Cazamias,305.312,2,0.3,-8.7232
08-01-2014,West,Office Supplies,Binders,Ivan Liston,19.752,3,0.2,6.9132
7/30/2016,Central,Office Supplies,Binders,Lindsay Shagiari,9.264,3,0.8,-13.896
7/30/2015,Central,Office Supplies,Storage,Corey Catlett,61.792,4,0.2,6.1792
10/15/2016,West,Office Supplies,Paper,Patrick Bzostek,45.68,2,0,21.0128
10/15/2016,West,Office Supplies,Paper,Patrick Bzostek,60.12,9,0,28.8576
10/15/2016,West,Office Supplies,Binders,Patrick Bzostek,41.72,5,0.2,13.0375
10/15/2016,West,Office Supplies,Paper,Patrick Bzostek,71.6,8,0,32.936
05-07-2016,East,Office Supplies,Binders,Caroline Jumper,85.232,7,0.2,30.8966
05-07-2016,East,Office Supplies,Labels,Caroline Jumper,44.4,3,0,22.2
05-07-2016,East,Furniture,Chairs,Caroline Jumper,442.764,4,0.1,59.0352
05-07-2016,East,Technology,Machines,Caroline Jumper,3999.95,5,0,1159.9855
05-07-2016,East,Technology,Accessories,Caroline Jumper,199.95,5,0,21.9945
05-07-2016,East,Furniture,Furnishings,Caroline Jumper,63.68,8,0,28.0192
08-01-2017,West,Office Supplies,Binders,Heather Kirkland,54.896,2,0.2,18.5274
7/14/2016,South,Technology,Accessories,Rob Haberlin,29,2,0,7.25
08-10-2017,Central,Office Supplies,Envelopes,Ivan Liston,70.08,6,0,35.04
08-10-2017,Central,Furniture,Furnishings,Ivan Liston,121.3,2,0,25.473
08-10-2017,Central,Technology,Phones,Ivan Liston,1454.49,9,0,378.1674
6/25/2016,West,Office Supplies,Appliances,Alan Shonely,60.81,3,0,17.0268
12-10-2016,West,Office Supplies,Binders,Arthur Prichep,153.552,3,0.2,51.8238
12-10-2016,West,Office Supplies,Appliances,Arthur Prichep,65.34,3,0,22.869
12-10-2016,West,Office Supplies,Paper,Arthur Prichep,123.92,4,0,55.764
12-10-2016,West,Office Supplies,Appliances,Arthur Prichep,35.1,3,0,12.285
12-10-2016,West,Technology,Accessories,Arthur Prichep,44.75,5,0,8.5025
12-01-2016,South,Office Supplies,Art,Allen Goldenen,4.704,2,0.2,0.4116
11/28/2014,South,Office Supplies,Art,Bart Folk,14.67,3,0,3.9609
3/28/2015,East,Office Supplies,Paper,Chloris Kastensmidt,15.552,3,0.2,5.4432
3/28/2015,East,Office Supplies,Paper,Chloris Kastensmidt,5.232,1,0.2,1.7004
06-01-2014,South,Furniture,Furnishings,Liz Thompson,22.2,6,0,9.102
06-01-2014,South,Technology,Phones,Liz Thompson,881.93,7,0,229.3018
09-06-2015,West,Office Supplies,Binders,Beth Thompson,6.096,2,0.2,2.1336
09-06-2015,West,Furniture,Furnishings,Beth Thompson,191.82,3,0,74.8098
6/29/2015,East,Furniture,Furnishings,Steven Cartwright,20.104,1,0.2,1.7591
09-10-2016,South,Office Supplies,Art,Catherine Glotzbach,67.56,3,0.2,8.445
7/14/2014,Central,Office Supplies,Binders,Arthur Wiediger,29.932,7,0.8,-46.3946
7/14/2014,Central,Technology,Phones,Arthur Wiediger,38.272,4,0.2,3.8272
8/22/2015,East,Office Supplies,Art,Roger Barcio,16.52,4,0,7.5992
11/14/2014,East,Technology,Phones,Maris LaWare,832.93,7,0,233.2204
11/14/2014,East,Office Supplies,Binders,Maris LaWare,43.8,10,0,21.024
11/27/2016,Central,Office Supplies,Appliances,Victoria Brennan,167.292,6,0.1,29.7408
11/21/2017,East,Furniture,Furnishings,Scott Williamson,27.42,1,0,11.2422
10-01-2017,West,Office Supplies,Binders,Neola Schneider,1.44,1,0.2,0.504
10-01-2017,West,Office Supplies,Binders,Neola Schneider,61.776,13,0.2,20.8494
10-01-2017,West,Office Supplies,Appliances,Neola Schneider,241.96,2,0,60.49
10-01-2017,West,Furniture,Chairs,Neola Schneider,108.608,4,0.2,9.5032
9/20/2014,South,Office Supplies,Art,Dorothy Badders,2.816,2,0.2,0.9856
7/28/2017,West,Office Supplies,Binders,Matt Hagelstein,9.984,4,0.2,3.6192
7/28/2017,West,Office Supplies,Storage,Matt Hagelstein,14.98,1,0,4.1944
7/28/2017,West,Technology,Phones,Matt Hagelstein,1145.6,4,0.2,100.24
12-06-2015,East,Technology,Phones,Dennis Kane,485.94,2,0.4,-89.089
12-06-2015,East,Office Supplies,Art,Dennis Kane,37.376,8,0.2,4.672
12-06-2015,East,Furniture,Chairs,Dennis Kane,70.686,1,0.3,-24.2352
7/31/2017,East,Office Supplies,Paper,Erin Ashbrook,54.816,3,0.2,17.8152
3/19/2016,West,Furniture,Bookcases,Bobby Trafton,72.294,1,0.7,-98.8018
7/29/2017,Central,Office Supplies,Fasteners,Laura Armstrong,2.896,2,0.2,0.4706
7/29/2017,Central,Technology,Phones,Laura Armstrong,124.792,1,0.2,15.599
10-01-2016,East,Furniture,Tables,Greg Matthias,330.588,1,0.4,-115.7058
3/31/2014,West,Office Supplies,Binders,Alex Avila,673.568,2,0.2,252.588
3/31/2014,West,Office Supplies,Appliances,Alex Avila,52.98,2,0,14.8344
6/26/2017,Central,Furniture,Furnishings,Denny Blanton,526.45,5,0,31.587
07-09-2017,Central,Office Supplies,Storage,John Huston,228.92,5,0.2,14.3075
12/14/2015,West,Technology,Phones,Doug Jacobs,319.968,4,0.2,35.9964
12-05-2017,East,Technology,Accessories,Quincy Jones,205.03,7,0,67.6599
9/15/2015,Central,Office Supplies,Storage,Carol Triggs,190.86,2,0,11.4516
9/15/2015,Central,Office Supplies,Art,Carol Triggs,24.32,8,0,8.2688
7/15/2016,West,Office Supplies,Supplies,Rick Huthwaite,44.4,5,0,12.432
4/20/2017,Central,Furniture,Furnishings,Sanjit Jacobs,44.4,2,0.6,-52.17
11/15/2016,West,Office Supplies,Binders,Toby Gnade,1016.792,1,0.2,381.297
11/15/2016,West,Office Supplies,Binders,Toby Gnade,38.136,7,0.2,13.3476
11/26/2016,East,Technology,Phones,Carol Triggs,494.982,3,0.4,-115.4958
11/21/2017,West,Office Supplies,Storage,Barry Franz,56.56,2,0,15.2712
11/21/2017,West,Office Supplies,Art,Barry Franz,5.56,2,0,1.4456
11/21/2017,West,Office Supplies,Fasteners,Barry Franz,9.02,2,0,3.5178
11/21/2017,West,Office Supplies,Appliances,Barry Franz,8.62,1,0,2.2412
11/21/2017,West,Technology,Phones,Barry Franz,659.976,3,0.2,49.4982
2/15/2015,West,Office Supplies,Paper,Justin MacKendrick,13.36,2,0,6.4128
2/15/2015,West,Office Supplies,Binders,Justin MacKendrick,41.72,5,0.2,13.0375
2/15/2015,West,Office Supplies,Binders,Justin MacKendrick,11.52,5,0.2,4.176
2/15/2015,West,Office Supplies,Appliances,Justin MacKendrick,541.44,6,0,157.0176
2/15/2015,West,Office Supplies,Paper,Justin MacKendrick,19.44,3,0,9.3312
4/15/2016,West,Office Supplies,Paper,Julie Kriz,143.7,3,0,68.976
9/28/2015,West,Office Supplies,Appliances,Henry Goldwyn,43.26,3,0,14.2758
9/28/2015,West,Office Supplies,Appliances,Henry Goldwyn,43.56,2,0,15.246
9/17/2016,East,Technology,Phones,Laura Armstrong,437.85,3,0,131.355
9/17/2016,East,Furniture,Furnishings,Laura Armstrong,109.48,2,0,33.9388
6/16/2017,West,Furniture,Chairs,Troy Staebel,1212.96,7,0.2,90.972
6/16/2017,West,Office Supplies,Paper,Troy Staebel,18.54,2,0,8.7138
11-08-2015,West,Office Supplies,Fasteners,Maria Zettner,5,1,0,2.4
11-08-2015,West,Technology,Accessories,Maria Zettner,371.97,3,0,66.9546
12/18/2015,East,Technology,Accessories,Mitch Webber,166.24,1,0,24.936
02-06-2017,South,Furniture,Bookcases,Mark Van Huff,359.97,3,0,79.1934
11/14/2016,South,Technology,Accessories,Allen Armold,499.98,2,0,114.9954
11/14/2016,South,Office Supplies,Paper,Allen Armold,5.28,1,0,2.376
11/14/2016,South,Office Supplies,Binders,Allen Armold,8.26,2,0,3.8822
10-12-2017,South,Office Supplies,Paper,Sean Miller,7.968,2,0.2,2.6892
9/17/2017,West,Office Supplies,Paper,Tom Prescott,12.96,2,0,6.3504
12/20/2017,East,Office Supplies,Paper,Dean Katz,6.48,1,0,3.1104
12/20/2017,East,Office Supplies,Binders,Dean Katz,6.984,1,0.2,2.3571
12-02-2017,South,Office Supplies,Art,Michael Kennedy,47.96,5,0.2,4.1965
9/21/2015,West,Office Supplies,Storage,Chad Sievert,199.74,6,0,47.9376
03-06-2015,West,Furniture,Furnishings,John Lucas,435.26,7,0,95.7572
03-06-2015,West,Technology,Copiers,John Lucas,1119.984,2,0.2,377.9946
10-03-2014,West,Furniture,Tables,Allen Rosenblatt,143.432,1,0.2,3.5858
10-03-2014,West,Furniture,Chairs,Allen Rosenblatt,122.352,3,0.2,13.7646
6/27/2014,South,Office Supplies,Storage,Liz MacKendrick,306.2,5,0,0
6/27/2014,South,Furniture,Tables,Liz MacKendrick,85.98,1,0,22.3548
6/27/2014,South,Technology,Accessories,Liz MacKendrick,223.96,4,0,53.7504
10/30/2017,West,Furniture,Chairs,Jim Karlsson,97.568,2,0.2,-6.098
10/30/2017,West,Furniture,Chairs,Jim Karlsson,614.272,8,0.2,-23.0352
10/30/2017,West,Furniture,Bookcases,Jim Karlsson,199.98,2,0,37.9962
09-03-2016,East,Office Supplies,Paper,Filia McAdams,48.16,7,0,22.1536
03-05-2015,Central,Technology,Phones,Sarah Foster,23.92,2,0,6.6976
03-05-2015,Central,Office Supplies,Appliances,Sarah Foster,60.69,7,0,16.3863
05-05-2016,South,Office Supplies,Paper,Patrick Jones,14.352,3,0.2,5.2026
11/17/2017,South,Office Supplies,Appliances,Christine Sundaresam,35.04,2,0,12.264
06-01-2017,East,Office Supplies,Appliances,Barry Blumstein,17.48,5,0.2,1.311
06-10-2017,West,Office Supplies,Art,Ben Wallace,16.4,5,0,4.756
01-08-2017,West,Furniture,Tables,Ricardo Sperren,892.98,2,0,80.3682
4/20/2015,South,Technology,Phones,Theresa Swint,287.97,3,0,77.7519
4/20/2015,South,Furniture,Furnishings,Theresa Swint,595.38,6,0,297.69
4/20/2015,South,Office Supplies,Paper,Theresa Swint,12.96,2,0,6.2208
11-01-2015,East,Technology,Phones,Quincy Jones,4.95,1,0,1.3365
12/23/2017,East,Furniture,Furnishings,Filia McAdams,181.95,3,0,38.2095
11-01-2015,East,Office Supplies,Paper,Valerie Dominguez,13.52,4,0,6.2192
11-01-2015,East,Furniture,Furnishings,Valerie Dominguez,259.7,5,0,106.477
11-01-2015,East,Technology,Phones,Valerie Dominguez,42.95,1,0,1.2885
11-01-2015,East,Technology,Accessories,Valerie Dominguez,1399.93,7,0,601.9699
11-01-2015,East,Technology,Phones,Valerie Dominguez,503.96,4,0,125.99
11/14/2014,Central,Office Supplies,Binders,Jeremy Lonsdale,12.72,3,0,6.36
11/14/2014,Central,Office Supplies,Binders,Jeremy Lonsdale,11.52,4,0,5.6448
1/17/2016,South,Technology,Accessories,Dionis Lloyd,316,4,0,31.6
9/17/2017,South,Furniture,Chairs,Meg O'Connel,723.92,4,0,188.2192
9/17/2017,South,Office Supplies,Paper,Meg O'Connel,106.32,3,0,49.9704
12/23/2016,Central,Furniture,Bookcases,Ben Peterman,141.372,2,0.3,-14.1372
08-06-2015,Central,Office Supplies,Paper,Michael Stewart,27.216,3,0.2,9.8658
11-05-2017,East,Technology,Accessories,Susan Vittorini,390.75,5,0,171.93
06-11-2017,West,Furniture,Chairs,Becky Castell,280.792,1,0.2,35.099
06-11-2017,West,Office Supplies,Storage,Becky Castell,68.448,4,0.2,7.7004
06-11-2017,West,Office Supplies,Art,Becky Castell,88.04,5,0.2,6.603
06-11-2017,West,Office Supplies,Art,Becky Castell,15.872,1,0.2,1.984
06-11-2017,West,Office Supplies,Storage,Becky Castell,215.592,3,0.2,-48.5082
7/20/2017,Central,Office Supplies,Labels,Elizabeth Moffitt,14.62,2,0,6.8714
7/20/2017,Central,Office Supplies,Appliances,Elizabeth Moffitt,416.32,2,0,112.4064
7/20/2017,Central,Office Supplies,Binders,Elizabeth Moffitt,43,5,0,20.21
7/20/2017,Central,Furniture,Chairs,Elizabeth Moffitt,182.94,3,0,27.441
7/20/2017,Central,Office Supplies,Binders,Elizabeth Moffitt,60.83,7,0,30.415
7/20/2017,Central,Technology,Accessories,Elizabeth Moffitt,389.97,3,0,132.5898
12/23/2015,South,Office Supplies,Appliances,Bradley Drucker,194.32,4,0,56.3528
3/20/2017,West,Technology,Accessories,Helen Wasserman,265.93,7,0,63.8232
12/31/2015,South,Office Supplies,Binders,Karen Carlisle,94.74,3,0,44.5278
12/31/2015,South,Office Supplies,Binders,Karen Carlisle,60.64,4,0,27.8944
12/31/2015,South,Office Supplies,Binders,Karen Carlisle,76.3,5,0,38.15
12/31/2015,South,Office Supplies,Binders,Karen Carlisle,364.8,12,0,167.808
9/15/2015,East,Office Supplies,Binders,Brendan Murry,79.872,3,0.2,29.952
9/15/2015,East,Furniture,Bookcases,Brendan Murry,46.384,1,0.2,1.1596
9/15/2015,East,Office Supplies,Paper,Brendan Murry,12.96,2,0,6.2208
9/23/2017,West,Office Supplies,Envelopes,Kristina Nunn,14.352,3,0.2,5.2026
12/25/2015,East,Furniture,Furnishings,Justin Deggeller,547.136,4,0.2,-68.392
9/24/2016,West,Office Supplies,Storage,Laura Armstrong,41.96,2,0,2.9372
9/24/2016,West,Office Supplies,Paper,Laura Armstrong,41.7,5,0,20.85
3/21/2017,Central,Office Supplies,Paper,Robert Waldorf,277.4,5,0,133.152
3/21/2017,Central,Office Supplies,Paper,Robert Waldorf,5.78,1,0,2.8322
9/30/2014,South,Office Supplies,Appliances,Kelly Williams,69.216,6,0.2,11.2476
12-10-2017,East,Office Supplies,Envelopes,Chris Cortes,10.86,3,0,5.1042
12-10-2017,East,Office Supplies,Appliances,Chris Cortes,426.79,7,0,123.7691
8/23/2014,East,Office Supplies,Paper,Rick Hansen,25.92,4,0,12.4416
8/23/2014,East,Office Supplies,Paper,Rick Hansen,45.92,4,0,22.5008
8/19/2014,East,Office Supplies,Art,Jim Karlsson,10.72,2,0.2,1.742
11-10-2016,South,Office Supplies,Art,Debra Catini,41.86,7,0,10.465
12/31/2014,East,Furniture,Furnishings,Gary Mitchum,63.2,5,0,23.384
12/31/2014,East,Technology,Accessories,Gary Mitchum,113.97,3,0,27.3528
7/26/2014,Central,Office Supplies,Storage,Carl Ludwig,123.552,3,0.2,-29.3436
2/22/2016,Central,Office Supplies,Appliances,Paul Van Hugh,490.32,9,0,137.2896
3/13/2016,Central,Office Supplies,Paper,Liz Thompson,70.08,5,0.2,24.528
3/13/2016,Central,Office Supplies,Binders,Liz Thompson,1.272,2,0.8,-2.1624
3/13/2016,Central,Furniture,Tables,Liz Thompson,557.585,5,0.3,0
12-02-2017,West,Office Supplies,Binders,Alice McCarthy,9.024,6,0.2,3.1584
12-02-2017,West,Office Supplies,Binders,Alice McCarthy,69.456,2,0.2,22.5732
12-02-2017,West,Office Supplies,Paper,Alice McCarthy,10.86,2,0,5.3214
12-02-2017,West,Office Supplies,Appliances,Alice McCarthy,79.47,3,0,22.2516
12-02-2017,West,Office Supplies,Art,Alice McCarthy,10.08,6,0,5.04
8/31/2015,West,Furniture,Bookcases,Scott Cohen,1552.831,7,0.15,200.9546
8/31/2015,West,Office Supplies,Binders,Scott Cohen,137.24,5,0.2,46.3185
8/31/2015,West,Technology,Accessories,Scott Cohen,36.51,1,0,15.6993
8/31/2015,West,Technology,Machines,Scott Cohen,239.976,3,0.2,80.9919
3/17/2014,East,Furniture,Tables,Christine Phan,1579.746,7,0.4,-447.5947
3/17/2014,East,Furniture,Tables,Christine Phan,1071.576,4,0.4,-553.6476
3/17/2014,East,Furniture,Tables,Christine Phan,613.908,3,0.4,-122.7816
3/17/2014,East,Office Supplies,Paper,Christine Phan,34.86,7,0,16.3842
3/17/2014,East,Office Supplies,Paper,Christine Phan,155.04,4,0,75.9696
4/16/2017,East,Office Supplies,Binders,Roy Französisch,13.71,5,0.7,-10.054
3/13/2016,South,Furniture,Furnishings,Adam Bellavance,127.88,2,0,40.9216
3/13/2016,South,Office Supplies,Appliances,Adam Bellavance,160.32,2,0,44.8896
3/13/2016,South,Office Supplies,Binders,Adam Bellavance,46,4,0,20.7
11/24/2014,West,Furniture,Chairs,Erica Hackney,120.712,1,0.2,-18.1068
02-10-2017,East,Office Supplies,Paper,Michael Nguyen,23.12,4,0,11.3288
9/23/2016,East,Furniture,Furnishings,Kelly Lampkin,532.704,6,0.2,-26.6352
9/23/2016,East,Office Supplies,Art,Kelly Lampkin,4.912,2,0.2,0.307
07-07-2017,East,Technology,Accessories,Michael Paige,252,4,0,93.24
07-07-2016,Central,Furniture,Furnishings,Barry Französisch,60.288,8,0.6,-27.1296
07-07-2016,Central,Office Supplies,Fasteners,Barry Französisch,2.632,1,0.2,0.8225
07-07-2016,Central,Office Supplies,Paper,Barry Französisch,23.688,9,0.2,7.6986
07-07-2016,Central,Furniture,Chairs,Barry Französisch,253.372,2,0.3,-14.4784
1/24/2017,South,Office Supplies,Fasteners,Theone Pippenger,5.67,3,0,0.1134
8/19/2014,East,Office Supplies,Binders,Maxwell Schwartz,76.776,4,0.7,-58.8616
8/19/2014,East,Office Supplies,Supplies,Maxwell Schwartz,9.184,2,0.2,1.148
12-06-2015,West,Office Supplies,Paper,Katherine Murray,32.75,5,0,15.065
05-06-2016,East,Office Supplies,Fasteners,Brad Eason,7.216,2,0.2,1.7138
05-06-2016,East,Office Supplies,Paper,Brad Eason,49.568,2,0.2,15.49
05-06-2016,East,Furniture,Furnishings,Brad Eason,54.712,7,0.2,11.6263
3/25/2017,West,Office Supplies,Appliances,Christina VanderZanden,176.04,4,0,45.7704
3/25/2017,West,Office Supplies,Art,Christina VanderZanden,16.02,9,0,4.4856
3/25/2017,West,Office Supplies,Binders,Christina VanderZanden,185.92,4,0.2,62.748
3/25/2017,West,Technology,Phones,Christina VanderZanden,211.168,4,0.2,15.8376
3/25/2017,West,Technology,Copiers,Christina VanderZanden,479.984,2,0.2,59.998
12-12-2015,West,Office Supplies,Fasteners,Dennis Kane,7.86,2,0,3.6156
12-12-2015,West,Office Supplies,Binders,Dennis Kane,24.448,2,0.2,8.8624
12-06-2015,East,Office Supplies,Paper,Speros Goranitis,6.48,1,0,3.1104
12-06-2015,East,Office Supplies,Paper,Speros Goranitis,41.86,7,0,20.5114
12-06-2015,East,Technology,Accessories,Speros Goranitis,1619.91,9,0,97.1946
12-06-2015,East,Furniture,Furnishings,Speros Goranitis,113.92,4,0,42.1504
3/17/2016,East,Office Supplies,Art,Christine Sundaresam,39.68,2,0,10.3168
11/14/2015,East,Technology,Accessories,Patrick Jones,37.6,2,0,2.256
11/14/2015,East,Technology,Accessories,Patrick Jones,59.9,2,0,23.96
11/14/2015,East,Office Supplies,Paper,Patrick Jones,37,5,0,16.65
8/14/2017,West,Office Supplies,Labels,Nora Preis,5.76,2,0,2.8224
8/14/2017,West,Office Supplies,Art,Nora Preis,16.68,6,0,4.3368
09-09-2017,South,Office Supplies,Storage,Sean Braxton,628.81,7,0,12.5762
09-09-2017,South,Office Supplies,Storage,Sean Braxton,56.45,5,0,14.677
04-01-2017,Central,Office Supplies,Storage,Adam Shillingsburg,94.2,6,0,23.55
04-01-2017,Central,Office Supplies,Envelopes,Adam Shillingsburg,28.4,5,0,13.348
9/27/2016,Central,Furniture,Bookcases,Harry Marie,956.6648,7,0.32,-225.0976
10-07-2017,West,Technology,Accessories,Mike Gockenbach,1115.91,9,0,200.8638
10-07-2017,West,Technology,Phones,Mike Gockenbach,128.744,7,0.2,-28.9674
10-07-2017,West,Technology,Phones,Mike Gockenbach,79.92,10,0.2,26.973
1/20/2017,West,Office Supplies,Art,Tamara Manning,24.2,5,0,7.986
1/20/2017,West,Technology,Phones,Tamara Manning,359.976,3,0.2,130.4913
3/23/2017,West,Furniture,Furnishings,Bill Eplett,211.84,8,0,76.2624
08-01-2014,East,Office Supplies,Fasteners,Ann Steele,5.68,2,0.2,1.917
06-07-2015,West,Office Supplies,Binders,Eleni McCrary,7.52,5,0.2,2.632
11-12-2014,West,Office Supplies,Paper,Joseph Airdo,11.96,2,0,5.8604
11-12-2014,West,Furniture,Tables,Joseph Airdo,629.064,3,0.2,31.4532
12/29/2016,Central,Furniture,Chairs,Troy Blackwell,754.45,5,0,60.356
07-06-2015,East,Furniture,Bookcases,Paul Prost,301.96,2,0,60.392
10-12-2017,West,Technology,Accessories,Michelle Lonsdale,595,5,0,95.2
10-12-2017,West,Office Supplies,Binders,Michelle Lonsdale,79.872,3,0.2,29.952
5/21/2016,West,Technology,Machines,Linda Cazamias,2396.4,10,0.2,179.73
11-09-2017,West,Office Supplies,Storage,Matt Collister,63.56,2,0,3.178
11-09-2017,West,Technology,Accessories,Matt Collister,99.99,1,0,43.9956
4/18/2016,Central,Office Supplies,Storage,Clay Rozendal,230.376,3,0.2,-48.9549
4/18/2016,Central,Office Supplies,Paper,Clay Rozendal,9.664,2,0.2,3.2616
12/25/2017,East,Technology,Accessories,Susan Vittorini,158.928,7,0.2,41.7186
12/25/2017,East,Office Supplies,Binders,Susan Vittorini,13.023,1,0.7,-10.4184
12/25/2017,East,Furniture,Tables,Susan Vittorini,273.06,2,0.4,-104.673
12/25/2017,East,Office Supplies,Fasteners,Susan Vittorini,39.312,13,0.2,12.7764
06-11-2016,Central,Office Supplies,Binders,Mary Zewe,1.344,4,0.8,-2.1504
06-11-2016,Central,Office Supplies,Binders,Mary Zewe,8.272,4,0.8,-13.6488
06-11-2016,Central,Furniture,Furnishings,Mary Zewe,12.544,7,0.6,-9.0944
5/13/2017,West,Office Supplies,Labels,Ross Baird,58.48,8,0,27.4856
12/28/2017,West,Furniture,Furnishings,Harry Marie,7.4,2,0,3.034
3/25/2014,East,Furniture,Chairs,Annie Zypern,366.786,7,0.1,65.2064
5/28/2017,Central,Technology,Phones,Jonathan Howell,54.368,4,0.2,4.0776
11/14/2015,South,Office Supplies,Envelopes,Patrick Jones,33.96,2,0,16.98
11/14/2015,South,Office Supplies,Appliances,Patrick Jones,826.11,3,0,322.1829
07-03-2017,West,Furniture,Furnishings,Christina Anderson,545.85,9,0,114.6285
11/18/2014,West,Furniture,Tables,Pierre Wener,145.98,2,0.5,-99.2664
11/18/2014,West,Office Supplies,Paper,Pierre Wener,35.808,4,0.2,12.5328
7/17/2017,South,Furniture,Furnishings,Shaun Weien,7.904,2,0.2,2.1736
5/22/2016,East,Technology,Phones,Art Ferguson,345,5,0,86.25
5/22/2016,East,Furniture,Tables,Art Ferguson,174.286,2,0.3,-19.9184
5/22/2016,East,Office Supplies,Appliances,Art Ferguson,662.84,4,0,172.3384
5/22/2016,East,Technology,Accessories,Art Ferguson,95.1,5,0,30.432
5/22/2016,East,Office Supplies,Envelopes,Art Ferguson,26.88,6,0,12.9024
5/22/2016,East,Technology,Phones,Art Ferguson,257.98,2,0,74.8142
9/25/2015,West,Office Supplies,Envelopes,Anne McFarland,17.48,2,0,8.2156
10/31/2016,East,Furniture,Chairs,Bill Donatelli,492.835,5,0.3,-14.081
9/14/2015,South,Office Supplies,Storage,Christopher Martinez,269.49,3,0,5.3898
11-05-2016,West,Office Supplies,Binders,Christopher Schild,29.12,5,0.2,9.828
3/17/2017,East,Office Supplies,Labels,Denny Blanton,18.75,5,0,9
3/17/2017,East,Technology,Phones,Denny Blanton,119.7,6,0,31.122
3/17/2017,East,Office Supplies,Binders,Denny Blanton,9.144,3,0.2,3.0861
3/17/2017,East,Technology,Accessories,Denny Blanton,57.06,3,0,18.2592
3/17/2017,East,Technology,Accessories,Denny Blanton,71.6,8,0,13.604
3/17/2017,East,Office Supplies,Storage,Denny Blanton,107.44,8,0,27.9344
3/17/2017,East,Office Supplies,Labels,Denny Blanton,7.31,1,0,3.4357
3/17/2017,East,Office Supplies,Art,Denny Blanton,59.1,6,0,22.458
3/17/2017,East,Office Supplies,Storage,Denny Blanton,46.53,3,0,12.0978
8/15/2017,East,Office Supplies,Appliances,James Galang,97.84,2,0,25.4384
07-11-2015,West,Office Supplies,Paper,Shahid Collister,29.97,3,0,13.4865
07-11-2015,West,Office Supplies,Binders,Shahid Collister,98.352,3,0.2,34.4232
12-03-2017,East,Office Supplies,Binders,Chuck Sachs,83.92,5,0.2,29.372
12-03-2017,East,Office Supplies,Binders,Chuck Sachs,14.624,2,0.2,5.1184
12-03-2017,East,Technology,Phones,Chuck Sachs,136.99,1,0,36.9873
12-03-2017,East,Office Supplies,Labels,Chuck Sachs,3.15,1,0,1.512
05-04-2017,South,Office Supplies,Paper,Mike Kennedy,9.11,1,0,4.0995
05-04-2017,South,Office Supplies,Storage,Mike Kennedy,571.44,4,0,165.7176
05-04-2017,South,Office Supplies,Paper,Mike Kennedy,32.4,5,0,15.552
05-04-2017,South,Office Supplies,Storage,Mike Kennedy,16.91,1,0,4.5657
1/22/2016,South,Furniture,Furnishings,Carlos Meador,14.272,8,0.2,4.2816
1/22/2016,South,Furniture,Bookcases,Carlos Meador,451.136,4,0.2,-67.6704
1/22/2016,South,Office Supplies,Appliances,Carlos Meador,64.864,4,0.2,6.4864
11-03-2016,West,Furniture,Chairs,Phillip Flathmann,217.584,2,0.2,-29.9178
11-03-2016,West,Technology,Accessories,Phillip Flathmann,82.95,5,0,29.0325
11-03-2016,West,Office Supplies,Labels,Phillip Flathmann,87.71,7,0,41.2237
11-03-2016,West,Office Supplies,Appliances,Phillip Flathmann,1101.48,4,0,429.5772
09-04-2017,West,Furniture,Tables,Greg Maxwell,1322.352,3,0.2,-99.1764
9/13/2014,East,Office Supplies,Art,Dan Campbell,5.46,3,0,1.4742
6/19/2017,Central,Office Supplies,Supplies,Frank Olsen,11.184,1,0.2,0.8388
6/19/2017,Central,Office Supplies,Storage,Frank Olsen,153.584,2,0.2,-32.6366
12/24/2017,West,Office Supplies,Storage,Alan Hwang,1003.62,6,0,0
8/28/2017,West,Technology,Phones,Kristina Nunn,35.168,4,0.2,11.4296
8/28/2017,West,Furniture,Tables,Kristina Nunn,1137.75,5,0,250.305
8/28/2017,West,Office Supplies,Binders,Kristina Nunn,99.68,5,0.2,32.396
8/28/2017,West,Office Supplies,Art,Kristina Nunn,5.56,2,0,1.4456
01-02-2015,East,Office Supplies,Storage,Claudia Bergmann,85.52,2,0,22.2352
01-02-2015,East,Office Supplies,Art,Claudia Bergmann,9.84,3,0,2.6568
01-02-2015,East,Office Supplies,Paper,Claudia Bergmann,20.04,3,0,9.6192
10-09-2015,East,Technology,Phones,Tim Brockman,631.96,4,0,303.3408
10-09-2015,East,Office Supplies,Paper,Tim Brockman,23.92,4,0,10.764
12/13/2014,West,Office Supplies,Paper,Katherine Ducich,90.24,6,0,41.5104
11/19/2014,East,Technology,Phones,John Murray,4548.81,7,0,1228.1787
09-10-2016,Central,Furniture,Tables,Kean Thornton,300.93,5,0.3,-34.392
09-10-2016,Central,Technology,Phones,Kean Thornton,719.96,5,0.2,53.997
6/16/2014,Central,Furniture,Chairs,Sonia Cooley,647.84,8,0,32.392
9/26/2015,West,Office Supplies,Storage,Bryan Spruell,64.17,3,0,18.6093
9/26/2015,West,Office Supplies,Envelopes,Bryan Spruell,124.46,2,0,58.4962
5/19/2016,West,Office Supplies,Binders,Bill Tyler,9.584,1,0.2,3.3544
6/22/2017,South,Office Supplies,Envelopes,Dan Campbell,37.608,3,0.2,12.6927
6/17/2017,Central,Office Supplies,Paper,Luke Schmidt,12.224,2,0.2,4.4312
6/17/2017,Central,Office Supplies,Binders,Luke Schmidt,2.304,4,0.8,-3.5712
6/17/2017,Central,Office Supplies,Binders,Luke Schmidt,9.36,4,0.8,-16.38
11/14/2016,West,Office Supplies,Labels,Ralph Ritter,7.38,2,0,3.4686
7/25/2014,West,Office Supplies,Storage,Ken Lonsdale,53.72,4,0,15.0416
7/25/2014,West,Office Supplies,Supplies,Ken Lonsdale,8187.65,5,0,327.506
7/25/2014,West,Furniture,Furnishings,Ken Lonsdale,77.92,8,0,34.2848
07-02-2015,Central,Office Supplies,Appliances,Richard Bierner,32.784,4,0.8,-85.2384
03-02-2017,West,Technology,Phones,Maribeth Yedwab,196.776,3,0.2,14.7582
03-02-2017,West,Technology,Accessories,Maribeth Yedwab,479.94,6,0,52.7934
11/18/2016,Central,Office Supplies,Storage,Arthur Wiediger,1117.92,4,0,55.896
4/18/2015,South,Technology,Accessories,Kelly Williams,106.5,6,0,41.535
12-02-2017,South,Office Supplies,Binders,Daniel Byrd,45.66,5,0.7,-33.484
11-11-2016,Central,Technology,Accessories,Brenda Bowman,95.968,4,0.2,1.1996
11-11-2016,Central,Furniture,Chairs,Brenda Bowman,47.992,2,0.3,-2.0568
09-05-2014,East,Office Supplies,Storage,Nora Preis,264.32,2,0.2,19.824
11/15/2014,Central,Office Supplies,Envelopes,Peter Bühler,604.656,9,0.2,204.0714
05-02-2017,East,Furniture,Furnishings,Dorothy Wardle,129.93,3,0,12.993
10/15/2016,Central,Office Supplies,Labels,Cynthia Delaney,20.16,7,0,9.8784
10/15/2016,Central,Office Supplies,Labels,Cynthia Delaney,29.46,6,0,14.4354
10/15/2016,Central,Office Supplies,Appliances,Cynthia Delaney,868.59,3,0,251.8911
10/15/2016,Central,Office Supplies,Paper,Cynthia Delaney,12.96,2,0,6.2208
10/15/2016,Central,Technology,Phones,Cynthia Delaney,5.5,1,0,1.375
10/15/2016,Central,Office Supplies,Binders,Cynthia Delaney,121.6,4,0,55.936
04-06-2015,Central,Office Supplies,Art,Thomas Thornton,42.048,9,0.2,5.256
04-06-2015,Central,Technology,Accessories,Thomas Thornton,25.488,2,0.2,4.4604
04-06-2015,Central,Office Supplies,Binders,Thomas Thornton,6.9,3,0.8,-12.075
04-06-2015,Central,Office Supplies,Binders,Thomas Thornton,9.648,6,0.8,-16.884
04-06-2015,Central,Office Supplies,Paper,Thomas Thornton,7.968,2,0.2,2.8884
10/24/2014,South,Office Supplies,Paper,Daniel Byrd,10.368,2,0.2,3.6288
8/17/2014,South,Office Supplies,Paper,Don Jones,114.2,5,0,52.532
8/17/2014,South,Office Supplies,Binders,Don Jones,17.96,4,0,8.2616
8/17/2014,South,Office Supplies,Fasteners,Don Jones,12.67,7,0,4.5612
8/17/2014,South,Technology,Accessories,Don Jones,339.96,4,0,122.3856
8/15/2017,East,Office Supplies,Storage,Dionis Lloyd,1801.632,6,0.2,-337.806
09-06-2015,West,Technology,Accessories,Lori Olson,46.32,4,0,18.0648
1/27/2015,East,Furniture,Chairs,Seth Vernon,181.986,2,0.3,-54.5958
1/27/2015,East,Technology,Phones,Seth Vernon,431.976,4,0.4,-100.7944
1/27/2015,East,Technology,Phones,Seth Vernon,155.37,1,0.4,-36.253
7/16/2015,West,Furniture,Chairs,Eleni McCrary,1348.704,6,0.2,-219.1644
7/16/2015,West,Furniture,Chairs,Eleni McCrary,700.152,3,0.2,78.7671
4/30/2016,West,Furniture,Furnishings,Ken Dana,111.888,7,0.2,22.3776
9/26/2014,East,Office Supplies,Appliances,Nicole Brennan,143.952,3,0.2,14.3952
09-08-2016,East,Furniture,Bookcases,Anne Pryor,173.94,3,0,13.9152
09-08-2016,East,Office Supplies,Labels,Anne Pryor,14.76,4,0,6.9372
4/16/2017,West,Office Supplies,Storage,Joel Eaton,205.92,4,0,2.0592
4/16/2017,West,Furniture,Bookcases,Joel Eaton,102.833,1,0.15,-6.049
8/16/2015,West,Office Supplies,Art,John Murray,2.304,1,0.2,0.2592
8/16/2015,West,Technology,Phones,John Murray,1879.96,5,0.2,211.4955
8/16/2015,West,Office Supplies,Paper,John Murray,313.024,8,0.2,105.6456
8/16/2015,West,Office Supplies,Labels,John Murray,5.04,2,0.2,1.764
11/19/2017,South,Furniture,Furnishings,Adrian Barton,821.88,6,0,213.6888
11/19/2017,South,Office Supplies,Binders,Adrian Barton,21.96,2,0,10.7604
9/14/2016,South,Office Supplies,Paper,Parhena Norris,25.92,4,0,12.4416
8/15/2016,South,Technology,Phones,John Castell,705.544,7,0.2,70.5544
9/26/2015,East,Technology,Accessories,Philip Fox,50,2,0,12
10-08-2016,Central,Furniture,Furnishings,Bart Watters,51.712,8,0.6,-32.32
3/24/2015,South,Office Supplies,Appliances,Ben Peterman,6.992,2,0.2,0.5244
5/31/2015,West,Furniture,Bookcases,Tamara Manning,1406.86,7,0,140.686
5/31/2015,West,Office Supplies,Labels,Tamara Manning,15.75,5,0,7.56
5/31/2015,West,Office Supplies,Storage,Tamara Manning,323.1,2,0,61.389
12/25/2015,South,Office Supplies,Labels,Maria Bertelson,9.216,4,0.2,3.3408
12/25/2015,South,Office Supplies,Paper,Maria Bertelson,10.368,2,0.2,3.6288
3/17/2015,East,Technology,Accessories,Harold Ryan,15.02,1,0,2.7036
3/17/2015,East,Office Supplies,Storage,Harold Ryan,33.82,2,0,9.1314
12/21/2017,South,Technology,Accessories,Brian Derr,71,4,0,27.69
11-01-2017,West,Office Supplies,Binders,Sarah Foster,25.12,5,0.2,7.85
11-01-2017,West,Furniture,Tables,Sarah Foster,2665.62,9,0,239.9058
09-07-2017,East,Office Supplies,Storage,Stefania Perrino,478.08,8,0,133.8624
12/27/2017,East,Technology,Phones,Dan Reichenbach,164.388,2,0.4,-35.6174
12/27/2017,East,Office Supplies,Art,Dan Reichenbach,13.248,4,0.2,3.6432
7/16/2017,Central,Office Supplies,Art,Valerie Mitchum,2.912,2,0.2,0.91
08-12-2016,Central,Technology,Accessories,Chris McAfee,1399.944,7,0.2,52.4979
07-09-2017,Central,Furniture,Furnishings,Sean Miller,526.45,5,0,31.587
11/22/2014,South,Office Supplies,Envelopes,Ruben Ausman,16.23,3,0,7.9527
11/22/2014,South,Office Supplies,Binders,Ruben Ausman,319.9,5,0,156.751
11/22/2014,South,Office Supplies,Envelopes,Ruben Ausman,11.36,2,0,5.3392
11/22/2014,South,Office Supplies,Appliances,Ruben Ausman,675.12,3,0,290.3016
1/26/2014,South,Furniture,Furnishings,Shirley Daniels,62.82,3,0,30.7818
1/26/2014,South,Office Supplies,Storage,Shirley Daniels,489.92,8,0,0
1/26/2014,South,Office Supplies,Paper,Shirley Daniels,19.44,3,0,9.3312
1/26/2014,South,Office Supplies,Paper,Shirley Daniels,16.68,2,0,8.34
1/26/2014,South,Technology,Phones,Shirley Daniels,155.35,13,0,0
1/26/2014,South,Furniture,Furnishings,Shirley Daniels,12.42,3,0,4.4712
1/26/2014,South,Technology,Phones,Shirley Daniels,187.98,2,0,52.6344
11-03-2015,Central,Office Supplies,Envelopes,Chris Selesnick,6.608,2,0.2,2.1476
6/30/2017,East,Office Supplies,Storage,Ralph Arnett,248.57,7,0,67.1139
6/30/2017,East,Furniture,Furnishings,Ralph Arnett,22.23,1,0,9.7812
05-05-2016,West,Office Supplies,Storage,Barry Franz,5.98,1,0,1.0166
05-05-2016,West,Technology,Phones,Barry Franz,246.168,3,0.2,21.5397
09-08-2016,Central,Furniture,Furnishings,Sanjit Engle,14.136,2,0.6,-7.7748
09-08-2016,Central,Furniture,Tables,Sanjit Engle,601.47,3,0.5,-300.735
11/24/2017,South,Technology,Phones,Roland Schwarz,79.1,2,0,39.55
11/24/2017,South,Office Supplies,Binders,Roland Schwarz,327.84,8,0,157.3632
5/13/2017,Central,Office Supplies,Envelopes,Brian Moss,180.96,2,0,81.432
5/13/2017,Central,Office Supplies,Binders,Brian Moss,914.97,3,0,411.7365
5/13/2017,Central,Technology,Phones,Brian Moss,587.97,3,0,158.7519
5/13/2017,Central,Office Supplies,Storage,Brian Moss,530.34,2,0,95.4612
5/13/2017,Central,Office Supplies,Paper,Brian Moss,14.94,3,0,7.3206
4/23/2017,East,Office Supplies,Appliances,Sally Knutson,121.94,2,0,35.3626
4/23/2017,East,Office Supplies,Supplies,Sally Knutson,122.71,7,0,36.813
06-04-2016,East,Office Supplies,Paper,Edward Nazzal,14.94,3,0,7.0218
06-04-2016,East,Technology,Machines,Edward Nazzal,1349.85,3,0,364.4595
06-04-2016,East,Furniture,Bookcases,Edward Nazzal,136.784,1,0.2,5.1294
06-04-2016,East,Furniture,Furnishings,Edward Nazzal,61.12,4,0,20.7808
12/16/2014,South,Office Supplies,Binders,Kean Nguyen,1.167,1,0.7,-0.8558
03-04-2016,West,Office Supplies,Art,Michael Granlund,16.99,1,0,4.9271
11/25/2014,Central,Technology,Accessories,Matt Collister,24.672,3,0.2,0
11/25/2014,Central,Office Supplies,Labels,Matt Collister,2.52,1,0.2,0.882
11/25/2014,Central,Furniture,Tables,Matt Collister,1218.735,5,0.3,-121.8735
11/25/2014,Central,Office Supplies,Labels,Matt Collister,5.904,2,0.2,1.9926
11/25/2014,Central,Office Supplies,Paper,Matt Collister,15.696,3,0.2,5.1012
11/25/2014,Central,Furniture,Furnishings,Matt Collister,6.096,3,0.6,-3.9624
4/28/2016,West,Furniture,Chairs,Bill Overfelt,41.568,2,0.2,2.598
4/26/2014,West,Furniture,Chairs,Aleksandra Gannaway,230.28,3,0.2,23.028
4/26/2014,West,Office Supplies,Binders,Aleksandra Gannaway,18.288,6,0.2,5.715
04-01-2017,West,Office Supplies,Labels,Maribeth Schnelling,5.78,2,0,2.7166
04-01-2017,West,Office Supplies,Binders,Maribeth Schnelling,121.68,13,0.2,38.025
12/22/2017,West,Office Supplies,Art,Jim Mitchum,4.17,3,0,1.0842
12/22/2017,West,Technology,Phones,Jim Mitchum,67.04,4,0.2,6.704
12/22/2017,West,Office Supplies,Storage,Jim Mitchum,37.32,3,0,10.4496
12/22/2017,West,Office Supplies,Labels,Jim Mitchum,18.45,5,0,8.6715
12-03-2014,Central,Office Supplies,Paper,Matthew Clasen,25.92,4,0,12.4416
10/22/2017,East,Technology,Copiers,Tom Ashbrook,11199.968,4,0.2,3919.9888
10/22/2017,East,Technology,Phones,Tom Ashbrook,2399.6,8,0,647.892
10/22/2017,East,Office Supplies,Envelopes,Tom Ashbrook,63.9,5,0,28.755
10/22/2017,East,Technology,Phones,Tom Ashbrook,52.99,1,0,0.5299
11/13/2017,East,Technology,Accessories,Sean Braxton,60.864,4,0.2,9.1296
11/13/2017,East,Technology,Machines,Sean Braxton,652.995,7,0.7,-935.9595
11/13/2017,East,Office Supplies,Binders,Sean Braxton,11.22,10,0.7,-7.48
09-10-2015,Central,Office Supplies,Paper,Aimee Bixby,14.94,3,0,7.0218
5/15/2017,West,Furniture,Furnishings,Jason Fortune-,39.96,2,0,17.1828
5/15/2017,West,Furniture,Chairs,Jason Fortune-,42.624,2,0.2,4.2624
5/15/2017,West,Furniture,Chairs,Jason Fortune-,220.96,1,0.2,24.858
07-05-2015,South,Furniture,Furnishings,Barbara Fisher,4.928,2,0.2,0.7392
07-05-2015,South,Office Supplies,Binders,Barbara Fisher,7.23,5,0.7,-5.784
8/15/2015,West,Office Supplies,Storage,Tim Taslimi,323.1,2,0,61.389
06-12-2017,East,Office Supplies,Paper,Sarah Bern,19.04,4,0,9.3296
06-12-2017,East,Office Supplies,Binders,Sarah Bern,13.128,3,0.2,4.2666
06-12-2017,East,Office Supplies,Art,Sarah Bern,64.14,3,0,16.6764
06-12-2017,East,Furniture,Chairs,Sarah Bern,858.24,4,0.1,143.04
2/20/2015,South,Technology,Accessories,Liz MacKendrick,29.99,1,0,2.999
12/29/2016,Central,Office Supplies,Paper,Kelly Andreada,186.048,6,0.2,67.4424
4/17/2016,South,Technology,Phones,Ben Ferrer,36.792,1,0.2,4.1391
4/17/2016,South,Furniture,Furnishings,Ben Ferrer,18.624,8,0.2,6.2856
09-07-2014,Central,Furniture,Furnishings,Tom Boeckenhauer,57.69,3,0,23.6529
09-07-2014,Central,Office Supplies,Binders,Tom Boeckenhauer,42.81,3,0,20.1207
09-07-2014,Central,Office Supplies,Paper,Tom Boeckenhauer,12.96,2,0,6.2208
09-07-2014,Central,Furniture,Furnishings,Tom Boeckenhauer,821.88,6,0,213.6888
09-07-2014,Central,Technology,Phones,Tom Boeckenhauer,104.85,3,0,28.3095
9/26/2016,West,Furniture,Bookcases,Sally Hughsby,424.9575,5,0.15,19.998
9/17/2017,West,Office Supplies,Binders,Alan Schoenberger,10.776,3,0.2,3.5022
9/17/2017,West,Office Supplies,Binders,Alan Schoenberger,11.784,3,0.2,4.2717
9/17/2017,West,Office Supplies,Paper,Alan Schoenberger,164.88,3,0,80.7912
9/17/2017,West,Furniture,Bookcases,Alan Schoenberger,1292.94,3,0,77.5764
9/17/2017,West,Office Supplies,Binders,Alan Schoenberger,25.584,2,0.2,8.9544
9/17/2017,West,Office Supplies,Storage,Alan Schoenberger,261.74,2,0,65.435
9/17/2017,West,Office Supplies,Labels,Alan Schoenberger,14.4,5,0,7.056
8/16/2016,West,Office Supplies,Envelopes,Pete Kriz,10.86,3,0,5.1042
12/24/2015,West,Furniture,Chairs,Harold Ryan,883.84,4,0.2,99.432
11/28/2017,East,Technology,Phones,Deirdre Greer,1979.89,11,0,494.9725
11/28/2017,East,Office Supplies,Envelopes,Deirdre Greer,79.96,2,0,35.982
4/14/2017,Central,Office Supplies,Binders,Craig Leslie,8.76,2,0,4.2048
05-01-2016,South,Office Supplies,Labels,Herbert Flentye,3.984,1,0.2,1.2948
05-01-2016,South,Furniture,Tables,Herbert Flentye,370.62,3,0.4,-142.071
05-01-2016,South,Office Supplies,Binders,Herbert Flentye,2.742,2,0.7,-2.0108
10-01-2016,Central,Technology,Accessories,Hunter Glantz,79.512,3,0.2,20.8719
10-01-2016,Central,Office Supplies,Paper,Hunter Glantz,28.352,1,0.2,9.5688
8/25/2015,West,Furniture,Chairs,Nancy Lomonaco,40.784,1,0.2,4.5882
8/25/2015,West,Office Supplies,Appliances,Nancy Lomonaco,105.96,4,0,29.6688
09-09-2014,East,Office Supplies,Paper,Rick Reed,166.44,3,0,79.8912
09-09-2014,East,Furniture,Chairs,Rick Reed,785.88,6,0,212.1876
09-09-2014,East,Office Supplies,Paper,Rick Reed,26.2,2,0,12.838
09-09-2014,East,Office Supplies,Storage,Rick Reed,1325.85,5,0,238.653
12-03-2017,West,Office Supplies,Paper,Toby Carlisle,166.44,3,0,79.8912
11/27/2017,South,Office Supplies,Art,Doug Bickford,8.76,5,0.2,0.7665
11/27/2017,South,Office Supplies,Appliances,Doug Bickford,43.584,1,0.2,4.3584
6/21/2014,West,Office Supplies,Binders,Stewart Visinsky,11.088,7,0.7,-8.1312
6/21/2014,West,Office Supplies,Binders,Stewart Visinsky,25.164,2,0.7,-16.776
1/21/2017,Central,Office Supplies,Binders,Mick Hernandez,14.4,5,0,7.056
1/21/2017,Central,Technology,Accessories,Mick Hernandez,619.95,5,0,111.591
1/21/2017,Central,Office Supplies,Binders,Mick Hernandez,89.52,4,0,42.0744
1/21/2017,Central,Technology,Machines,Mick Hernandez,350.973,3,0.1,152.0883
1/21/2017,Central,Technology,Phones,Mick Hernandez,164.99,1,0,49.497
6/29/2017,West,Office Supplies,Binders,Carol Triggs,312.552,9,0.2,101.5794
09-06-2016,South,Office Supplies,Envelopes,Karl Braun,95.952,3,0.2,29.985
09-06-2016,South,Office Supplies,Binders,Karl Braun,3.204,2,0.7,-2.4564
08-04-2016,Central,Office Supplies,Binders,Ralph Arnett,3.98,5,0.8,-6.567
11-12-2015,West,Office Supplies,Paper,Yoseph Carroll,15.7,5,0,7.065
6/30/2014,Central,Office Supplies,Art,Russell Applegate,5.248,4,0.2,1.64
12-04-2017,East,Office Supplies,Binders,Charles McCrossin,5.346,3,0.7,-4.455
8/28/2016,West,Office Supplies,Paper,Chad Sievert,15.48,3,0.2,5.6115
8/28/2016,West,Technology,Phones,Chad Sievert,108.576,3,0.2,8.1432
1/22/2016,West,Furniture,Furnishings,Anthony Johnson,109.9,5,0,37.366
10/15/2014,South,Furniture,Furnishings,Dan Lawera,15.384,1,0.2,4.0383
02-07-2016,East,Office Supplies,Paper,Bobby Elias,30.352,2,0.2,10.6232
3/18/2014,South,Technology,Machines,Sean Miller,821.3,4,0.5,-16.426
3/18/2014,South,Technology,Machines,Sean Miller,22638.48,6,0.5,-1811.0784
3/18/2014,South,Office Supplies,Paper,Sean Miller,21.376,4,0.2,7.4816
3/18/2014,South,Office Supplies,Art,Sean Miller,8.016,3,0.2,1.002
3/18/2014,South,Furniture,Furnishings,Sean Miller,30.768,2,0.2,8.0766
3/18/2014,South,Office Supplies,Fasteners,Sean Miller,18.936,3,0.2,5.9175
3/18/2014,South,Furniture,Furnishings,Sean Miller,122.352,3,0.2,15.294
5/24/2014,East,Office Supplies,Paper,Resi Pölking,116.28,3,0,56.9772
07-11-2017,East,Technology,Accessories,Joy Daniels,132.6,6,0,17.238
6/16/2017,West,Office Supplies,Supplies,Alejandro Ballentine,16.68,2,0,4.3368
6/16/2017,West,Office Supplies,Paper,Alejandro Ballentine,19.44,3,0,9.3312
6/16/2017,West,Office Supplies,Paper,Alejandro Ballentine,192.16,4,0,92.2368
1/30/2015,West,Furniture,Furnishings,Charles Crestani,227.36,7,0,81.8496
1/30/2015,West,Technology,Machines,Charles Crestani,1919.976,3,0.2,215.9973
12-11-2015,South,Office Supplies,Binders,Gary Hwang,12.828,2,0.7,-8.9796
10-09-2017,East,Furniture,Furnishings,Cathy Prescott,45.888,4,0.2,9.1776
7/29/2017,East,Office Supplies,Art,Gary McGarr,60.12,9,0,22.2444
4/25/2014,South,Technology,Phones,Lena Creighton,302.376,3,0.2,37.797
12-01-2015,West,Office Supplies,Art,Beth Thompson,13.9,5,0,5.56
12-04-2014,East,Technology,Phones,Cathy Prescott,129.98,2,0,62.3904
8/26/2017,South,Technology,Accessories,Steve Carroll,71.98,2,0,15.1158
09-07-2014,East,Technology,Phones,Dennis Kane,377.97,3,0,109.6113
12/21/2017,West,Office Supplies,Storage,Sanjit Engle,124.36,2,0,33.5772
12-06-2014,Central,Furniture,Furnishings,Luke Foster,23.976,3,0.6,-14.3856
11-04-2014,South,Office Supplies,Fasteners,Odella Nelson,8.376,3,0.2,2.7222
11-04-2014,South,Office Supplies,Appliances,Odella Nelson,58.24,5,0.2,5.096
4/14/2016,South,Office Supplies,Storage,Tom Boeckenhauer,81.2,5,0,12.18
10-04-2014,West,Office Supplies,Labels,David Flashing,14.45,5,0,6.7915
10-04-2014,West,Office Supplies,Binders,David Flashing,95.648,2,0.2,31.0856
11-07-2017,East,Technology,Phones,Emily Phan,359.97,5,0.4,-71.994
11-07-2017,East,Furniture,Tables,Emily Phan,350.352,4,0.4,-140.1408
12/22/2017,East,Office Supplies,Binders,Sally Knutson,1.641,1,0.7,-1.3128
12/22/2017,East,Technology,Phones,Sally Knutson,629.958,7,0.4,94.4937
2/13/2017,West,Office Supplies,Art,Fred Harton,6.63,3,0,1.7901
2/13/2017,West,Technology,Accessories,Fred Harton,799.96,4,0,343.9828
2/13/2017,West,Furniture,Furnishings,Fred Harton,107.53,1,0,21.506
07-02-2014,East,Technology,Phones,Eric Hoffmann,73.98,2,0,19.9746
07-02-2014,East,Office Supplies,Art,Eric Hoffmann,5.58,1,0,2.1762
2/21/2015,West,Office Supplies,Paper,Joe Elijah,49.12,4,0,23.0864
11/13/2015,East,Technology,Phones,Ken Lonsdale,377.97,3,0,94.4925
11/13/2015,East,Office Supplies,Paper,Ken Lonsdale,42.28,7,0,19.8716
11/13/2015,East,Furniture,Bookcases,Ken Lonsdale,299.97,3,0,56.9943
11/13/2015,East,Technology,Phones,Ken Lonsdale,89.98,2,0,43.1904
4/16/2017,South,Office Supplies,Supplies,Edward Becker,477.24,4,0,9.5448
4/16/2017,South,Technology,Accessories,Edward Becker,25.98,2,0,1.5588
2/25/2016,East,Office Supplies,Envelopes,Bruce Degenhardt,46.72,5,0.2,17.52
11-04-2014,West,Furniture,Furnishings,MaryBeth Skach,35.34,2,0,13.4292
6/20/2015,West,Furniture,Furnishings,Stewart Carmichael,257.64,6,0,100.4796
6/20/2015,West,Technology,Phones,Stewart Carmichael,125.976,3,0.2,47.241
08-07-2017,South,Technology,Accessories,Fred McMath,79.992,1,0.2,21.9978
05-12-2014,East,Furniture,Tables,Kean Thornton,700.056,3,0.3,-130.0104
11/22/2015,Central,Technology,Accessories,Anne Pryor,27.168,4,0.2,-1.3584
12-04-2015,South,Office Supplies,Binders,Ritsa Hightower,8.226,3,0.7,-6.0324
06-08-2014,West,Furniture,Chairs,Carlos Soltero,585.552,3,0.2,73.194
08-08-2014,West,Office Supplies,Storage,Tamara Manning,423.28,11,0,110.0528
5/26/2014,West,Furniture,Chairs,Herbert Flentye,225.296,2,0.2,22.5296
4/17/2015,West,Office Supplies,Art,George Ashbrook,5.56,2,0,2.224
4/17/2015,West,Technology,Accessories,George Ashbrook,323.37,3,0,129.348
4/17/2015,West,Technology,Phones,George Ashbrook,783.96,5,0.2,68.5965
4/17/2015,West,Office Supplies,Appliances,George Ashbrook,1447.65,5,0,419.8185
4/17/2015,West,Office Supplies,Paper,George Ashbrook,11.96,2,0,5.8604
06-11-2016,East,Technology,Accessories,Erica Smith,239.97,3,0,71.991
03-11-2016,South,Furniture,Furnishings,Julie Prescott,76.92,4,0,31.5372
03-11-2016,South,Office Supplies,Storage,Julie Prescott,481.32,4,0,125.1432
5/26/2014,West,Office Supplies,Paper,Dean percer,48.4,5,0,23.232
10-12-2017,West,Technology,Accessories,Neil Knudson,0.99,1,0,0.4356
10-12-2017,West,Office Supplies,Binders,Neil Knudson,101.84,5,0.2,36.917
6/22/2017,East,Office Supplies,Binders,Paul Lucas,10.332,3,0.7,-7.5768
6/22/2017,East,Office Supplies,Binders,Paul Lucas,31.155,5,0.7,-23.8855
6/22/2017,East,Office Supplies,Storage,Paul Lucas,8.928,2,0.2,0.6696
1/15/2017,East,Office Supplies,Appliances,Robert Waldorf,34.384,1,0.2,3.8682
1/15/2017,East,Office Supplies,Appliances,Robert Waldorf,1924.16,8,0.2,312.676
04-02-2015,Central,Office Supplies,Appliances,Michael Oakman,32.192,2,0.8,-80.48
04-02-2015,Central,Technology,Accessories,Michael Oakman,50.12,7,0.2,-0.6265
04-02-2015,Central,Technology,Accessories,Michael Oakman,47.976,3,0.2,1.7991
09-03-2016,Central,Office Supplies,Storage,Jennifer Jackson,54.5,5,0,14.17
12-10-2017,South,Furniture,Furnishings,Brian Thompson,19.104,3,0.2,5.7312
11/22/2016,Central,Office Supplies,Binders,Rob Dowd,49.44,3,0,24.2256
11-11-2017,East,Office Supplies,Paper,Max Ludwig,10.368,2,0.2,3.6288
10/21/2016,West,Office Supplies,Storage,Joel Eaton,154.44,3,0,1.5444
12/21/2015,West,Office Supplies,Appliances,Elpida Rittenbach,60.984,7,0.2,4.5738
7/17/2015,West,Furniture,Bookcases,Jessica Myrick,195.466,2,0.15,-13.7976
4/30/2017,South,Furniture,Furnishings,Saphhira Shifley,23.68,8,0.2,6.216
4/30/2017,South,Technology,Accessories,Saphhira Shifley,2.376,3,0.2,0.7425
05-06-2017,East,Office Supplies,Labels,Toby Carlisle,59.2,4,0,29.6
11/20/2017,Central,Office Supplies,Art,Hunter Glantz,22,10,0,9.68
11-11-2016,Central,Technology,Phones,Lisa DeCherney,257.98,2,0,74.8142
11-05-2016,East,Technology,Phones,Alejandro Savely,23.988,2,0.4,-15.992
10-09-2016,East,Technology,Phones,Michael Paige,23.976,4,0.4,-15.5844
9/21/2015,West,Furniture,Chairs,Cynthia Delaney,601.536,4,0.2,0
9/21/2015,West,Office Supplies,Fasteners,Cynthia Delaney,7.9,2,0,2.528
12-02-2014,Central,Furniture,Furnishings,Michael Dominguez,58.36,5,0.6,-24.803
12-02-2014,Central,Office Supplies,Art,Michael Dominguez,16.464,7,0.2,1.4406
12-02-2014,Central,Furniture,Furnishings,Michael Dominguez,39.96,5,0.6,-23.976
9/21/2014,Central,Office Supplies,Appliances,Brian Moss,25.96,2,0,7.5284
9/21/2014,Central,Office Supplies,Appliances,Brian Moss,36.27,3,0,10.881
9/21/2014,Central,Office Supplies,Paper,Brian Moss,6.48,1,0,3.1104
04-12-2014,West,Technology,Phones,Kean Nguyen,1075.088,14,0.2,94.0702
04-12-2014,West,Technology,Phones,Kean Nguyen,438.368,4,0.2,38.3572
04-12-2014,West,Office Supplies,Binders,Kean Nguyen,18.088,7,0.2,6.5569
04-12-2014,West,Furniture,Bookcases,Kean Nguyen,308.499,3,0.15,-18.147
10/20/2017,South,Office Supplies,Art,Ivan Gibson,13.36,4,0,4.1416
10/20/2017,South,Office Supplies,Paper,Ivan Gibson,39.96,2,0,18.7812
10/20/2017,South,Office Supplies,Binders,Ivan Gibson,145.85,5,0,70.008
10/25/2016,South,Technology,Phones,Jill Stevenson,783.96,5,0.2,78.396
11-01-2015,West,Office Supplies,Art,Guy Armstrong,7.88,1,0.2,1.773
11-03-2017,West,Furniture,Furnishings,Denise Leinenbach,41.37,3,0,17.3754
05-12-2015,West,Office Supplies,Paper,Cindy Stewart,12.84,3,0,5.778
05-12-2015,West,Office Supplies,Paper,Cindy Stewart,25.68,6,0,11.556
09-07-2015,Central,Furniture,Chairs,Charles Crestani,47.516,2,0.3,-2.0364
7/25/2015,West,Office Supplies,Fasteners,Michelle Huthwaite,9.42,2,0,0.471
7/25/2015,West,Office Supplies,Paper,Michelle Huthwaite,12.96,2,0,6.2208
7/25/2015,West,Furniture,Bookcases,Michelle Huthwaite,704.9,5,0,56.392
7/25/2015,West,Furniture,Chairs,Michelle Huthwaite,561.568,2,0.2,28.0784
11/16/2015,Central,Office Supplies,Paper,Mike Pelletier,179.82,9,0,84.5154
11/16/2015,Central,Furniture,Furnishings,Mike Pelletier,185.58,6,0,76.0878
11/16/2015,Central,Furniture,Tables,Mike Pelletier,214.11,3,0,36.3987
11/16/2015,Central,Technology,Accessories,Mike Pelletier,999.96,4,0,229.9908
11/16/2015,Central,Furniture,Tables,Mike Pelletier,653.55,3,0,111.1035
09-01-2015,East,Office Supplies,Binders,Daniel Raglin,114.6,5,0,51.57
09-01-2015,East,Furniture,Chairs,Daniel Raglin,60.74,1,0,15.185
09-01-2015,East,Furniture,Furnishings,Daniel Raglin,124.36,2,0,27.3592
09-01-2015,East,Office Supplies,Storage,Daniel Raglin,1088.76,6,0,315.7404
05-05-2016,West,Office Supplies,Binders,Darrin Martin,6.72,5,0.2,2.352
05-05-2016,West,Furniture,Tables,Darrin Martin,298.776,3,0.2,7.4694
12/31/2016,West,Technology,Phones,Brian DeCherney,302.376,3,0.2,22.6782
9/18/2017,Central,Office Supplies,Art,Dan Campbell,8.928,2,0.2,0.558
9/18/2017,Central,Office Supplies,Storage,Dan Campbell,47.584,2,0.2,-2.974
9/25/2014,Central,Office Supplies,Paper,Michelle Tran,33.792,8,0.2,10.56
9/25/2014,Central,Furniture,Bookcases,Michelle Tran,300.5328,2,0.32,-97.2312
9/25/2014,Central,Office Supplies,Binders,Michelle Tran,2.724,2,0.8,-4.3584
9/25/2014,Central,Office Supplies,Envelopes,Michelle Tran,3.264,2,0.2,1.1016
4/23/2016,East,Office Supplies,Paper,Max Jones,108.336,6,0.2,37.9176
4/23/2016,East,Office Supplies,Storage,Max Jones,55.92,5,0.2,6.291
4/23/2016,East,Office Supplies,Paper,Max Jones,78.304,2,0.2,29.364
11-01-2014,West,Office Supplies,Storage,Natalie DeCherney,443.92,5,0.2,-94.333
11-01-2014,West,Technology,Phones,Natalie DeCherney,155.976,3,0.2,54.5916
1/26/2017,South,Office Supplies,Art,Carol Adams,15.47,7,0,4.1769
1/26/2017,South,Office Supplies,Binders,Carol Adams,7.16,2,0,3.4368
11-11-2017,West,Office Supplies,Appliances,Guy Armstrong,10.89,1,0,2.8314
11-11-2017,West,Office Supplies,Paper,Guy Armstrong,19.44,3,0,9.3312
11-11-2017,West,Office Supplies,Binders,Guy Armstrong,121.6,5,0.2,39.52
06-09-2016,South,Technology,Machines,Toby Carlisle,695.7,2,0.5,-27.828
09-03-2015,East,Office Supplies,Storage,Jennifer Braxton,120.33,1,0,31.2858
3/14/2014,South,Furniture,Chairs,Christine Kargatis,1139.92,4,0,284.98
8/31/2017,South,Office Supplies,Paper,Rob Lucas,229.544,7,0.2,83.2097
3/23/2017,Central,Office Supplies,Storage,Anna Chung,143.728,2,0.2,-32.3388
5/18/2017,East,Technology,Accessories,Brosina Hoffman,36.048,3,0.2,-0.9012
12/27/2016,Central,Furniture,Chairs,Brooke Gillingham,845.488,8,0.3,-12.0784
11/17/2017,East,Office Supplies,Art,Xylona Preis,50.94,3,0,14.2632
09-10-2017,Central,Office Supplies,Binders,Skye Norling,762.594,3,0.8,-1143.891
04-08-2017,South,Furniture,Furnishings,Denise Monton,56.28,6,0,15.7584
04-08-2017,South,Office Supplies,Binders,Denise Monton,2690.97,3,0,1264.7559
11/28/2016,South,Office Supplies,Binders,Anthony Jacobs,7.434,6,0.7,-5.6994
06-02-2016,East,Office Supplies,Storage,Karen Carlisle,64.784,1,0.2,-12.9568
12/17/2017,Central,Office Supplies,Paper,Vicky Freymann,28.16,4,0,13.2352
3/19/2016,East,Furniture,Furnishings,Susan Vittorini,14.98,1,0,6.8908
3/19/2016,East,Furniture,Furnishings,Susan Vittorini,20.32,4,0,6.9088
8/20/2017,East,Office Supplies,Storage,Eleni McCrary,40.29,3,0,10.4754
7/25/2017,Central,Office Supplies,Labels,Raymond Buch,20.23,7,0,9.5081
8/26/2016,West,Furniture,Chairs,Don Jones,1603.136,4,0.2,100.196
8/15/2016,South,Furniture,Chairs,Christopher Conant,225.296,2,0.2,22.5296
5/19/2017,South,Technology,Accessories,Shahid Collister,67.8,4,0,4.068
5/19/2017,South,Technology,Phones,Shahid Collister,377.97,3,0,98.2722
5/19/2017,South,Furniture,Bookcases,Shahid Collister,1628.82,9,0,374.6286
5/19/2017,South,Office Supplies,Paper,Shahid Collister,286.93,7,0,140.5957
08-12-2017,South,Office Supplies,Paper,Rick Hansen,20.736,4,0.2,7.2576
8/13/2017,West,Office Supplies,Storage,Jay Kimmel,31.44,3,0,8.4888
8/13/2017,West,Office Supplies,Appliances,Jay Kimmel,83.79,7,0,22.6233
8/13/2017,West,Office Supplies,Art,Jay Kimmel,59.52,3,0,15.4752
8/13/2017,West,Office Supplies,Supplies,Jay Kimmel,31.92,4,0,9.2568
11-10-2016,East,Office Supplies,Supplies,Art Foster,14.72,5,0.2,-3.312
11-10-2016,East,Office Supplies,Storage,Art Foster,38.976,3,0.2,-2.436
06-12-2017,South,Furniture,Furnishings,Lena Creighton,17.088,2,0.2,1.068
3/22/2014,West,Office Supplies,Paper,Beth Fritzler,74.352,3,0.2,23.235
3/22/2014,West,Furniture,Chairs,Beth Fritzler,314.352,3,0.2,-35.3646
6/15/2017,West,Office Supplies,Art,Stuart Calhoun,4.26,1,0,1.7466
11/16/2017,West,Office Supplies,Storage,Scott Williamson,811.28,8,0,24.3384
12/29/2017,East,Office Supplies,Fasteners,Michael Chen,6.03,3,0,2.9547
1/21/2016,West,Furniture,Chairs,Tamara Dahlen,153.568,2,0.2,-5.7588
1/21/2016,West,Furniture,Chairs,Tamara Dahlen,1013.488,7,0.2,76.0116
1/15/2016,East,Office Supplies,Envelopes,Dean percer,52.34,2,0,24.5998
1/15/2016,East,Office Supplies,Art,Dean percer,4.66,2,0,1.3514
1/15/2016,East,Technology,Accessories,Dean percer,254.97,3,0,91.7892
9/19/2016,East,Office Supplies,Binders,Shirley Daniels,25.44,6,0,12.72
9/19/2016,East,Office Supplies,Supplies,Shirley Daniels,27.93,3,0,8.0997
2/21/2014,Central,Office Supplies,Binders,Tamara Manning,8.85,5,0.8,-13.7175
11-11-2016,West,Furniture,Furnishings,Berenike Kampe,6.96,4,0,2.2272
1/30/2016,West,Office Supplies,Binders,Jeremy Farry,17.456,2,0.2,5.8914
10/18/2016,West,Furniture,Chairs,Emily Phan,307.92,5,0.2,-34.641
12/18/2017,West,Office Supplies,Art,Emily Phan,6.63,3,0,1.7901
12/18/2017,West,Office Supplies,Paper,Emily Phan,12.96,2,0,6.2208
12/18/2017,West,Office Supplies,Paper,Emily Phan,32.4,5,0,15.552
11-02-2017,West,Office Supplies,Paper,Ken Heidel,23.85,5,0,10.7325
4/29/2014,South,Furniture,Chairs,Harry Greene,51.96,2,0,12.99
4/29/2014,South,Office Supplies,Binders,Harry Greene,17.94,3,0,8.6112
10/23/2017,East,Office Supplies,Paper,Julie Creighton,11.56,2,0,5.6644
10/23/2017,East,Office Supplies,Paper,Julie Creighton,26.4,5,0,11.88
10/23/2017,East,Furniture,Furnishings,Julie Creighton,69.08,11,0,29.0136
10/23/2017,East,Technology,Phones,Julie Creighton,35.88,3,0,10.0464
3/30/2014,East,Office Supplies,Art,Kunst Miller,49.65,5,0,20.853
01-04-2016,South,Technology,Copiers,Erica Bern,959.968,4,0.2,119.996
4/26/2015,Central,Furniture,Chairs,Pierre Wener,408.422,2,0.3,-5.8346
09-12-2015,East,Technology,Copiers,Paul Gonzalez,479.984,2,0.2,59.998
09-12-2015,East,Office Supplies,Labels,Paul Gonzalez,12.6,4,0,6.048
09-11-2017,South,Office Supplies,Paper,Daniel Byrd,184.66,7,0,84.9436
06-12-2016,Central,Office Supplies,Paper,Craig Reiter,23.12,5,0.2,8.381
6/27/2016,Central,Office Supplies,Paper,Katharine Harms,37.464,7,0.2,12.1758
6/27/2016,Central,Furniture,Chairs,Katharine Harms,539.658,3,0.3,-7.7094
9/26/2014,West,Office Supplies,Storage,Christopher Schild,310.12,2,0,80.6312
11-03-2017,Central,Office Supplies,Paper,Daniel Lacy,8.56,2,0,3.852
11-03-2017,Central,Office Supplies,Storage,Daniel Lacy,52.4,5,0,14.148
11-03-2017,Central,Office Supplies,Labels,Daniel Lacy,14.94,3,0,6.8724
2/19/2017,West,Office Supplies,Fasteners,Max Engle,11.22,3,0,0.2244
11-05-2015,South,Office Supplies,Appliances,Valerie Dominguez,387.136,4,0.2,24.196
6/16/2014,East,Office Supplies,Envelopes,Chloris Kastensmidt,41.4,5,0,19.458
6/16/2014,East,Office Supplies,Art,Chloris Kastensmidt,35,4,0,10.5
6/16/2014,East,Office Supplies,Binders,Chloris Kastensmidt,39.552,3,0.2,14.3376
10-12-2015,Central,Technology,Phones,Daniel Lacy,135.72,3,0,35.2872
10-12-2015,Central,Office Supplies,Binders,Daniel Lacy,12.56,2,0,5.652
10-12-2015,Central,Technology,Phones,Daniel Lacy,263.96,4,0,71.2692
8/27/2017,Central,Office Supplies,Art,Sanjit Engle,5.952,1,0.2,0.372
11/23/2016,East,Office Supplies,Fasteners,Luke Schmidt,15.8,5,0.2,2.37
11/23/2016,East,Furniture,Furnishings,Luke Schmidt,14.368,2,0.2,3.9512
11/23/2016,East,Furniture,Furnishings,Luke Schmidt,70.448,7,0.2,12.3284
1/30/2017,West,Office Supplies,Storage,Michael Moore,129.3,2,0,6.465
11/30/2015,Central,Office Supplies,Binders,Deborah Brumfield,3.882,3,0.8,-5.823
6/28/2014,Central,Office Supplies,Fasteners,Rob Williams,6.08,1,0,3.04
09-02-2014,East,Office Supplies,Appliances,Justin MacKendrick,19.9,1,0,8.955
09-02-2014,East,Furniture,Furnishings,Justin MacKendrick,70.71,1,0,4.9497
07-10-2017,South,Furniture,Furnishings,Becky Pak,18.84,3,0,7.9128
06-04-2017,Central,Office Supplies,Art,Carol Triggs,8.64,3,0,2.5056
10/19/2017,South,Office Supplies,Binders,Tracy Hopkins,1633.188,4,0.7,-1306.5504
11/18/2017,Central,Furniture,Furnishings,Maria Etezadi,19.76,4,0,8.2992
08-08-2015,West,Office Supplies,Binders,Thomas Thornton,6.608,2,0.2,2.2302
08-08-2015,West,Office Supplies,Binders,Thomas Thornton,7.28,2,0.2,2.73
08-08-2015,West,Furniture,Chairs,Thomas Thornton,144.784,1,0.2,10.8588
12-06-2016,West,Technology,Phones,Greg Tran,156.792,1,0.2,13.7193
12-06-2016,West,Technology,Phones,Greg Tran,431.976,3,0.2,26.9985
12-06-2016,West,Office Supplies,Envelopes,Greg Tran,35.89,1,0,16.1505
12-06-2016,West,Office Supplies,Binders,Greg Tran,47.208,7,0.2,15.3426
12-06-2016,West,Office Supplies,Paper,Greg Tran,248.08,7,0,116.5976
12-06-2016,West,Office Supplies,Paper,Greg Tran,189.7,5,0,89.159
12-06-2016,West,Office Supplies,Binders,Greg Tran,59.808,3,0.2,19.4376
3/25/2017,Central,Furniture,Chairs,Justin Deggeller,90.99,1,0,14.5584
3/25/2017,Central,Furniture,Chairs,Justin Deggeller,1526.56,7,0,427.4368
3/25/2017,Central,Furniture,Chairs,Justin Deggeller,368.97,3,0,40.5867
11/19/2017,West,Office Supplies,Storage,Mick Crebagga,305.01,9,0,76.2525
11/19/2017,West,Furniture,Furnishings,Mick Crebagga,18.7,1,0,7.106
11-04-2016,West,Furniture,Furnishings,Lisa Hazard,38.29,7,0,16.4647
12/14/2017,West,Furniture,Furnishings,Mike Pelletier,26.25,3,0,11.025
12/14/2017,West,Office Supplies,Binders,Mike Pelletier,64.96,14,0.2,22.736
12/14/2017,West,Office Supplies,Envelopes,Mike Pelletier,43.7,5,0,20.539
11-12-2017,West,Technology,Accessories,Eugene Moren,41.6,4,0.2,13
11-12-2017,West,Office Supplies,Paper,Eugene Moren,23.12,5,0.2,8.381
11-12-2017,West,Furniture,Chairs,Eugene Moren,113.888,2,0.2,9.9652
11-12-2017,West,Furniture,Furnishings,Eugene Moren,113.568,2,0.2,-5.6784
11-12-2017,West,Technology,Phones,Eugene Moren,7.92,2,0.2,0.693
11-12-2017,West,Technology,Phones,Eugene Moren,671.984,2,0.2,50.3988
8/18/2016,East,Technology,Phones,Greg Guthrie,39.99,1,0,11.5971
6/27/2017,East,Furniture,Chairs,Michelle Arnett,191.646,3,0.1,31.941
05-04-2017,East,Office Supplies,Binders,Shahid Hopkins,2.313,1,0.7,-1.9275
12/24/2015,West,Office Supplies,Binders,Kean Takahito,19.936,4,0.2,7.2268
12/24/2015,West,Office Supplies,Fasteners,Kean Takahito,45.92,4,0,21.5824
4/26/2017,West,Office Supplies,Paper,Philisse Overcash,20.34,3,0,9.3564
4/26/2017,West,Office Supplies,Labels,Philisse Overcash,39.28,8,0,19.2472
12/16/2017,West,Furniture,Chairs,Andy Yotov,81.568,2,0.2,9.1764
12/16/2017,West,Furniture,Chairs,Andy Yotov,97.184,2,0.2,6.074
12/16/2017,West,Office Supplies,Binders,Andy Yotov,24.32,5,0.2,8.208
12/16/2017,West,Furniture,Furnishings,Andy Yotov,18.96,2,0,7.584
12/27/2014,Central,Furniture,Furnishings,Corey-Lock,32.952,6,0.6,-19.7712
12/27/2014,Central,Office Supplies,Storage,Corey-Lock,30.016,4,0.2,3.0016
11-06-2017,South,Office Supplies,Appliances,Jill Fjeld,499.584,3,0.2,43.7136
11-06-2017,South,Office Supplies,Paper,Jill Fjeld,31.104,6,0.2,10.8864
11-06-2017,South,Office Supplies,Binders,Jill Fjeld,13.272,8,0.7,-10.6176
11-06-2017,South,Furniture,Furnishings,Jill Fjeld,28.272,2,0.2,6.3612
11-06-2017,South,Office Supplies,Storage,Jill Fjeld,259.136,4,0.2,-51.8272
12/16/2017,Central,Office Supplies,Binders,Andrew Roberts,10.8,5,0,5.184
05-07-2015,Central,Furniture,Tables,Anna Gayman,244.006,2,0.3,-31.3722
05-07-2015,Central,Office Supplies,Paper,Anna Gayman,15.936,4,0.2,5.3784
12-04-2017,East,Furniture,Chairs,Darrin Van Huff,188.552,7,0.3,-2.6936
10-03-2017,East,Office Supplies,Storage,Hunter Lopez,22.58,2,0,5.8708
1/13/2014,South,Furniture,Chairs,Natalie DeCherney,545.94,6,0,87.3504
06-12-2015,East,Office Supplies,Paper,Giulietta Baptist,20.736,4,0.2,7.2576
06-12-2015,East,Furniture,Furnishings,Giulietta Baptist,43.296,2,0.2,4.3296
07-12-2014,West,Furniture,Chairs,Clay Ludtke,123.136,4,0.2,13.8528
07-12-2014,West,Office Supplies,Binders,Clay Ludtke,11.264,4,0.2,3.8016
12-06-2014,West,Office Supplies,Storage,Ryan Crowe,53.424,3,0.2,4.6746
12-06-2014,West,Furniture,Tables,Ryan Crowe,275.49,1,0.5,-170.8038
5/25/2016,South,Furniture,Furnishings,Julia Barnett,24.96,4,0,6.24
5/25/2016,South,Office Supplies,Paper,Julia Barnett,19.36,2,0,9.2928
5/25/2016,South,Office Supplies,Storage,Julia Barnett,1267.65,9,0,152.118
2/21/2016,West,Technology,Accessories,Matthew Clasen,12.99,1,0,0.7794
2/21/2016,West,Office Supplies,Binders,Matthew Clasen,18.56,4,0.2,6.496
2/21/2016,West,Office Supplies,Storage,Matthew Clasen,449.15,5,0,8.983
2/21/2016,West,Office Supplies,Binders,Matthew Clasen,31.248,7,0.2,10.9368
10-02-2016,East,Office Supplies,Appliances,Tim Taslimi,61.44,3,0,16.5888
03-11-2017,Central,Office Supplies,Binders,Max Jones,895.92,4,0,421.0824
09-09-2016,West,Office Supplies,Binders,Annie Thurman,55.36,4,0.2,18.684
7/14/2014,West,Office Supplies,Storage,Philip Brown,55.92,5,0.2,6.291
6/21/2014,East,Office Supplies,Envelopes,Natalie Webber,24.896,4,0.2,8.4024
6/21/2014,East,Furniture,Furnishings,Natalie Webber,3.984,1,0.2,0.6474
6/21/2014,East,Technology,Accessories,Natalie Webber,95.968,4,0.2,28.7904
6/21/2014,East,Technology,Machines,Natalie Webber,206.991,3,0.7,-172.4925
6/21/2014,East,Office Supplies,Appliances,Natalie Webber,44.416,2,0.2,3.8864
6/21/2014,East,Office Supplies,Binders,Natalie Webber,9.006,2,0.7,-7.2048
07-05-2015,Central,Office Supplies,Binders,Victor Preis,19,5,0,8.93
12/16/2017,East,Office Supplies,Binders,Ross DeVincentis,33.376,4,0.2,10.43
09-08-2016,East,Office Supplies,Appliances,Michael Grace,207.48,1,0,62.244
5/17/2014,Central,Office Supplies,Binders,Pete Armstrong,91.68,3,0,45.84
10/13/2017,East,Office Supplies,Appliances,Craig Reiter,904.9,5,0,253.372
10/24/2014,West,Office Supplies,Binders,Allen Armold,34.272,3,0.2,11.1384
12-05-2016,South,Furniture,Furnishings,James Galang,191.82,3,0,74.8098
7/25/2016,East,Office Supplies,Appliances,Rick Reed,243.88,5,0.2,27.4365
4/17/2017,West,Office Supplies,Binders,Sharelle Roach,12.03,5,0.7,-9.223
4/17/2017,West,Technology,Machines,Sharelle Roach,2549.985,5,0.7,-3399.98
4/17/2017,West,Office Supplies,Binders,Sharelle Roach,21.594,2,0.7,-15.8356
4/17/2017,West,Office Supplies,Binders,Sharelle Roach,8.964,6,0.7,-6.5736
4/17/2017,West,Office Supplies,Paper,Sharelle Roach,20.736,4,0.2,7.2576
9/17/2015,East,Furniture,Tables,Lindsay Shagiari,344.22,2,0.4,-103.266
8/23/2016,Central,Office Supplies,Storage,Mick Hernandez,727.296,8,0.2,-172.7328
8/23/2016,Central,Furniture,Furnishings,Mick Hernandez,22.608,3,0.6,-10.1736
8/23/2016,Central,Technology,Accessories,Mick Hernandez,666.4,7,0.2,-33.32
11-08-2015,West,Office Supplies,Fasteners,Sanjit Chand,5.04,3,0,0.2016
11-08-2015,West,Office Supplies,Paper,Sanjit Chand,92.94,3,0,41.823
11-08-2015,West,Furniture,Furnishings,Sanjit Chand,66.69,3,0,22.0077
11-08-2015,West,Office Supplies,Binders,Sanjit Chand,91.68,5,0.2,28.65
11/17/2017,Central,Furniture,Bookcases,Joy Bell-,327.7328,2,0.32,-14.4588
11-08-2015,East,Office Supplies,Binders,Amy Cox,52.272,11,0.2,17.6418
11-08-2015,East,Office Supplies,Paper,Amy Cox,17.94,3,0,8.073
4/22/2017,East,Furniture,Furnishings,Meg O'Connel,254.352,3,0.2,0
8/24/2014,West,Office Supplies,Binders,Robert Barroso,8.288,2,0.2,2.6936
12/17/2017,South,Furniture,Chairs,Arianne Irving,504.9,5,0,80.784
3/24/2016,West,Technology,Phones,Dan Reichenbach,403.168,4,0.2,25.198
9/21/2015,Central,Furniture,Bookcases,Dario Medina,194.32,4,0,31.0912
9/21/2015,Central,Office Supplies,Art,Dario Medina,25.99,1,0,7.5371
11/21/2016,West,Furniture,Chairs,Justin Hirsh,195.136,4,0.2,-12.196
9/16/2017,East,Office Supplies,Paper,Adam Bellavance,20.736,4,0.2,7.2576
06-11-2015,South,Technology,Accessories,Brian Dahlen,53.7,6,0,10.203
06-11-2015,South,Office Supplies,Binders,Brian Dahlen,36.26,7,0,16.6796
06-11-2015,South,Office Supplies,Art,Brian Dahlen,56.3,2,0,15.764
06-11-2015,South,Office Supplies,Paper,Brian Dahlen,32.4,5,0,15.552
06-11-2015,South,Furniture,Furnishings,Brian Dahlen,29.16,2,0,10.7892
10-03-2017,West,Furniture,Tables,Aaron Smayling,171.288,3,0.2,-6.4233
05-05-2016,South,Furniture,Furnishings,Zuschuss Donatelli,16.72,5,0.2,3.344
09-11-2017,West,Office Supplies,Paper,Karen Ferguson,12.96,2,0,6.2208
09-11-2017,West,Office Supplies,Envelopes,Karen Ferguson,22.18,2,0,10.8682
09-11-2017,West,Furniture,Chairs,Karen Ferguson,2054.272,8,0.2,256.784
4/30/2015,East,Technology,Phones,Benjamin Patterson,1022.97,5,0.4,-255.7425
11-06-2017,Central,Office Supplies,Art,Chuck Clark,13.9,5,0,3.614
11-06-2017,Central,Office Supplies,Paper,Chuck Clark,26.38,1,0,12.1348
9/30/2014,West,Office Supplies,Binders,Doug Bickford,43.176,7,0.2,13.4925
04-02-2017,South,Furniture,Tables,Tony Chapman,411.8,2,0,70.006
04-02-2017,South,Technology,Accessories,Tony Chapman,360,4,0,129.6
10-06-2017,West,Furniture,Furnishings,Nick Zandusky,41.96,2,0,2.9372
10-06-2017,West,Office Supplies,Appliances,Nick Zandusky,227.84,4,0,66.0736
10-06-2017,West,Office Supplies,Paper,Nick Zandusky,37.94,2,0,18.2112
04-09-2016,Central,Technology,Phones,Sean Wendt,517.9,2,0,134.654
04-09-2016,Central,Office Supplies,Binders,Sean Wendt,5.28,2,0,2.4288
8/28/2015,Central,Technology,Copiers,Todd Sumrall,2799.96,5,0.2,874.9875
10/19/2017,West,Office Supplies,Envelopes,Hilary Holden,8.96,2,0,4.3008
10/19/2017,West,Office Supplies,Labels,Hilary Holden,31.5,10,0,15.12
10/19/2017,West,Furniture,Furnishings,Hilary Holden,30.56,2,0,10.3904
10/19/2017,West,Furniture,Tables,Hilary Holden,24.368,2,0.2,-3.3506
11-07-2016,East,Technology,Accessories,Denise Monton,119.976,3,0.2,22.4955
03-03-2017,Central,Office Supplies,Paper,Richard Eichhorn,26.88,8,0.2,9.744
11/27/2015,East,Technology,Phones,Justin Deggeller,83.97,3,0,23.5116
11/27/2015,East,Technology,Accessories,Justin Deggeller,104.97,3,0,7.3479
3/13/2017,West,Office Supplies,Storage,Benjamin Farhat,90.8,8,0,25.424
3/13/2017,West,Technology,Phones,Benjamin Farhat,140.736,8,0.2,49.2576
3/13/2017,West,Technology,Accessories,Benjamin Farhat,214.95,5,0,88.1295
3/13/2017,West,Office Supplies,Paper,Benjamin Farhat,45.36,7,0,21.7728
3/13/2017,West,Office Supplies,Paper,Benjamin Farhat,288.24,6,0,138.3552
11/30/2017,East,Office Supplies,Appliances,Max Ludwig,663.936,4,0.2,82.992
11/17/2014,East,Office Supplies,Storage,Yoseph Carroll,2934.33,7,0,792.2691
11/17/2014,East,Furniture,Furnishings,Yoseph Carroll,124.41,3,0,14.9292
11/17/2014,East,Office Supplies,Art,Yoseph Carroll,57.75,5,0,26.565
01-03-2016,West,Office Supplies,Storage,Lena Radford,114.46,2,0,28.615
10-03-2015,West,Furniture,Bookcases,Bruce Stewart,120.666,2,0.15,18.4548
7/20/2014,Central,Office Supplies,Storage,Katherine Murray,342.864,3,0.2,38.5722
7/20/2014,Central,Furniture,Furnishings,Katherine Murray,16.74,5,0.6,-14.229
7/20/2014,Central,Furniture,Chairs,Katherine Murray,981.372,2,0.3,-140.196
5/21/2014,West,Office Supplies,Art,Bradley Talbott,31.84,8,0,10.5072
09-04-2017,West,Office Supplies,Paper,Katrina Bavinger,12.96,2,0,6.2208
09-04-2017,West,Technology,Phones,Katrina Bavinger,43.176,3,0.2,15.1116
5/27/2017,South,Office Supplies,Binders,Dianna Wilson,58.34,2,0,28.0032
5/27/2017,South,Technology,Phones,Dianna Wilson,539.97,3,0,134.9925
1/28/2014,East,Office Supplies,Binders,Jasper Cacioppo,3.928,1,0.2,1.3257
02-09-2017,Central,Office Supplies,Binders,Tom Prescott,252.784,4,0.8,-417.0936
02-09-2017,Central,Technology,Accessories,Tom Prescott,127.984,2,0.2,15.998
02-09-2017,Central,Furniture,Furnishings,Tom Prescott,3.984,2,0.6,-2.6892
02-09-2017,Central,Office Supplies,Appliances,Tom Prescott,12.992,2,0.8,-32.48
3/31/2017,South,Furniture,Furnishings,Daniel Byrd,61,5,0,25.62
3/31/2017,South,Technology,Phones,Daniel Byrd,671.93,7,0,188.1404
03-03-2016,East,Office Supplies,Binders,Brosina Hoffman,447.86,7,0,219.4514
03-03-2016,East,Technology,Phones,Brosina Hoffman,479.95,5,0,129.5865
03-03-2016,East,Office Supplies,Paper,Brosina Hoffman,166.44,3,0,79.8912
8/23/2015,Central,Office Supplies,Supplies,Tamara Dahlen,31.68,4,0.2,2.772
8/23/2015,Central,Office Supplies,Paper,Tamara Dahlen,10.368,2,0.2,3.6288
8/23/2015,Central,Office Supplies,Fasteners,Tamara Dahlen,12.032,8,0.2,2.256
8/23/2015,Central,Office Supplies,Appliances,Tamara Dahlen,5.768,2,0.8,-13.5548
4/27/2017,Central,Office Supplies,Labels,Cynthia Voltz,33.12,4,0.2,11.592
4/27/2017,Central,Furniture,Bookcases,Cynthia Voltz,220.2656,4,0.32,-42.1096
4/14/2017,East,Office Supplies,Binders,Christine Sundaresam,10.776,3,0.2,3.5022
4/14/2017,East,Furniture,Bookcases,Christine Sundaresam,242.352,3,0.2,9.0882
12/22/2017,East,Office Supplies,Supplies,Jason Gross,695.16,6,0,34.758
12/22/2017,East,Furniture,Bookcases,Jason Gross,220.98,1,0,50.8254
12-08-2016,East,Office Supplies,Binders,Julie Prescott,12.957,7,0.7,-9.5018
3/23/2017,East,Office Supplies,Paper,Erin Creighton,25.68,6,0,11.556
7/25/2016,Central,Office Supplies,Labels,Ken Heidel,15.712,4,0.2,5.6956
07-10-2017,Central,Office Supplies,Storage,Frank Gastineau,298.464,6,0.2,26.1156
7/17/2016,Central,Office Supplies,Paper,Andrew Allen,21.93,3,0,10.0878
7/17/2016,Central,Office Supplies,Storage,Andrew Allen,242.94,3,0,4.8588
7/17/2016,Central,Office Supplies,Paper,Andrew Allen,7.64,1,0,3.7436
7/17/2016,Central,Office Supplies,Paper,Andrew Allen,51.84,8,0,25.4016
7/17/2016,Central,Office Supplies,Storage,Andrew Allen,265.17,1,0,47.7306
8/23/2016,West,Technology,Machines,Maxwell Schwartz,837.6,3,0.2,62.82
8/23/2016,West,Office Supplies,Envelopes,Maxwell Schwartz,135.9,5,0,63.873
8/23/2016,West,Office Supplies,Paper,Maxwell Schwartz,34.68,6,0,16.9932
8/23/2016,West,Furniture,Chairs,Maxwell Schwartz,532.704,6,0.2,-39.9528
8/23/2016,West,Office Supplies,Appliances,Maxwell Schwartz,43.1,5,0,11.206
8/23/2016,West,Office Supplies,Supplies,Maxwell Schwartz,15.88,4,0,0.1588
06-11-2015,South,Furniture,Chairs,Jim Epp,1123.92,5,0.2,-182.637
06-11-2015,South,Technology,Phones,Jim Epp,249.584,2,0.2,31.198
06-11-2015,South,Furniture,Furnishings,Jim Epp,48.672,3,0.2,7.3008
06-11-2015,South,Office Supplies,Art,Jim Epp,60.768,2,0.2,7.596
06-11-2015,South,Office Supplies,Binders,Jim Epp,78.6,5,0.7,-62.88
06-11-2015,South,Office Supplies,Binders,Jim Epp,3.768,2,0.7,-3.14
06-11-2015,South,Office Supplies,Storage,Jim Epp,1036.624,2,0.2,51.8312
06-11-2015,South,Office Supplies,Storage,Jim Epp,563.808,4,0.2,21.1428
09-08-2017,East,Technology,Phones,Eugene Barchas,258.528,2,0.4,-47.3968
10-02-2017,East,Office Supplies,Paper,Becky Pak,49.12,4,0,23.0864
12/16/2014,West,Furniture,Furnishings,Chad Cunningham,44.46,2,0,14.6718
12/16/2014,West,Furniture,Chairs,Chad Cunningham,241.568,2,0.2,18.1176
12/16/2014,West,Technology,Accessories,Chad Cunningham,395,5,0,39.5
12/16/2014,West,Technology,Phones,Chad Cunningham,627.168,4,0.2,70.5564
8/24/2014,East,Furniture,Furnishings,Jennifer Patt,13.28,2,0,6.3744
8/24/2014,East,Office Supplies,Binders,Jennifer Patt,12.672,3,0.2,4.4352
11-12-2017,Central,Office Supplies,Binders,Lindsay Shagiari,30.56,5,0.8,-45.84
11-12-2017,Central,Office Supplies,Storage,Lindsay Shagiari,77.952,3,0.2,-15.5904
11-12-2017,Central,Technology,Phones,Lindsay Shagiari,67.992,1,0.2,8.499
11-12-2017,Central,Office Supplies,Envelopes,Lindsay Shagiari,12.224,2,0.2,4.4312
11-12-2017,Central,Technology,Accessories,Lindsay Shagiari,44.784,2,0.2,-0.5598
11-12-2017,Central,Furniture,Furnishings,Lindsay Shagiari,22.848,3,0.6,-17.7072
4/25/2015,East,Office Supplies,Appliances,John Lucas,206.43,3,0,90.8292
12-12-2014,Central,Office Supplies,Binders,Craig Yedwab,210.392,2,0.8,-336.6272
9/25/2017,East,Technology,Accessories,Raymond Buch,119.96,5,0.2,35.988
9/25/2017,East,Office Supplies,Art,Raymond Buch,10.608,6,0.2,0.9282
09-05-2016,Central,Furniture,Chairs,Anthony Rawles,347.802,7,0.3,-24.843
02-11-2017,West,Furniture,Chairs,Cari Sayre,963.136,4,0.2,108.3528
02-11-2017,West,Technology,Phones,Cari Sayre,88.776,3,0.2,7.7679
6/30/2014,West,Office Supplies,Art,Anthony Rawles,32.4,5,0,10.368
06-07-2016,East,Office Supplies,Paper,Ross DeVincentis,32.4,5,0,15.552
12/20/2014,West,Office Supplies,Labels,Keith Herrera,31.05,3,0,14.904
12/15/2015,East,Technology,Accessories,Natalie Fritzler,2025.36,6,0.2,607.608
12/15/2015,East,Technology,Machines,Natalie Fritzler,1799.994,2,0.7,-2639.9912
12/15/2015,East,Technology,Phones,Natalie Fritzler,101.988,2,0.4,-16.998
12/15/2015,East,Furniture,Furnishings,Natalie Fritzler,262.864,7,0.2,69.0018
7/20/2017,Central,Office Supplies,Binders,Suzanne McNair,735.98,2,0,331.191
08-03-2014,West,Office Supplies,Paper,Gary Hansen,93.024,3,0.2,33.7212
8/24/2015,East,Furniture,Tables,Eleni McCrary,284.364,2,0.4,-75.8304
8/24/2015,East,Technology,Accessories,Eleni McCrary,26,2,0,11.7
3/26/2016,South,Office Supplies,Storage,Dean Braden,67.64,5,0.2,5.9185
3/26/2016,South,Technology,Accessories,Dean Braden,119.976,3,0.2,-17.9964
09-12-2014,Central,Office Supplies,Binders,Pete Takahito,5.18,5,0.8,-8.029
9/21/2014,West,Office Supplies,Envelopes,Herbert Flentye,15.56,2,0,7.3132
9/21/2014,West,Office Supplies,Envelopes,Herbert Flentye,78.35,5,0,36.8245
9/21/2014,West,Office Supplies,Art,Herbert Flentye,59.52,3,0,15.4752
9/21/2014,West,Office Supplies,Paper,Herbert Flentye,38.52,9,0,17.334
9/21/2014,West,Technology,Phones,Herbert Flentye,239.984,2,0.2,23.9984
9/21/2014,West,Office Supplies,Paper,Herbert Flentye,19.35,3,0,9.4815
10/29/2016,Central,Furniture,Furnishings,Katrina Willman,67,5,0,32.16
5/28/2016,South,Furniture,Chairs,Kimberly Carter,390.272,8,0.2,-24.392
5/28/2016,South,Office Supplies,Paper,Kimberly Carter,62.192,13,0.2,19.435
12/21/2017,South,Office Supplies,Binders,Pete Kriz,23.88,6,0,11.2236
3/21/2016,Central,Office Supplies,Binders,Kean Takahito,3.168,2,0.8,-4.752
3/21/2016,Central,Furniture,Chairs,Kean Takahito,528.43,5,0.3,0
3/21/2016,Central,Office Supplies,Art,Kean Takahito,13.392,3,0.2,1.5066
11-11-2017,Central,Office Supplies,Art,Emily Phan,181.86,7,0,50.9208
9/23/2017,West,Furniture,Bookcases,Arthur Prichep,180.588,2,0.7,-240.784
9/23/2017,West,Technology,Accessories,Arthur Prichep,47.984,2,0.2,0.5998
09-10-2017,East,Office Supplies,Paper,Shahid Hopkins,18.76,2,0,9.0048
12-05-2017,East,Furniture,Furnishings,Suzanne McNair,20.94,3,0,6.0726
12-05-2017,East,Furniture,Furnishings,Suzanne McNair,58.68,2,0,18.1908
12-05-2017,East,Office Supplies,Appliances,Suzanne McNair,254.9,5,0,68.823
11-09-2017,East,Office Supplies,Binders,Brian Moss,9.64,2,0,4.4344
11-09-2017,East,Technology,Accessories,Brian Moss,826.62,3,0,355.4466
11-09-2017,East,Office Supplies,Storage,Brian Moss,1633.14,9,0,473.6106
11-09-2017,East,Office Supplies,Storage,Brian Moss,544.38,3,0,157.8702
11-07-2014,Central,Office Supplies,Binders,Tamara Chand,26.046,3,0.8,-44.2782
11-07-2014,Central,Office Supplies,Envelopes,Tamara Chand,74.352,3,0.2,26.9526
03-12-2017,East,Technology,Phones,Ken Black,69.93,7,0,32.1678
10/20/2017,West,Office Supplies,Labels,Justin Ellison,3.75,1,0,1.8
10/20/2017,West,Office Supplies,Binders,Justin Ellison,20.928,4,0.2,7.5864
12/27/2015,Central,Office Supplies,Storage,Daniel Raglin,12.672,3,0.2,-3.168
10-02-2017,East,Technology,Phones,Rob Williams,65.99,1,0,17.1574
06-04-2017,Central,Office Supplies,Binders,Michelle Lonsdale,6.37,7,0.8,-9.555
09-01-2014,Central,Office Supplies,Binders,Jack Lebron,3.648,3,0.8,-6.0192
09-01-2014,Central,Office Supplies,Paper,Jack Lebron,31.104,6,0.2,10.8864
08-08-2016,South,Office Supplies,Fasteners,Corinna Mitchell,23.34,3,0,0.2334
7/22/2017,East,Technology,Phones,Fred Hopkins,29.97,3,0,14.0859
07-10-2015,West,Office Supplies,Binders,Eric Hoffmann,3.366,3,0.7,-2.244
12-01-2014,South,Technology,Phones,Toby Braunhardt,95.968,4,0.2,9.5968
12/18/2017,East,Office Supplies,Art,Aaron Hawkins,18.704,7,0.2,2.338
5/18/2014,East,Furniture,Furnishings,Ted Trevino,149.232,3,0.2,3.7308
5/18/2014,East,Office Supplies,Paper,Ted Trevino,15.936,4,0.2,5.7768
11-10-2014,West,Technology,Phones,Ruben Dartt,601.536,8,0.2,60.1536
11-10-2014,West,Technology,Accessories,Ruben Dartt,10.99,1,0,4.2861
11-10-2014,West,Furniture,Furnishings,Ruben Dartt,39.88,2,0,11.1664
11-10-2014,West,Office Supplies,Paper,Ruben Dartt,62.24,8,0,28.008
11-10-2014,West,Furniture,Furnishings,Ruben Dartt,53.2,5,0,14.896
11-10-2014,West,Office Supplies,Labels,Ruben Dartt,39.84,8,0,18.3264
01-09-2016,West,Technology,Accessories,Laura Armstrong,349.95,5,0,118.983
01-09-2016,West,Technology,Phones,Laura Armstrong,377.928,9,0.2,141.723
9/22/2017,Central,Office Supplies,Envelopes,Sally Hughsby,13.392,3,0.2,5.022
9/22/2017,Central,Office Supplies,Binders,Sally Hughsby,11.228,7,0.8,-18.5262
12/23/2014,Central,Office Supplies,Appliances,Sarah Foster,207.24,11,0,58.0272
5/26/2016,East,Office Supplies,Art,Tiffany House,1.504,1,0.2,0.1692
5/26/2016,East,Office Supplies,Appliances,Tiffany House,34.848,2,0.2,6.534
07-08-2017,West,Office Supplies,Labels,Vivek Gonzalez,75.18,6,0,35.3346
5/13/2014,West,Technology,Accessories,Naresj Patel,149.97,3,0,52.4895
11-10-2017,East,Office Supplies,Binders,Frank Hawley,931.176,3,0.2,314.2719
11-10-2017,East,Technology,Phones,Frank Hawley,430.88,2,0,124.9552
10-02-2015,East,Office Supplies,Paper,Jennifer Patt,94.85,5,0,45.528
10-02-2015,East,Office Supplies,Envelopes,Jennifer Patt,51.12,4,0,23.004
10-02-2015,East,Technology,Accessories,Jennifer Patt,90,1,0,32.4
10-02-2014,West,Office Supplies,Paper,Erin Smith,9.408,2,0.2,3.4104
10-02-2014,West,Office Supplies,Fasteners,Erin Smith,4.672,2,0.2,1.46
10-02-2014,West,Technology,Phones,Erin Smith,318.4,2,0.2,107.46
10-02-2014,West,Office Supplies,Envelopes,Erin Smith,12.768,6,0.2,4.6284
10-02-2014,West,Office Supplies,Supplies,Erin Smith,15.36,2,0.2,-3.264
10-02-2014,West,Technology,Phones,Erin Smith,230.376,3,0.2,20.1579
10-02-2014,West,Technology,Accessories,Erin Smith,7.16,1,0.2,-0.0895
08-11-2014,East,Office Supplies,Storage,Ken Lonsdale,375.34,1,0,18.767
09-01-2017,East,Furniture,Furnishings,Bradley Nguyen,114.9,5,0,39.066
4/16/2017,Central,Office Supplies,Binders,Natalie DeCherney,26.046,3,0.8,-44.2782
4/16/2017,Central,Office Supplies,Binders,Natalie DeCherney,2.896,1,0.8,-4.7784
4/16/2017,Central,Office Supplies,Storage,Natalie DeCherney,32.544,2,0.2,-7.7292
4/24/2016,West,Office Supplies,Binders,Jack Lebron,3.984,1,0.2,1.3944
1/15/2016,East,Furniture,Tables,Roy Collins,181.797,1,0.3,-15.5826
05-02-2016,East,Office Supplies,Storage,Cindy Chapman,44.94,3,0,12.5832
05-02-2016,East,Office Supplies,Binders,Cindy Chapman,45.576,3,0.2,15.9516
11/20/2016,Central,Furniture,Chairs,David Wiener,318.43,5,0.3,-77.333
11/20/2016,Central,Technology,Phones,David Wiener,122.92,7,0.2,46.095
11/20/2016,Central,Furniture,Furnishings,David Wiener,7.068,3,0.6,-2.8272
02-01-2016,South,Office Supplies,Storage,Cyma Kinney,56.45,5,0,14.677
3/31/2017,Central,Office Supplies,Binders,Emily Grady,13.468,13,0.8,-22.8956
12-01-2017,Central,Technology,Phones,Sarah Jordon,219.8,5,0.2,24.7275
12-01-2017,Central,Furniture,Chairs,Sarah Jordon,317.058,3,0.3,-18.1176
12-10-2017,West,Technology,Accessories,Ben Peterman,49.08,3,0,4.908
12-10-2017,West,Office Supplies,Storage,Ben Peterman,324.9,5,0,38.988
12-10-2017,West,Office Supplies,Art,Ben Peterman,18.24,3,0,5.2896
9/17/2016,West,Furniture,Chairs,Sanjit Jacobs,113.888,2,0.2,9.9652
9/17/2016,West,Technology,Phones,Sanjit Jacobs,105.584,2,0.2,7.9188
12/23/2016,Central,Office Supplies,Fasteners,Matt Collister,24.85,7,0,11.6795
4/17/2017,East,Furniture,Furnishings,Bruce Geld,60.312,3,0.2,5.2773
10/27/2017,Central,Office Supplies,Art,Matt Abelman,7.056,3,0.2,2.205
10/27/2017,Central,Technology,Phones,Matt Abelman,27.184,2,0.2,2.0388
07-08-2016,West,Technology,Phones,Chris Cortes,107.984,1,0.2,9.4486
07-08-2016,West,Office Supplies,Binders,Chris Cortes,19.296,3,0.2,6.03
08-09-2015,South,Office Supplies,Labels,Ruben Ausman,4.608,2,0.2,1.6704
12-09-2016,South,Furniture,Tables,Damala Kotsonis,79.974,3,0.4,-29.3238
12-09-2016,South,Office Supplies,Binders,Damala Kotsonis,2.946,2,0.7,-2.0622
11/13/2016,Central,Office Supplies,Binders,Laurel Beltran,3.136,2,0.8,-4.704
11/14/2014,Central,Office Supplies,Paper,Candace McMahon,20.736,4,0.2,7.2576
11/17/2014,West,Technology,Accessories,Thomas Seio,99.98,2,0,7.9984
11/17/2014,West,Office Supplies,Paper,Thomas Seio,733.95,7,0,352.296
11/17/2014,West,Office Supplies,Appliances,Thomas Seio,241.44,3,0,72.432
03-04-2016,South,Office Supplies,Labels,Randy Ferguson,10.08,4,0.2,3.528
10-11-2014,East,Office Supplies,Storage,Jill Fjeld,281.904,2,0.2,10.5714
10-11-2014,East,Office Supplies,Envelopes,Jill Fjeld,201.432,3,0.2,67.9833
5/22/2014,South,Technology,Phones,Evan Henry,135.98,2,0,33.995
5/22/2014,South,Technology,Phones,Evan Henry,44.95,1,0,12.586
7/15/2014,Central,Technology,Accessories,Victoria Wilson,2.97,3,0,1.3068
7/15/2014,Central,Office Supplies,Fasteners,Victoria Wilson,6.54,3,0,2.6814
12/27/2015,West,Technology,Accessories,Kean Nguyen,7.92,8,0,3.4848
02-09-2015,West,Furniture,Chairs,Sarah Jordon,203.92,5,0.2,22.941
05-08-2017,West,Technology,Copiers,Penelope Sewall,3359.952,6,0.2,1049.985
11-02-2017,Central,Office Supplies,Fasteners,Kalyca Meade,18.24,3,0,9.12
11-02-2017,Central,Office Supplies,Art,Kalyca Meade,27.78,6,0,9.1674
04-05-2014,South,Office Supplies,Art,Greg Maxwell,22.96,7,0,7.5768
04-05-2014,South,Technology,Phones,Greg Maxwell,28.99,1,0,8.4071
04-05-2014,South,Office Supplies,Paper,Greg Maxwell,12.96,2,0,6.3504
04-05-2014,South,Office Supplies,Art,Greg Maxwell,22.96,7,0,6.6584
04-05-2014,South,Office Supplies,Supplies,Greg Maxwell,4164.05,5,0,83.281
9/17/2014,South,Technology,Accessories,Kean Takahito,47.984,2,0.2,13.1956
9/17/2014,South,Office Supplies,Paper,Kean Takahito,4.624,1,0.2,1.6762
9/30/2014,East,Furniture,Furnishings,Maya Herman,15.24,3,0,5.1816
09-12-2014,East,Office Supplies,Binders,Art Foster,63.924,7,0.7,-46.8776
2/20/2017,Central,Office Supplies,Art,Julie Prescott,6.56,2,0,1.9024
2/20/2017,Central,Office Supplies,Appliances,Julie Prescott,13.11,3,0,3.4086
12/13/2015,West,Technology,Phones,Rob Dowd,494.376,3,0.2,49.4376
12/13/2015,West,Office Supplies,Binders,Rob Dowd,29.2,5,0.2,9.855
12/13/2015,West,Technology,Accessories,Rob Dowd,248.85,5,0,27.3735
12/13/2015,West,Technology,Accessories,Rob Dowd,36.24,1,0,15.2208
10/30/2016,Central,Office Supplies,Art,Jason Fortune-,11.68,2,0,3.504
12/26/2014,West,Office Supplies,Supplies,Clytie Kelty,11.91,3,0,0.1191
12/26/2014,West,Furniture,Furnishings,Clytie Kelty,3.48,2,0,1.1136
8/15/2014,Central,Office Supplies,Binders,Keith Herrera,30.96,8,0.8,-52.632
10-01-2017,East,Technology,Machines,Corinna Mitchell,1704.89,11,0,767.2005
5/23/2015,West,Office Supplies,Binders,Emily Burns,19.194,7,0.7,-12.796
5/23/2015,West,Office Supplies,Appliances,Emily Burns,121.792,4,0.2,13.7016
11/16/2017,West,Technology,Machines,Mitch Willingham,1919.976,3,0.2,215.9973
11/18/2014,East,Office Supplies,Binders,Carlos Soltero,50.997,1,0.7,-40.7976
11/18/2014,East,Office Supplies,Storage,Carlos Soltero,76.792,1,0.2,-16.3183
11/18/2014,East,Technology,Phones,Carlos Soltero,539.964,6,0.4,-107.9928
11/18/2014,East,Furniture,Furnishings,Carlos Soltero,60.312,3,0.2,5.2773
11/18/2014,East,Office Supplies,Binders,Carlos Soltero,1.944,3,0.7,-1.4256
12/30/2014,Central,Office Supplies,Envelopes,Stefania Perrino,12.984,3,0.2,4.7067
12/30/2014,Central,Technology,Phones,Stefania Perrino,217.584,2,0.2,19.0386
12/30/2014,Central,Technology,Phones,Stefania Perrino,328.776,3,0.2,28.7679
12/30/2014,Central,Office Supplies,Binders,Stefania Perrino,2.286,3,0.8,-3.6576
12/30/2014,Central,Technology,Accessories,Stefania Perrino,47.984,2,0.2,14.3952
11-05-2015,East,Office Supplies,Binders,Grant Thornton,25.344,6,0.2,8.8704
9/17/2016,East,Office Supplies,Binders,Luke Weiss,232.4,5,0.2,78.435
3/20/2016,South,Furniture,Furnishings,Aaron Hawkins,86.45,7,0,38.038
9/27/2014,West,Furniture,Chairs,Thea Hendricks,603.92,5,0.2,45.294
9/27/2014,West,Office Supplies,Paper,Thea Hendricks,81.98,2,0,40.1702
12/24/2017,East,Furniture,Chairs,Hunter Glantz,271.764,2,0.1,48.3136
12/24/2017,East,Office Supplies,Binders,Hunter Glantz,14.376,3,0.2,4.8519
11-10-2017,Central,Furniture,Furnishings,Edward Becker,341.96,5,0.6,-427.45
09-11-2015,West,Office Supplies,Art,Steven Cartwright,181.35,9,0,48.9645
09-11-2015,West,Office Supplies,Labels,Steven Cartwright,8.64,3,0,4.2336
12/20/2014,South,Office Supplies,Appliances,Tony Sayre,43.512,7,0.2,3.8073
12/20/2014,South,Furniture,Chairs,Tony Sayre,662.88,3,0.2,74.574
12/20/2014,South,Office Supplies,Paper,Tony Sayre,25.92,5,0.2,9.072
7/23/2015,East,Office Supplies,Appliances,Tracy Hopkins,68.94,3,0,20.682
7/23/2015,East,Furniture,Furnishings,Tracy Hopkins,128.82,3,0,50.2398
11-11-2014,Central,Office Supplies,Binders,Karen Daniels,896.99,5,0.8,-1480.0335
11-11-2014,Central,Office Supplies,Binders,Karen Daniels,1.234,1,0.8,-1.9744
11-11-2014,Central,Office Supplies,Art,Karen Daniels,67.56,3,0.2,6.756
11-11-2014,Central,Office Supplies,Paper,Karen Daniels,21.72,5,0.2,7.8735
11-11-2014,Central,Office Supplies,Paper,Karen Daniels,262.336,8,0.2,95.0968
11-11-2014,Central,Technology,Phones,Karen Daniels,148.48,2,0.2,16.704
11-11-2014,Central,Technology,Phones,Karen Daniels,241.176,3,0.2,15.0735
12/14/2017,Central,Technology,Accessories,Gary Mitchum,227.976,3,0.2,28.497
12/14/2017,Central,Technology,Phones,Gary Mitchum,52.68,3,0.2,19.755
12/14/2017,Central,Furniture,Furnishings,Gary Mitchum,2.032,1,0.6,-1.3208
8/21/2017,West,Office Supplies,Art,Patrick Ryan,17.12,4,0,4.9648
8/21/2017,West,Technology,Phones,Patrick Ryan,431.968,4,0.2,37.7972
8/21/2017,West,Furniture,Furnishings,Patrick Ryan,129.92,4,0,10.3936
8/21/2017,West,Furniture,Tables,Patrick Ryan,568.728,3,0.2,28.4364
8/21/2017,West,Office Supplies,Binders,Patrick Ryan,117.144,9,0.2,42.4647
8/21/2017,West,Office Supplies,Appliances,Patrick Ryan,203.52,3,0,54.9504
8/21/2017,West,Office Supplies,Labels,Patrick Ryan,51.75,5,0,24.84
8/27/2016,East,Office Supplies,Paper,Ted Butterfield,122.97,3,0,60.2553
8/27/2016,East,Furniture,Tables,Ted Butterfield,244.615,1,0.3,20.967
8/27/2016,East,Technology,Phones,Ted Butterfield,59.97,3,0,28.7856
8/27/2016,East,Office Supplies,Paper,Ted Butterfield,81.54,9,0,36.693
8/27/2016,East,Office Supplies,Fasteners,Ted Butterfield,11.68,4,0,5.256
8/27/2016,East,Office Supplies,Binders,Ted Butterfield,29,5,0,13.92
8/13/2015,West,Office Supplies,Art,Odella Nelson,50.8,5,0,13.208
11-05-2017,Central,Office Supplies,Binders,Alan Haines,16.03,5,0.8,-25.648
8/17/2016,West,Office Supplies,Binders,Neoma Murray,15.712,4,0.2,5.6956
12/26/2016,East,Technology,Accessories,Andrew Roberts,89.97,3,0,18.8937
9/23/2014,West,Furniture,Bookcases,Brian Moss,435.999,3,0.15,20.5176
9/23/2014,West,Technology,Phones,Brian Moss,83.984,2,0.2,31.494
7/19/2014,East,Technology,Phones,Christine Abelman,359.98,2,0,93.5948
7/19/2014,East,Furniture,Tables,Christine Abelman,70.56,1,0.3,-4.032
7/19/2014,East,Office Supplies,Binders,Christine Abelman,20.88,2,0,9.6048
7/19/2014,East,Office Supplies,Binders,Christine Abelman,3.81,1,0,1.8288
09-07-2017,Central,Office Supplies,Paper,Nicole Fjeld,73.008,9,0.2,26.4654
05-06-2016,Central,Office Supplies,Binders,Art Ferguson,3.208,2,0.8,-5.2932
05-06-2016,Central,Technology,Accessories,Art Ferguson,26.176,2,0.2,-3.272
06-04-2015,East,Office Supplies,Paper,Tracy Collins,30.44,4,0,14.3068
06-04-2015,East,Furniture,Furnishings,Tracy Collins,35.28,3,0,11.9952
12/13/2015,East,Office Supplies,Paper,Dean percer,19.44,3,0,9.3312
12/13/2015,East,Office Supplies,Binders,Dean percer,37.88,2,0,18.94
7/16/2016,Central,Furniture,Furnishings,Mark Cousins,9.552,3,0.6,-3.8208
1/31/2014,West,Furniture,Bookcases,Liz Carlisle,290.666,2,0.15,3.4196
07-09-2014,Central,Office Supplies,Paper,Brian Moss,10.368,2,0.2,3.6288
07-09-2014,Central,Office Supplies,Paper,Brian Moss,14.352,3,0.2,4.485
11/21/2015,West,Furniture,Bookcases,Natalie Webber,141.96,2,0,41.1684
11/21/2015,West,Office Supplies,Binders,Natalie Webber,66.048,4,0.2,23.1168
3/25/2016,Central,Technology,Accessories,Toby Braunhardt,1287.45,5,0,244.6155
9/23/2017,West,Office Supplies,Binders,Bruce Stewart,25.824,6,0.2,9.0384
9/23/2017,West,Office Supplies,Appliances,Bruce Stewart,160.96,2,0,48.288
12-04-2015,East,Furniture,Furnishings,Sean O'Donnell,28.44,3,0,11.376
12-04-2015,East,Furniture,Chairs,Sean O'Donnell,364.41,5,0.1,8.098
12-04-2015,East,Technology,Phones,Sean O'Donnell,39.96,4,0,10.3896
12-04-2015,East,Furniture,Chairs,Sean O'Donnell,361.764,2,0.1,68.3332
11-01-2016,Central,Office Supplies,Storage,Cindy Schnelling,111.672,9,0.2,6.9795
3/17/2017,Central,Office Supplies,Binders,Philisse Overcash,13.776,6,0.8,-22.0416
3/17/2017,Central,Office Supplies,Paper,Philisse Overcash,10.272,3,0.2,3.21
11/23/2017,East,Furniture,Furnishings,Tamara Dahlen,24.048,9,0.2,7.2144
8/27/2017,South,Office Supplies,Envelopes,Stefania Perrino,2.896,1,0.2,0.9774
12-04-2015,East,Office Supplies,Envelopes,Maribeth Schnelling,17.94,3,0,8.7906
12-04-2015,East,Furniture,Chairs,Maribeth Schnelling,384.174,7,0.1,29.8802
12-04-2015,East,Technology,Phones,Maribeth Schnelling,1799.75,5,0,539.925
10-07-2017,South,Office Supplies,Storage,Dean percer,580.672,4,0.2,65.3256
10-07-2017,South,Office Supplies,Fasteners,Dean percer,18.936,3,0.2,5.9175
10-07-2017,South,Technology,Phones,Dean percer,222.384,2,0.2,16.6788
10-07-2017,South,Office Supplies,Binders,Dean percer,50.454,6,0.7,-33.636
10-07-2017,South,Furniture,Tables,Dean percer,154.764,3,0.4,-36.1116
3/25/2017,Central,Office Supplies,Paper,Duane Benoit,6.848,2,0.2,2.14
08-09-2014,West,Technology,Phones,Matthew Grinstein,1091.168,4,0.2,68.198
08-09-2014,West,Technology,Phones,Matthew Grinstein,219.168,2,0.2,-43.8336
11/22/2014,Central,Office Supplies,Binders,Evan Henry,6.928,1,0.8,-11.0848
06-10-2017,East,Office Supplies,Paper,Carl Ludwig,40.032,6,0.2,15.012
07-01-2017,Central,Office Supplies,Storage,Karen Ferguson,443.92,4,0,13.3176
07-01-2017,Central,Office Supplies,Binders,Karen Ferguson,169.99,1,0,78.1954
07-01-2017,Central,Office Supplies,Paper,Karen Ferguson,25.92,4,0,12.4416
11/21/2014,South,Technology,Phones,Dave Hallsten,36.99,1,0,9.9873
11/21/2014,South,Office Supplies,Paper,Dave Hallsten,629.1,6,0,301.968
11/21/2014,South,Office Supplies,Storage,Dave Hallsten,193.95,3,0,9.6975
11/21/2014,South,Office Supplies,Art,Dave Hallsten,5.46,3,0,1.4742
05-04-2015,Central,Furniture,Furnishings,Laura Armstrong,22.288,7,0.6,-8.9152
5/29/2017,Central,Furniture,Furnishings,Henia Zydlo,65.424,4,0.6,-52.3392
10/17/2015,West,Office Supplies,Storage,Charlotte Melton,77.88,2,0,3.894
4/23/2014,East,Furniture,Chairs,Laurel Beltran,281.372,2,0.3,-12.0588
4/23/2014,East,Furniture,Chairs,Laurel Beltran,281.372,2,0.3,-12.0588
4/23/2014,East,Office Supplies,Binders,Laurel Beltran,7.488,8,0.7,-5.2416
4/23/2014,East,Furniture,Furnishings,Laurel Beltran,22.336,4,0.2,7.8176
4/30/2017,East,Office Supplies,Paper,Jeremy Farry,10.368,2,0.2,3.6288
9/20/2016,West,Office Supplies,Paper,Greg Maxwell,65.79,9,0,30.2634
9/20/2016,West,Office Supplies,Binders,Greg Maxwell,271.984,2,0.2,88.3948
9/20/2016,West,Office Supplies,Art,Greg Maxwell,11.76,4,0,3.1752
9/20/2016,West,Office Supplies,Paper,Greg Maxwell,77.52,2,0,37.9848
9/20/2016,West,Office Supplies,Binders,Greg Maxwell,48.64,2,0.2,15.808
09-02-2016,Central,Office Supplies,Fasteners,Sonia Sunley,1.81,1,0,0.6516
09-02-2016,Central,Office Supplies,Binders,Sonia Sunley,8.26,2,0,3.8822
4/27/2015,West,Office Supplies,Appliances,Tony Chapman,43.56,5,0.2,3.267
4/27/2015,West,Office Supplies,Supplies,Tony Chapman,5.84,2,0.2,0.73
09-06-2015,East,Furniture,Chairs,Chuck Clark,271.764,2,0.1,60.392
5/28/2016,West,Office Supplies,Appliances,Clay Ludtke,262.24,2,0,78.672
5/28/2016,West,Office Supplies,Paper,Clay Ludtke,182.72,8,0,84.0512
5/28/2016,West,Technology,Accessories,Clay Ludtke,131.6,7,0,7.896
5/28/2016,West,Office Supplies,Binders,Clay Ludtke,22.72,4,0.2,7.384
5/28/2016,West,Technology,Machines,Clay Ludtke,558.4,2,0.2,41.88
9/24/2015,Central,Office Supplies,Binders,Deanra Eno,15.24,4,0,6.858
9/24/2015,Central,Furniture,Chairs,Deanra Eno,1408.1,10,0,394.268
07-03-2017,East,Office Supplies,Paper,Sam Zeldin,32.896,4,0.2,11.1024
07-03-2017,East,Furniture,Tables,Sam Zeldin,215.148,2,0.4,-103.9882
07-03-2017,East,Office Supplies,Paper,Sam Zeldin,30.96,6,0.2,11.223
12-08-2017,West,Office Supplies,Storage,Luke Foster,29.79,3,0,8.6391
12-08-2017,West,Furniture,Furnishings,Luke Foster,128.9,2,0,15.468
12-08-2017,West,Office Supplies,Paper,Luke Foster,60.12,9,0,28.8576
12-05-2017,West,Office Supplies,Binders,Alan Barnes,24.816,3,0.2,8.3754
12-05-2017,West,Office Supplies,Binders,Alan Barnes,14.976,6,0.2,5.4288
9/27/2015,Central,Office Supplies,Binders,Neoma Murray,15.08,2,0.8,-22.62
9/27/2015,Central,Furniture,Furnishings,Neoma Murray,24.288,3,0.6,-12.7512
10/30/2017,Central,Furniture,Furnishings,Ryan Akin,16.192,2,0.6,-8.5008
10/30/2017,Central,Furniture,Tables,Ryan Akin,251.006,2,0.3,-68.1302
10/30/2017,Central,Office Supplies,Storage,Ryan Akin,54.192,6,0.2,4.0644
11/29/2015,West,Office Supplies,Binders,Phillina Ober,4.304,1,0.2,1.5602
03-11-2014,East,Office Supplies,Paper,Kelly Andreada,108.92,14,0,49.014
11/19/2017,East,Office Supplies,Envelopes,Justin Deggeller,16.74,3,0,8.37
11/19/2017,East,Office Supplies,Appliances,Justin Deggeller,2504.74,7,0,626.185
7/29/2016,East,Office Supplies,Storage,Jack O'Briant,84.784,2,0.2,-16.9568
06-12-2015,East,Office Supplies,Storage,Laurel Elliston,29.9,5,0,5.083
08-06-2016,East,Office Supplies,Paper,Anna Häberlin,70.88,2,0,33.3136
06-11-2017,South,Office Supplies,Art,Kristina Nunn,3.76,2,0,1.0904
10-07-2016,West,Office Supplies,Binders,Tim Brockman,27.264,2,0.2,8.8608
09-08-2014,West,Office Supplies,Appliances,Dennis Pardue,56.65,5,0,24.3595
09-08-2014,West,Office Supplies,Storage,Dennis Pardue,14.97,1,0,4.1916
09-08-2014,West,Office Supplies,Fasteners,Dennis Pardue,4.02,2,0,1.9698
3/16/2014,South,Technology,Phones,Kristina Nunn,471.92,2,0.2,29.495
03-01-2015,South,Office Supplies,Binders,Shui Tom,58.72,4,0,27.0112
07-09-2015,South,Office Supplies,Art,Emily Burns,5.16,3,0.2,0.8385
2/20/2016,South,Office Supplies,Paper,Alan Hwang,16.496,2,0.2,5.5674
9/16/2017,East,Technology,Accessories,Adam Shillingsburg,71.976,3,0.2,19.7934
9/16/2017,East,Furniture,Furnishings,Adam Shillingsburg,22.512,3,0.2,2.2512
9/16/2017,East,Office Supplies,Binders,Adam Shillingsburg,3.444,2,0.7,-2.7552
9/16/2017,East,Office Supplies,Binders,Adam Shillingsburg,538.194,2,0.7,-412.6154
9/16/2017,East,Technology,Accessories,Adam Shillingsburg,47.984,2,0.2,14.3952
11-05-2017,Central,Technology,Phones,Elizabeth Moffitt,492.768,4,0.2,55.4364
2/20/2015,East,Office Supplies,Art,Kelly Andreada,286.79,7,0,74.5654
11/25/2016,South,Office Supplies,Paper,Heather Jas,5.08,1,0.2,1.651
12-03-2017,South,Technology,Accessories,Natalie DeCherney,47.992,1,0.2,7.1988
09-10-2015,East,Office Supplies,Appliances,Edward Hooks,61.96,2,0,16.1096
09-10-2015,East,Furniture,Bookcases,Edward Hooks,361.96,2,0,83.2508
09-10-2015,East,Office Supplies,Paper,Edward Hooks,278.82,9,0,125.469
12/14/2016,South,Furniture,Furnishings,Michael Chen,133.38,6,0,58.6872
04-06-2015,South,Office Supplies,Paper,Mark Hamilton,47.952,3,0.2,16.1838
12-01-2016,West,Furniture,Furnishings,Carl Ludwig,16.74,2,0,4.3524
11-12-2017,East,Office Supplies,Paper,Sylvia Foulston,10.848,2,0.2,3.5256
11-12-2017,East,Technology,Accessories,Sylvia Foulston,18.544,2,0.2,3.0134
03-03-2017,Central,Furniture,Chairs,Emily Phan,180.98,1,0,47.0548
03-03-2017,Central,Technology,Accessories,Emily Phan,99.98,2,0,42.9914
11/27/2016,Central,Technology,Accessories,Rob Williams,34.95,5,0,15.378
11/27/2016,Central,Office Supplies,Binders,Rob Williams,152,5,0,69.92
8/31/2014,West,Technology,Accessories,Shirley Jackson,92.52,9,0,18.504
12-08-2016,West,Office Supplies,Art,Stefania Perrino,8.56,2,0,2.4824
12-08-2016,West,Office Supplies,Paper,Stefania Perrino,45.36,7,0,21.7728
12-08-2016,West,Furniture,Tables,Stefania Perrino,1421.664,6,0.2,-195.4788
04-07-2014,South,Furniture,Furnishings,Pauline Johnson,8.96,2,0,2.7776
8/27/2014,South,Technology,Phones,Corey Catlett,579.95,5,0,168.1855
8/27/2014,South,Furniture,Furnishings,Corey Catlett,29.12,4,0,12.5216
8/27/2014,South,Furniture,Tables,Corey Catlett,1202.94,3,0,300.735
10/21/2016,East,Office Supplies,Binders,Muhammed Yedwab,7.92,4,0,3.564
11/30/2016,South,Technology,Phones,Dean Braden,36.192,1,0.2,2.7144
09-05-2017,South,Office Supplies,Storage,Michael Grace,147.184,2,0.2,-29.4368
07-02-2015,Central,Furniture,Chairs,Rob Haberlin,408.422,2,0.3,-5.8346
07-02-2015,Central,Furniture,Chairs,Rob Haberlin,382.116,6,0.3,-92.7996
07-02-2015,Central,Office Supplies,Storage,Rob Haberlin,68.6,5,0.2,6.0025
07-02-2015,Central,Office Supplies,Storage,Rob Haberlin,435.504,3,0.2,48.9942
07-02-2015,Central,Office Supplies,Paper,Rob Haberlin,11.168,2,0.2,3.7692
9/24/2017,Central,Technology,Accessories,Karen Bern,72,4,0,12.96
9/24/2017,Central,Technology,Accessories,Karen Bern,655.9,5,0,275.478
9/24/2017,Central,Furniture,Chairs,Karen Bern,603.92,4,0,181.176
08-08-2016,West,Furniture,Tables,Cathy Armstrong,513.024,2,0.2,12.8256
08-08-2016,West,Office Supplies,Appliances,Cathy Armstrong,487.92,6,0,136.6176
08-08-2016,West,Office Supplies,Binders,Cathy Armstrong,15.24,5,0.2,5.334
9/29/2016,South,Technology,Accessories,Joe Kamberova,209.97,3,0,71.3898
9/29/2016,South,Office Supplies,Binders,Joe Kamberova,62.94,3,0,30.2112
9/29/2016,South,Office Supplies,Art,Joe Kamberova,25.92,9,0,7.776
04-10-2017,Central,Office Supplies,Paper,Russell D'Ascenzo,10.368,2,0.2,3.6288
04-10-2017,Central,Technology,Accessories,Russell D'Ascenzo,95.736,3,0.2,20.3439
12/18/2016,East,Office Supplies,Storage,Julie Kriz,900.08,4,0,117.0104
6/20/2014,Central,Technology,Phones,Sam Craven,201.584,2,0.2,20.1584
6/20/2014,Central,Office Supplies,Binders,Sam Craven,3.392,4,0.8,-5.088
6/20/2014,Central,Furniture,Bookcases,Sam Craven,193.0656,4,0.32,-19.8744
6/20/2014,Central,Office Supplies,Paper,Sam Craven,15.552,3,0.2,5.4432
6/20/2014,Central,Office Supplies,Paper,Sam Craven,11.648,2,0.2,4.0768
6/20/2014,Central,Technology,Machines,Sam Craven,418.8,2,0.4,-97.72
6/20/2014,Central,Office Supplies,Storage,Sam Craven,509.488,7,0.2,-127.372
09-04-2017,Central,Furniture,Bookcases,Helen Wasserman,825.174,9,0.3,-117.882
09-04-2017,Central,Office Supplies,Paper,Helen Wasserman,17.76,3,0.2,5.55
09-04-2017,Central,Office Supplies,Art,Helen Wasserman,6.912,3,0.2,0.864
12/20/2016,South,Technology,Accessories,Stuart Calhoun,66.3,3,0,8.619
08-09-2016,South,Office Supplies,Paper,Helen Andreada,30.816,9,0.2,9.63
08-09-2016,South,Technology,Phones,Helen Andreada,44.784,2,0.2,4.4784
08-09-2016,South,Office Supplies,Appliances,Helen Andreada,569.536,4,0.2,64.0728
6/22/2015,Central,Furniture,Tables,Michael Grace,796.425,7,0.5,-525.6405
04-10-2015,West,Office Supplies,Binders,Dario Medina,12.832,2,0.2,4.3308
11/21/2016,Central,Office Supplies,Paper,Denise Monton,40.46,7,0,19.8254
11/21/2016,Central,Technology,Phones,Denise Monton,404.94,3,0,109.3338
09-05-2016,West,Technology,Accessories,Marina Lichtenstein,116,8,0,29
11/24/2016,Central,Technology,Phones,George Ashbrook,657.552,6,0.2,49.3164
12-10-2017,South,Technology,Accessories,Stephanie Ulpright,599.97,3,0,257.9871
12-10-2017,South,Technology,Phones,Stephanie Ulpright,38.97,3,0,0.7794
12-10-2017,South,Office Supplies,Binders,Stephanie Ulpright,45.84,8,0,22.0032
6/24/2016,West,Technology,Phones,Bill Donatelli,38.24,4,0.2,-9.56
9/17/2015,South,Technology,Accessories,Denny Blanton,87.168,3,0.2,10.896
5/19/2016,Central,Office Supplies,Art,Roy Phan,21.4,5,0,6.206
5/28/2016,East,Office Supplies,Supplies,Edward Hooks,54.9,5,0,15.372
4/18/2014,West,Technology,Machines,John Lee,287.968,4,0.2,97.1892
4/18/2014,West,Office Supplies,Art,John Lee,13.12,4,0,3.8048
4/18/2014,West,Office Supplies,Art,John Lee,10.75,5,0,3.5475
4/18/2014,West,Office Supplies,Fasteners,John Lee,11.62,2,0,3.6022
6/17/2016,East,Office Supplies,Storage,Fred McMath,40.74,3,0,0.4074
05-09-2014,South,Office Supplies,Storage,Sean Braxton,83.25,3,0,14.985
05-09-2014,South,Office Supplies,Labels,Sean Braxton,9.45,3,0,4.536
05-09-2014,South,Office Supplies,Labels,Sean Braxton,20.65,5,0,9.499
05-09-2014,South,Office Supplies,Paper,Sean Braxton,45.36,7,0,21.7728
9/18/2016,East,Furniture,Furnishings,Seth Vernon,5.352,3,0.2,1.6056
9/18/2016,East,Furniture,Chairs,Seth Vernon,99.372,2,0.3,-7.098
9/18/2016,East,Office Supplies,Art,Seth Vernon,2.672,1,0.2,0.3674
12/23/2017,Central,Office Supplies,Paper,Michael Moore,28.672,8,0.2,10.3936
12/23/2017,Central,Office Supplies,Appliances,Michael Moore,29.312,8,0.8,-74.7456
10/30/2017,South,Office Supplies,Storage,Ross DeVincentis,105.98,7,0,4.2392
10/30/2017,South,Office Supplies,Supplies,Ross DeVincentis,35.06,2,0,10.518
10/30/2017,South,Furniture,Chairs,Ross DeVincentis,33.94,1,0,9.1638
10/30/2017,South,Office Supplies,Labels,Ross DeVincentis,30,8,0,14.4
3/29/2016,Central,Office Supplies,Paper,Maria Etezadi,45.528,3,0.2,15.9348
3/29/2016,Central,Furniture,Chairs,Maria Etezadi,844.116,6,0.3,-36.1764
3/29/2016,Central,Technology,Phones,Maria Etezadi,812.736,8,0.2,60.9552
11/23/2017,East,Office Supplies,Binders,Frank Hawley,7.476,1,0.7,-5.9808
3/23/2014,West,Office Supplies,Storage,Patrick O'Donnell,330.4,2,0,85.904
3/23/2014,West,Technology,Phones,Patrick O'Donnell,604.752,6,0.2,37.797
12-01-2017,West,Office Supplies,Paper,Clay Cheatham,45.36,7,0,21.7728
12-01-2017,West,Office Supplies,Binders,Clay Cheatham,10.128,2,0.2,3.6714
11-07-2017,West,Office Supplies,Binders,Tony Sayre,21.792,4,0.2,7.6272
11-07-2017,West,Technology,Accessories,Tony Sayre,439.8,4,0,145.134
09-04-2017,East,Office Supplies,Art,Maribeth Dona,8.256,4,0.2,0.6192
09-04-2017,East,Office Supplies,Binders,Maribeth Dona,25.56,5,0.7,-20.448
09-04-2017,East,Office Supplies,Binders,Maribeth Dona,4.368,2,0.7,-3.0576
09-04-2017,East,Office Supplies,Paper,Maribeth Dona,11.52,4,0.2,3.744
07-03-2016,West,Office Supplies,Paper,Guy Thornton,12.96,2,0,6.2208
07-03-2016,West,Office Supplies,Fasteners,Guy Thornton,3.96,2,0,0.0792
09-07-2017,Central,Office Supplies,Binders,Robert Dilbeck,1577.94,3,0,757.4112
09-09-2016,Central,Furniture,Furnishings,Daniel Byrd,15.008,4,0.6,-12.0064
07-03-2017,West,Technology,Accessories,Jim Kriz,59.98,2,0,26.3912
07-03-2017,West,Technology,Machines,Jim Kriz,2395.2,6,0.2,209.58
07-03-2017,West,Technology,Accessories,Jim Kriz,1687.8,4,0,742.632
07-03-2017,West,Technology,Phones,Jim Kriz,7.992,1,0.2,2.6973
6/29/2017,Central,Office Supplies,Paper,Fred Chung,5.184,1,0.2,1.8144
08-07-2017,East,Office Supplies,Art,Joni Wasserman,11.68,2,0,5.4896
08-07-2017,East,Office Supplies,Art,Joni Wasserman,104.8,10,0,26.2
3/19/2015,South,Office Supplies,Paper,Dan Campbell,14.496,3,0.2,4.8924
06-07-2016,West,Office Supplies,Binders,Frank Merwin,4.784,1,0.2,1.5548
06-07-2016,West,Office Supplies,Paper,Frank Merwin,4.73,1,0,2.3177
7/25/2016,South,Office Supplies,Storage,Meg Tillman,7.89,1,0,0.3156
7/25/2016,South,Office Supplies,Paper,Meg Tillman,65.5,5,0,32.095
7/25/2016,South,Furniture,Tables,Meg Tillman,2430.08,8,0,388.8128
10-01-2017,Central,Office Supplies,Paper,Dave Kipp,104.85,1,0,50.328
12-10-2015,Central,Office Supplies,Art,Keith Dawkins,3.9,2,0,1.521
12-10-2015,Central,Furniture,Tables,Keith Dawkins,801.96,2,0,200.49
12-10-2015,Central,Furniture,Chairs,Keith Dawkins,191.96,2,0,32.6332
12-10-2015,Central,Office Supplies,Labels,Keith Dawkins,2.61,1,0,1.2006
09-03-2017,West,Office Supplies,Art,Aleksandra Gannaway,5.96,2,0,1.6688
9/24/2017,East,Technology,Phones,Mick Hernandez,1169.694,3,0.4,-253.4337
12/19/2017,South,Office Supplies,Supplies,Amy Cox,1665.62,2,0,33.3124
11/24/2017,South,Office Supplies,Binders,Frank Merwin,2.88,1,0,1.4112
11/24/2017,South,Office Supplies,Storage,Frank Merwin,1443.96,12,0,375.4296
12/13/2014,Central,Office Supplies,Supplies,Ralph Arnett,2.92,1,0.2,0.365
12-05-2016,East,Office Supplies,Storage,James Galang,465.18,3,0,120.9468
09-11-2016,East,Office Supplies,Binders,Nick Zandusky,22.428,3,0.7,-17.9424
09-11-2016,East,Office Supplies,Storage,Nick Zandusky,37.52,5,0.2,3.752
12-09-2017,East,Office Supplies,Art,Kalyca Meade,2.624,1,0.2,0.4264
09-09-2014,East,Office Supplies,Paper,Logan Currie,15.552,3,0.2,5.4432
09-09-2014,East,Technology,Accessories,Logan Currie,64.704,6,0.2,-4.8528
09-09-2014,East,Furniture,Furnishings,Logan Currie,17.472,3,0.2,5.0232
09-09-2014,East,Technology,Phones,Logan Currie,135.516,1,0.4,-31.6204
6/26/2017,West,Technology,Accessories,Nora Preis,431.928,9,0.2,64.7892
11/17/2014,East,Office Supplies,Paper,Randy Bradley,12.448,2,0.2,3.89
11/17/2014,East,Furniture,Chairs,Randy Bradley,657.93,5,0.3,-93.99
8/21/2017,East,Office Supplies,Paper,Tracy Hopkins,277.4,5,0,133.152
8/21/2017,East,Furniture,Furnishings,Tracy Hopkins,25.16,2,0,8.5544
8/21/2017,East,Furniture,Furnishings,Tracy Hopkins,91.92,4,0,31.2528
03-12-2016,East,Office Supplies,Envelopes,Clytie Kelty,29.34,3,0,13.4964
9/23/2014,East,Office Supplies,Binders,Shui Tom,139.44,3,0.2,47.061
4/28/2014,East,Office Supplies,Labels,George Bell,6.912,3,0.2,2.5056
4/28/2014,East,Office Supplies,Storage,George Bell,27.096,3,0.2,2.0322
4/28/2014,East,Office Supplies,Storage,George Bell,177.568,2,0.2,-37.7332
11/29/2016,Central,Technology,Accessories,Nick Crebassa,58.416,2,0.2,16.7946
12-03-2015,East,Office Supplies,Paper,Alejandro Ballentine,16.448,2,0.2,5.5512
12-03-2015,East,Technology,Accessories,Alejandro Ballentine,36.784,2,0.2,10.5754
11/19/2017,Central,Furniture,Tables,Stewart Carmichael,718.116,6,0.3,-71.8116
11/19/2017,Central,Office Supplies,Art,Stewart Carmichael,31.776,4,0.2,8.7384
09-05-2016,East,Office Supplies,Binders,Jasper Cacioppo,9.555,5,0.7,-7.3255
09-04-2017,West,Office Supplies,Binders,Ralph Arnett,487.984,2,0.2,152.495
09-04-2017,West,Technology,Phones,Ralph Arnett,5.56,1,0.2,1.7375
09-04-2017,West,Office Supplies,Storage,Ralph Arnett,217.85,5,0,65.355
9/22/2016,South,Office Supplies,Art,Sally Hughsby,40.776,3,0.2,4.5873
9/22/2016,South,Technology,Phones,Sally Hughsby,63.936,8,0.2,5.5944
9/14/2014,South,Furniture,Furnishings,John Castell,142.4,5,0,52.688
9/14/2014,South,Office Supplies,Binders,John Castell,7.16,2,0,3.4368
5/19/2017,West,Furniture,Chairs,Becky Castell,681.408,12,0.2,42.588
5/19/2017,West,Office Supplies,Art,Becky Castell,3.52,2,0,1.0208
5/19/2017,West,Office Supplies,Art,Becky Castell,5.58,1,0,1.395
5/19/2017,West,Technology,Accessories,Becky Castell,36.32,1,0,10.896
08-09-2014,West,Office Supplies,Binders,Joseph Holt,2060.744,7,0.2,643.9825
11/26/2017,East,Office Supplies,Appliances,Corey Catlett,52.272,3,0.2,9.801
11/26/2017,East,Office Supplies,Appliances,Corey Catlett,213.136,7,0.2,23.9778
05-03-2017,West,Office Supplies,Storage,Darren Budd,69.52,2,0,19.4656
05-03-2017,West,Office Supplies,Storage,Darren Budd,763.44,8,0,45.8064
11-10-2016,East,Office Supplies,Labels,Paul Prost,9.216,4,0.2,3.3408
11-10-2016,East,Technology,Phones,Paul Prost,41.958,7,0.4,-9.7902
11-10-2016,East,Office Supplies,Paper,Paul Prost,89.568,2,0.2,32.4684
11-10-2016,East,Office Supplies,Paper,Paul Prost,22.248,3,0.2,7.5087
11-10-2016,East,Office Supplies,Appliances,Paul Prost,334.88,4,0.2,29.302
11-10-2016,East,Furniture,Furnishings,Paul Prost,148.288,7,0.2,29.6576
11-10-2016,East,Office Supplies,Paper,Paul Prost,4.624,1,0.2,1.6762
11-10-2016,East,Technology,Accessories,Paul Prost,178.92,7,0.2,-29.0745
11-10-2016,East,Office Supplies,Binders,Paul Prost,69.888,7,0.7,-46.592
12/20/2014,West,Office Supplies,Binders,Michael Chen,487.984,2,0.2,152.495
12/20/2014,West,Office Supplies,Art,Michael Chen,47.3,2,0,12.298
12/20/2014,West,Office Supplies,Art,Michael Chen,4.13,1,0,1.1564
12/20/2014,West,Office Supplies,Binders,Michael Chen,155.12,5,0.2,50.414
7/25/2014,West,Office Supplies,Paper,Vicky Freymann,6.48,1,0,3.1752
7/25/2014,West,Office Supplies,Supplies,Vicky Freymann,15.52,4,0,4.5008
11/22/2015,South,Office Supplies,Binders,Marc Crier,2.946,2,0.7,-2.0622
11/22/2015,South,Office Supplies,Fasteners,Marc Crier,55.104,6,0.2,18.5976
12-09-2017,Central,Technology,Accessories,Dean Braden,104.88,6,0,41.952
12-09-2017,Central,Office Supplies,Art,Dean Braden,34.7,5,0,12.492
12-09-2017,Central,Office Supplies,Binders,Dean Braden,33.72,4,0,15.5112
12-09-2017,Central,Office Supplies,Paper,Dean Braden,14.94,3,0,7.0218
8/31/2017,Central,Office Supplies,Appliances,Ashley Jarboe,638.73,9,0,166.0698
4/24/2017,South,Office Supplies,Storage,Christine Phan,113.568,2,0.2,-21.294
09-08-2017,East,Technology,Accessories,Dorothy Badders,9.096,1,0.2,1.7055
03-12-2015,South,Office Supplies,Envelopes,Edward Becker,8.688,3,0.2,2.9322
03-12-2015,South,Furniture,Furnishings,Edward Becker,30.88,4,0.2,3.86
03-12-2015,South,Furniture,Furnishings,Edward Becker,6.408,3,0.2,1.4418
7/18/2016,West,Office Supplies,Supplies,Jennifer Patt,33.8,5,0.2,4.225
6/13/2016,Central,Technology,Phones,Sample Company A,377.97,3,0,94.4925
07-03-2017,East,Technology,Accessories,Frank Merwin,258.9,10,0,93.204
07-03-2017,East,Office Supplies,Paper,Frank Merwin,24.56,2,0,11.5432
12-08-2014,West,Office Supplies,Labels,Tim Brockman,27.888,7,0.2,9.0636
12-08-2014,West,Office Supplies,Binders,Tim Brockman,6.456,4,0.7,-4.5192
12-08-2014,West,Technology,Phones,Tim Brockman,52.68,3,0.2,19.755
12-08-2014,West,Office Supplies,Supplies,Tim Brockman,13.88,5,0.2,-2.6025
12-08-2014,West,Technology,Accessories,Tim Brockman,103.92,10,0.2,-18.186
12-08-2014,West,Office Supplies,Labels,Tim Brockman,11.52,5,0.2,3.744
12-08-2014,West,Office Supplies,Paper,Tim Brockman,10.368,2,0.2,3.6288
12-08-2014,West,Office Supplies,Storage,Tim Brockman,39.072,3,0.2,2.9304
04-08-2016,East,Office Supplies,Envelopes,Eugene Hildebrand,8.872,1,0.2,3.2161
04-08-2016,East,Office Supplies,Binders,Eugene Hildebrand,121.104,6,0.7,-100.92
11-06-2017,East,Furniture,Chairs,Maris LaWare,127.372,2,0.3,-30.9332
11-06-2017,East,Office Supplies,Paper,Maris LaWare,47.952,3,0.2,16.1838
12-05-2015,West,Furniture,Furnishings,Matt Hagelstein,44.46,2,0,14.6718
07-09-2015,East,Office Supplies,Fasteners,Brian Thompson,15.8,4,0,5.056
07-09-2015,East,Technology,Machines,Brian Thompson,464.97,3,0,209.2365
07-09-2015,East,Furniture,Furnishings,Brian Thompson,181.96,2,0,20.0156
07-09-2015,East,Office Supplies,Labels,Brian Thompson,12.39,3,0,5.6994
07-09-2015,East,Office Supplies,Binders,Brian Thompson,84.09,3,0,42.045
07-09-2015,East,Office Supplies,Art,Brian Thompson,79.36,4,0,32.5376
07-09-2015,East,Office Supplies,Binders,Brian Thompson,153.36,9,0,70.5456
07-09-2015,East,Office Supplies,Binders,Brian Thompson,43.68,6,0,21.4032
07-09-2015,East,Office Supplies,Storage,Brian Thompson,98.21,7,0,28.4809
12/13/2016,West,Office Supplies,Art,Jasper Cacioppo,9.84,3,0,3.2472
5/20/2016,South,Office Supplies,Binders,Dean Braden,2.694,2,0.7,-2.245
06-02-2017,West,Office Supplies,Paper,Denny Ordway,25.344,6,0.2,7.92
06-02-2017,West,Office Supplies,Envelopes,Denny Ordway,43.92,5,0.2,15.921
10/30/2015,West,Technology,Machines,Frank Atkinson,59.994,2,0.7,-45.9954
10/30/2015,West,Technology,Copiers,Frank Atkinson,439.992,1,0.2,164.997
10/30/2015,West,Technology,Phones,Frank Atkinson,87.96,5,0.2,30.786
10/30/2015,West,Furniture,Furnishings,Frank Atkinson,15.488,4,0.2,3.6784
10/15/2016,South,Office Supplies,Binders,Quincy Jones,232.96,7,0,116.48
10/15/2016,South,Office Supplies,Envelopes,Quincy Jones,66.54,6,0,32.6046
10/15/2016,South,Office Supplies,Appliances,Quincy Jones,43.26,3,0,14.2758
11/19/2015,West,Furniture,Furnishings,Tony Chapman,141.96,2,0,22.7136
9/13/2014,West,Office Supplies,Storage,Odella Nelson,79.4,5,0.2,5.955
11/13/2017,East,Technology,Accessories,Alan Dominguez,163.96,4,0,70.5028
12/24/2017,East,Furniture,Furnishings,Ann Chong,37.93,1,0,6.8274
01-09-2016,East,Furniture,Furnishings,Maureen Fritzler,15.168,2,0.2,3.792
6/13/2015,South,Office Supplies,Art,Dave Hallsten,24.78,6,0,6.9384
6/13/2015,South,Office Supplies,Binders,Dave Hallsten,19.14,3,0,8.8044
6/13/2015,South,Technology,Copiers,Dave Hallsten,899.97,3,0,314.9895
6/13/2015,South,Office Supplies,Paper,Dave Hallsten,32.4,5,0,15.552
3/18/2017,Central,Office Supplies,Art,Edward Nazzal,23.832,3,0.2,6.5538
11/23/2014,Central,Furniture,Furnishings,Saphhira Shifley,6.368,2,0.6,-2.5472
11/23/2014,Central,Office Supplies,Appliances,Saphhira Shifley,34.176,3,0.8,-87.1488
11/23/2014,Central,Technology,Accessories,Saphhira Shifley,5.544,7,0.2,1.6632
10/15/2017,West,Furniture,Tables,Roland Schwarz,510.24,3,0.2,6.378
10/15/2017,West,Office Supplies,Paper,Roland Schwarz,204.95,5,0,100.4255
4/21/2017,West,Technology,Accessories,Joni Wasserman,11.54,1,0,3.462
4/21/2017,West,Furniture,Furnishings,Joni Wasserman,162.6,3,0,34.146
12-08-2014,West,Office Supplies,Paper,Jim Karlsson,45.68,2,0,21.0128
12-08-2014,West,Furniture,Chairs,Jim Karlsson,603.92,5,0.2,45.294
5/29/2017,Central,Office Supplies,Fasteners,Jesus Ocampo,23.55,5,0,1.1775
9/19/2016,South,Office Supplies,Supplies,Theone Pippenger,5.04,2,0,0.1512
9/19/2016,South,Technology,Accessories,Theone Pippenger,249.95,5,0,107.4785
9/17/2016,Central,Office Supplies,Art,Brendan Sweed,33.4,5,0,12.358
12/20/2016,South,Furniture,Furnishings,Alejandro Ballentine,18.92,4,0,7.3788
12/20/2016,South,Office Supplies,Binders,Alejandro Ballentine,15.42,2,0,6.939
11/22/2017,Central,Office Supplies,Art,Frank Olsen,35.712,8,0.2,2.232
12/30/2014,West,Office Supplies,Binders,Maureen Fritzler,551.985,5,0.7,-459.9875
04-03-2017,Central,Office Supplies,Art,Sue Ann Reed,7.056,3,0.2,2.205
12/26/2016,West,Office Supplies,Appliances,Sally Hughsby,18.72,2,0.2,3.51
06-05-2016,East,Office Supplies,Storage,Janet Lee,360.38,2,0,93.6988
06-05-2016,East,Office Supplies,Art,Janet Lee,11.16,2,0,2.79
06-05-2016,East,Office Supplies,Labels,Janet Lee,14.94,3,0,6.8724
9/18/2015,East,Office Supplies,Storage,Ken Heidel,41.96,2,0,7.9724
9/18/2015,East,Office Supplies,Storage,Ken Heidel,636.86,7,0,0
9/18/2015,East,Technology,Phones,Ken Heidel,499.99,1,0,129.9974
9/18/2015,East,Technology,Phones,Ken Heidel,1259.93,7,0,327.5818
9/18/2015,East,Office Supplies,Binders,Ken Heidel,65.08,4,0,31.8892
03-06-2017,East,Office Supplies,Paper,Roland Murray,26.38,1,0,12.1348
03-06-2017,East,Furniture,Furnishings,Roland Murray,71.97,3,0,16.5531
3/17/2016,East,Technology,Phones,Vivian Mathis,129.98,2,0,62.3904
3/17/2016,East,Office Supplies,Binders,Vivian Mathis,32.54,2,0,15.9446
12-09-2016,Central,Technology,Phones,Logan Haushalter,10.9,1,0,3.052
12-09-2016,Central,Technology,Accessories,Logan Haushalter,59.98,2,0,25.1916
12-09-2016,Central,Office Supplies,Appliances,Logan Haushalter,61.929,1,0.1,23.3954
1/15/2016,East,Office Supplies,Envelopes,William Brown,16.52,4,0,7.5992
1/15/2016,East,Office Supplies,Paper,William Brown,60.12,9,0,28.8576
1/15/2016,East,Office Supplies,Binders,William Brown,49.536,3,0.2,17.3376
10/24/2014,South,Office Supplies,Fasteners,Arthur Prichep,11.85,3,0,3.792
9/23/2016,South,Office Supplies,Storage,Russell Applegate,118.25,5,0,34.2925
9/23/2016,South,Furniture,Chairs,Russell Applegate,368.97,3,0,81.1734
8/27/2017,West,Furniture,Furnishings,Dan Reichenbach,198.46,2,0,99.23
8/27/2017,West,Office Supplies,Appliances,Dan Reichenbach,321.92,4,0,96.576
8/27/2017,West,Technology,Copiers,Dan Reichenbach,879.984,2,0.2,329.994
8/27/2017,West,Office Supplies,Supplies,Dan Reichenbach,28.4,5,0,8.236
8/27/2017,West,Furniture,Chairs,Dan Reichenbach,230.28,3,0.2,23.028
8/27/2017,West,Office Supplies,Paper,Dan Reichenbach,116.28,3,0,56.9772
8/27/2017,West,Office Supplies,Binders,Dan Reichenbach,841.568,2,0.2,294.5488
8/27/2017,West,Office Supplies,Storage,Dan Reichenbach,354.9,5,0,17.745
03-03-2016,Central,Office Supplies,Paper,Jason Gross,42.784,7,0.2,15.5092
03-03-2016,Central,Furniture,Chairs,Jason Gross,563.43,5,0.3,-56.343
2/29/2016,East,Office Supplies,Art,Lena Cacioppo,111.104,7,0.2,8.3328
9/18/2015,West,Office Supplies,Art,George Bell,11.68,2,0,5.4896
9/18/2015,West,Office Supplies,Supplies,George Bell,16.9,2,0,5.07
9/18/2015,West,Furniture,Furnishings,George Bell,24.4,2,0,10.248
05-12-2017,East,Office Supplies,Paper,Chloris Kastensmidt,87.6,5,0,42.048
8/13/2016,Central,Furniture,Bookcases,Theresa Swint,241.96,2,0,24.196
8/13/2016,Central,Office Supplies,Binders,Theresa Swint,8.52,3,0,4.1748
2/25/2017,Central,Office Supplies,Binders,Michelle Huthwaite,1.788,3,0.8,-3.0396
3/21/2016,Central,Furniture,Tables,Dario Medina,99.372,2,0.3,-1.4196
3/21/2016,Central,Office Supplies,Art,Dario Medina,1.344,1,0.2,0.504
12-08-2015,Central,Technology,Phones,Joel Jenkins,119.96,5,0.2,11.996
12/16/2014,South,Furniture,Chairs,Ken Black,1013.832,9,0.2,101.3832
12/16/2014,South,Office Supplies,Fasteners,Ken Black,1.984,2,0.2,0.6696
12/17/2016,West,Furniture,Tables,Charles McCrossin,2003.52,6,0.2,-325.572
05-12-2016,East,Office Supplies,Storage,Filia McAdams,82.368,2,0.2,-19.5624
08-06-2014,South,Technology,Accessories,Roland Fjeld,62.91,3,0,22.6476
04-11-2014,South,Office Supplies,Fasteners,Jay Kimmel,6.912,3,0.2,2.3328
04-11-2014,South,Technology,Accessories,Jay Kimmel,383.976,3,0.2,81.5949
04-11-2014,South,Office Supplies,Paper,Jay Kimmel,10.368,2,0.2,3.6288
04-11-2014,South,Technology,Accessories,Jay Kimmel,335.944,7,0.2,41.993
05-03-2015,West,Furniture,Furnishings,Julia Barnett,665.88,6,0,106.5408
11/30/2017,South,Technology,Phones,Parhena Norris,71.976,3,0.2,8.997
2/16/2017,East,Office Supplies,Paper,Luke Foster,37.94,2,0,18.2112
11/16/2014,Central,Technology,Phones,Rick Huthwaite,273.96,2,0,10.9584
07-09-2015,East,Technology,Phones,Matt Collins,269.982,3,0.4,40.4973
11/13/2017,South,Office Supplies,Paper,Michael Nguyen,8.904,3,0.2,3.339
11/13/2017,South,Office Supplies,Storage,Michael Nguyen,720.064,4,0.2,-63.0056
7/31/2017,South,Technology,Accessories,Eugene Hildebrand,41.424,2,0.2,8.2848
12/26/2017,East,Office Supplies,Binders,Tracy Collins,3.132,2,0.7,-2.61
10/31/2016,West,Office Supplies,Storage,Jonathan Doherty,1085.42,7,0,282.2092
09-04-2016,Central,Office Supplies,Art,Ivan Liston,3.912,1,0.2,1.0269
09-04-2016,Central,Office Supplies,Art,Ivan Liston,62.376,3,0.2,7.0173
4/17/2016,Central,Office Supplies,Fasteners,Sean Wendt,29.05,5,0,9.0055
07-05-2014,West,Office Supplies,Binders,Dennis Pardue,180.96,6,0.2,67.86
2/27/2015,East,Office Supplies,Binders,Bill Tyler,4.419,3,0.7,-3.3879
2/27/2015,East,Office Supplies,Art,Bill Tyler,16.032,6,0.2,2.2044
11/27/2015,East,Office Supplies,Art,Jeremy Ellison,29.79,3,0,12.5118
1/27/2014,West,Office Supplies,Storage,Ed Jacobs,57.23,1,0,14.3075
1/27/2014,West,Furniture,Tables,Ed Jacobs,333,3,0.2,-16.65
1/27/2014,West,Office Supplies,Art,Ed Jacobs,36.44,4,0,12.0252
9/23/2017,South,Office Supplies,Paper,Bobby Elias,251.64,3,0.2,88.074
11-04-2017,South,Furniture,Tables,Kelly Lampkin,523.764,3,0.4,-192.0468
11-04-2017,South,Technology,Phones,Kelly Lampkin,1359.96,5,0.2,118.9965
10/14/2016,South,Furniture,Chairs,Nathan Cano,102.592,1,0.2,10.2592
10/14/2016,South,Technology,Accessories,Nathan Cano,22.704,1,0.2,5.9598
10/14/2016,South,Office Supplies,Paper,Nathan Cano,93.024,3,0.2,33.7212
10/14/2016,South,Office Supplies,Supplies,Nathan Cano,12.768,2,0.2,1.4364
10/14/2016,South,Office Supplies,Envelopes,Nathan Cano,35.008,4,0.2,13.128
10/14/2016,South,Office Supplies,Paper,Nathan Cano,39.152,1,0.2,14.682
11-12-2015,South,Office Supplies,Art,Anna Häberlin,11.76,5,0.2,1.323
11-12-2015,South,Office Supplies,Binders,Anna Häberlin,5.238,2,0.7,-4.0158
11-12-2015,South,Office Supplies,Binders,Anna Häberlin,4.662,3,0.7,-3.7296
11-12-2015,South,Furniture,Chairs,Anna Häberlin,523.92,5,0.2,-72.039
11-12-2015,South,Technology,Phones,Anna Häberlin,100.792,1,0.2,10.0792
11-12-2015,South,Furniture,Chairs,Anna Häberlin,146.136,3,0.2,16.4403
03-05-2017,Central,Office Supplies,Labels,Pete Kriz,25.06,2,0,11.7782
11-05-2015,Central,Office Supplies,Labels,Nathan Gelder,19.824,6,0.2,6.4428
07-08-2016,South,Technology,Phones,Zuschuss Donatelli,823.96,5,0.2,51.4975
07-08-2016,South,Office Supplies,Paper,Zuschuss Donatelli,15.984,2,0.2,4.995
9/15/2015,South,Furniture,Tables,Natalie Webber,801.96,2,0,200.49
9/15/2015,South,Technology,Phones,Natalie Webber,59.97,3,0,0
9/15/2015,South,Furniture,Chairs,Natalie Webber,1056.86,7,0,306.4894
10-09-2017,East,Office Supplies,Binders,Harry Greene,12.816,3,0.2,4.3254
10-09-2017,East,Furniture,Bookcases,Harry Greene,314.352,3,0.2,-15.7176
10-09-2017,East,Office Supplies,Paper,Harry Greene,18.98,2,0,8.9206
10-09-2017,East,Office Supplies,Binders,Harry Greene,18.24,6,0.2,6.156
9/14/2015,East,Office Supplies,Storage,Craig Carroll,991.2,6,0,257.712
9/14/2015,East,Technology,Copiers,Craig Carroll,879.984,2,0.2,329.994
9/14/2015,East,Office Supplies,Binders,Craig Carroll,12.96,9,0.2,4.536
10-07-2014,Central,Office Supplies,Storage,John Grady,107.44,10,0.2,10.744
05-07-2017,Central,Furniture,Chairs,Rick Wilson,1458.65,5,0,423.0085
05-07-2017,Central,Furniture,Chairs,Rick Wilson,26.64,1,0,7.4592
05-07-2017,Central,Furniture,Chairs,Rick Wilson,476.8,2,0,119.2
05-07-2017,Central,Office Supplies,Appliances,Rick Wilson,87.444,2,0.1,18.4604
11/14/2015,East,Furniture,Furnishings,Lycoris Saunders,76.14,3,0,26.649
11/14/2015,East,Office Supplies,Binders,Lycoris Saunders,19.96,2,0,9.3812
11/24/2014,East,Technology,Phones,Muhammed Yedwab,1049.97,5,0.4,-209.994
11/24/2014,East,Furniture,Chairs,Muhammed Yedwab,611.058,3,0.3,-34.9176
04-08-2014,West,Office Supplies,Fasteners,Jim Mitchum,2.368,2,0.2,0.8288
04-08-2014,West,Office Supplies,Paper,Jim Mitchum,19.008,3,0.2,6.8904
7/26/2014,West,Technology,Phones,Kunst Miller,911.984,2,0.2,113.998
7/26/2014,West,Furniture,Chairs,Kunst Miller,674.352,3,0.2,-109.5822
7/26/2014,West,Furniture,Furnishings,Kunst Miller,134.01,9,0,36.1827
7/26/2014,West,Technology,Accessories,Kunst Miller,170.97,3,0,70.0977
06-08-2014,South,Furniture,Chairs,Katrina Edelman,170.352,3,0.2,10.647
10/28/2014,West,Office Supplies,Binders,Todd Sumrall,7.184,2,0.2,2.245
10/28/2014,West,Office Supplies,Supplies,Todd Sumrall,6.28,2,0,0.0628
10/28/2014,West,Office Supplies,Supplies,Todd Sumrall,480.74,2,0,14.4222
10/28/2014,West,Furniture,Bookcases,Todd Sumrall,616.998,6,0.15,-36.294
10/28/2014,West,Office Supplies,Storage,Todd Sumrall,141.4,5,0,38.178
11/25/2017,Central,Office Supplies,Storage,Sam Zeldin,501.81,3,0,0
9/22/2017,South,Office Supplies,Binders,Joel Eaton,691.96,4,0,318.3016
9/22/2017,South,Technology,Accessories,Joel Eaton,34.95,5,0,15.378
12-04-2015,Central,Office Supplies,Paper,Michael Stewart,85.96,7,0,40.4012
9/21/2015,East,Furniture,Furnishings,Duane Huffman,85.3,2,0,14.501
11/26/2017,Central,Office Supplies,Binders,Guy Thornton,33.568,8,0.8,-53.7088
06-06-2017,West,Furniture,Furnishings,Gary Hansen,4.95,1,0,2.178
06-06-2017,West,Office Supplies,Storage,Gary Hansen,26.4,5,0,0
10/23/2017,Central,Office Supplies,Binders,Darrin Martin,3.564,3,0.8,-6.237
10/23/2017,Central,Technology,Phones,Darrin Martin,823.96,5,0.2,51.4975
10/23/2017,Central,Office Supplies,Art,Darrin Martin,10.272,3,0.2,0.8988
12/20/2014,West,Technology,Accessories,Toby Carlisle,447.944,7,0.2,89.5888
2/17/2017,Central,Furniture,Tables,Julie Kriz,480.96,3,0.5,-269.3376
2/17/2017,Central,Technology,Phones,Julie Kriz,124.792,1,0.2,10.9193
05-03-2014,East,Office Supplies,Binders,Nathan Cano,40.176,3,0.2,14.5638
05-03-2014,East,Office Supplies,Binders,Nathan Cano,10.896,3,0.2,3.9498
10/17/2017,West,Office Supplies,Art,Astrea Jones,10.64,4,0,2.7664
11/28/2015,Central,Furniture,Furnishings,Lena Creighton,151.96,5,0.6,-182.352
7/27/2014,West,Technology,Accessories,Giulietta Weimer,238,2,0,38.08
4/23/2017,Central,Technology,Accessories,Sean Christensen,155.34,6,0,55.9224
10/23/2015,West,Technology,Accessories,Jay Fein,148.32,9,0,63.7776
10/23/2015,West,Furniture,Chairs,Jay Fein,240.784,1,0.2,27.0882
10/23/2015,West,Furniture,Chairs,Jay Fein,191.968,7,0.2,16.7972
10/23/2015,West,Office Supplies,Paper,Jay Fein,11.56,2,0,5.6644
10/23/2015,West,Office Supplies,Envelopes,Jay Fein,11.8,4,0,5.664
10/23/2015,West,Furniture,Chairs,Jay Fein,842.352,3,0.2,42.1176
09-05-2016,South,Office Supplies,Envelopes,Darrin Martin,23.472,3,0.2,7.6284
09-05-2016,South,Office Supplies,Binders,Darrin Martin,86.058,7,0.7,-63.1092
09-05-2016,South,Technology,Phones,Darrin Martin,108.784,2,0.2,6.799
09-05-2016,South,Office Supplies,Paper,Darrin Martin,10.272,3,0.2,3.21
10/28/2016,South,Office Supplies,Binders,Emily Phan,38.19,5,0.7,-26.733
04-05-2014,Central,Office Supplies,Storage,John Grady,49.632,4,0.2,3.7224
04-05-2014,Central,Office Supplies,Storage,John Grady,52.096,4,0.2,3.9072
6/15/2015,West,Office Supplies,Paper,Peter Fuller,9.568,2,0.2,2.99
6/15/2015,West,Office Supplies,Storage,Peter Fuller,82.368,2,0.2,-19.5624
6/15/2015,West,Furniture,Furnishings,Peter Fuller,364.704,6,0.2,-36.4704
6/15/2015,West,Furniture,Furnishings,Peter Fuller,40.256,4,0.2,11.0704
07-05-2014,South,Office Supplies,Art,David Wiener,4.368,3,0.2,0.3822
1/29/2017,Central,Office Supplies,Binders,Clytie Kelty,12.128,4,0.8,-20.6176
03-03-2016,Central,Technology,Phones,Craig Carreira,134.85,3,0,37.758
06-02-2014,South,Office Supplies,Art,Stewart Visinsky,8.56,2,0,2.6536
06-02-2014,South,Technology,Phones,Stewart Visinsky,239.97,3,0,67.1916
06-02-2014,South,Office Supplies,Storage,Stewart Visinsky,356.94,2,0,107.082
11/24/2016,West,Technology,Accessories,Sung Pak,659.9,2,0,217.767
11/24/2016,West,Furniture,Chairs,Sung Pak,1684.752,6,0.2,210.594
11/24/2016,West,Technology,Accessories,Sung Pak,559.92,8,0,190.3728
11-10-2016,Central,Technology,Accessories,Maxwell Schwartz,279.944,7,0.2,48.9902
11/22/2014,Central,Office Supplies,Binders,Tony Chapman,9.98,5,0.8,-16.467
05-01-2017,South,Technology,Accessories,Sanjit Jacobs,48.9,5,0,18.093
12-07-2017,Central,Office Supplies,Fasteners,David Smith,3.552,3,0.2,1.2432
12-07-2017,Central,Office Supplies,Paper,David Smith,15.552,3,0.2,5.4432
11/30/2017,Central,Office Supplies,Fasteners,Stuart Calhoun,2.368,2,0.2,0.8288
12-07-2017,East,Technology,Accessories,Shahid Hopkins,127.984,2,0.2,25.5968
01-03-2015,Central,Office Supplies,Paper,Sylvia Foulston,10.368,2,0.2,3.6288
11/14/2015,East,Technology,Accessories,Maureen Gastineau,47.984,2,0.2,-1.1996
10-02-2015,West,Office Supplies,Storage,Christopher Schild,270.34,14,0,75.6952
04-05-2015,East,Office Supplies,Appliances,Valerie Takahito,98.112,7,0.2,18.396
04-05-2015,East,Office Supplies,Storage,Valerie Takahito,563.808,4,0.2,21.1428
04-05-2015,East,Office Supplies,Binders,Valerie Takahito,10.428,4,0.7,-6.952
04-05-2015,East,Furniture,Furnishings,Valerie Takahito,547.136,4,0.2,-68.392
04-05-2015,East,Technology,Phones,Valerie Takahito,14.85,5,0.4,-3.2175
04-05-2015,East,Technology,Phones,Valerie Takahito,41.988,2,0.4,-9.7972
04-05-2015,East,Furniture,Furnishings,Valerie Takahito,7.584,1,0.2,2.37
04-05-2015,East,Furniture,Bookcases,Valerie Takahito,352.45,5,0.5,-211.47
06-05-2017,Central,Technology,Phones,Adrian Barton,470.376,3,0.2,52.9173
9/18/2017,East,Office Supplies,Paper,Muhammed MacIntyre,19.44,3,0,9.3312
9/18/2017,East,Furniture,Furnishings,Muhammed MacIntyre,9.82,2,0,3.2406
7/18/2017,West,Furniture,Tables,Maris LaWare,801.6,5,0.5,-448.896
7/18/2017,West,Furniture,Chairs,Maris LaWare,161.568,2,0.2,10.098
7/18/2017,West,Office Supplies,Paper,Maris LaWare,16.096,2,0.2,5.2312
7/18/2017,West,Office Supplies,Binders,Maris LaWare,7.656,4,0.7,-6.1248
7/18/2017,West,Furniture,Chairs,Maris LaWare,311.976,3,0.2,-42.8967
12-01-2015,South,Office Supplies,Storage,Keith Dawkins,61.68,4,0,16.6536
12-01-2015,South,Office Supplies,Binders,Keith Dawkins,63.96,4,0,30.7008
6/28/2016,Central,Technology,Phones,Roland Fjeld,359.976,3,0.2,35.9976
8/28/2017,Central,Office Supplies,Paper,Sean Christensen,25.344,6,0.2,7.92
8/28/2017,Central,Office Supplies,Paper,Sean Christensen,26.72,5,0.2,9.352
9/17/2014,West,Office Supplies,Storage,Bradley Nguyen,30.28,2,0,1.2112
9/17/2014,West,Office Supplies,Storage,Bradley Nguyen,57.93,3,0,16.2204
9/17/2014,West,Furniture,Furnishings,Bradley Nguyen,35.34,2,0,13.4292
9/17/2014,West,Office Supplies,Binders,Bradley Nguyen,137.24,5,0.2,46.3185
3/14/2016,Central,Furniture,Bookcases,John Stevenson,241.332,5,0.32,-14.196
3/14/2016,Central,Office Supplies,Paper,John Stevenson,5.184,1,0.2,1.8792
3/14/2016,Central,Office Supplies,Art,John Stevenson,145.544,7,0.2,16.3737
8/26/2016,East,Office Supplies,Art,Vivek Grady,5.472,3,0.2,1.6416
8/26/2016,East,Technology,Accessories,Vivek Grady,47.984,2,0.2,13.1956
09-02-2017,West,Office Supplies,Art,Anthony Witt,9.4,5,0,2.726
09-02-2017,West,Office Supplies,Labels,Anthony Witt,74,5,0,37
09-02-2017,West,Technology,Phones,Anthony Witt,201.584,2,0.2,12.599
6/16/2015,Central,Office Supplies,Envelopes,Lycoris Saunders,28.752,3,0.2,9.3444
6/16/2015,Central,Office Supplies,Paper,Lycoris Saunders,27.216,3,0.2,9.8658
6/16/2015,Central,Furniture,Chairs,Lycoris Saunders,197.372,2,0.3,-25.3764
12-10-2016,Central,Furniture,Chairs,Mark Hamilton,1424.9,5,0,356.225
5/18/2017,East,Furniture,Furnishings,Toby Swindell,14.56,2,0,6.2608
5/18/2017,East,Office Supplies,Binders,Toby Swindell,3.048,1,0.2,1.0287
5/27/2017,South,Office Supplies,Paper,Eric Hoffmann,25.92,5,0.2,9.072
6/23/2016,East,Office Supplies,Supplies,Maureen Gnade,835.17,7,0,16.7034
5/16/2016,West,Office Supplies,Paper,Denny Ordway,17.34,3,0,8.4966
11/18/2017,South,Office Supplies,Paper,Art Ferguson,44.384,1,0.2,15.5344
11/18/2017,South,Office Supplies,Supplies,Art Ferguson,2.944,1,0.2,-0.6624
11/18/2016,Central,Office Supplies,Art,Steve Nguyen,6.368,2,0.2,1.0348
11/18/2016,Central,Office Supplies,Labels,Steve Nguyen,48.848,2,0.2,15.8756
11/18/2016,Central,Office Supplies,Paper,Steve Nguyen,19.648,2,0.2,6.6312
11/18/2016,Central,Furniture,Chairs,Steve Nguyen,255.108,6,0.3,-18.222
11/28/2014,East,Office Supplies,Binders,Mary O'Rourke,17.248,2,0.2,6.0368
03-01-2016,West,Technology,Phones,Odella Nelson,159.984,2,0.2,13.9986
1/15/2017,East,Office Supplies,Paper,Sanjit Chand,12.7,2,0,5.842
04-04-2014,Central,Furniture,Furnishings,Maurice Satty,5.47,1,0,2.3521
04-04-2014,Central,Office Supplies,Art,Maurice Satty,79.36,4,0,23.808
6/26/2016,West,Furniture,Furnishings,Duane Noonan,22.14,3,0,6.4206
5/29/2016,South,Office Supplies,Binders,Raymond Buch,11.277,3,0.7,-8.6457
5/29/2016,South,Office Supplies,Art,Raymond Buch,4.448,2,0.2,0.3336
5/29/2016,South,Furniture,Furnishings,Raymond Buch,44.76,3,0.2,14.547
10/19/2015,Central,Office Supplies,Binders,Nicole Hansen,38.28,6,0,17.6088
10/19/2015,Central,Technology,Phones,Nicole Hansen,149.95,5,0,44.985
2/19/2017,West,Office Supplies,Art,Emily Ducich,12.84,3,0,3.4668
2/19/2017,West,Furniture,Furnishings,Emily Ducich,44.67,3,0,12.0609
9/22/2016,East,Office Supplies,Art,Pierre Wener,7.872,3,0.2,0.8856
11-12-2014,South,Office Supplies,Art,Denise Monton,7.872,3,0.2,0.8856
04-01-2016,East,Office Supplies,Art,Don Weiss,88.04,4,0,22.8904
5/20/2016,West,Office Supplies,Binders,Eugene Hildebrand,40.635,7,0.7,-32.508
06-01-2015,Central,Office Supplies,Binders,Katrina Edelman,5.728,8,0.8,-9.1648
06-01-2015,Central,Office Supplies,Paper,Katrina Edelman,42.24,10,0.2,13.2
11/22/2014,West,Office Supplies,Paper,Susan Pistek,53.82,9,0,24.219
2/22/2015,Central,Office Supplies,Art,Penelope Sewall,79.36,4,0,20.6336
3/29/2016,East,Office Supplies,Paper,Janet Martin,13.48,2,0,6.74
3/29/2016,East,Office Supplies,Binders,Janet Martin,29.8,5,0.2,9.3125
3/29/2016,East,Furniture,Furnishings,Janet Martin,414,8,0,124.2
3/29/2016,East,Office Supplies,Binders,Janet Martin,41.328,7,0.2,14.9814
10/22/2016,South,Furniture,Furnishings,Eric Barreto,39.92,4,0,11.1776
10-02-2017,West,Office Supplies,Fasteners,Frank Gastineau,8.94,3,0,4.1124
10-02-2017,West,Technology,Phones,Frank Gastineau,84.784,2,0.2,-20.1362
12/23/2014,East,Furniture,Tables,Tiffany House,53.316,2,0.4,-19.5492
12/23/2014,East,Office Supplies,Appliances,Tiffany House,56.52,3,0,15.8256
12/15/2017,West,Furniture,Furnishings,Paul Lucas,22.77,3,0,9.7911
07-07-2016,West,Furniture,Chairs,Christopher Conant,287.968,4,0.2,-3.5996
07-07-2016,West,Technology,Copiers,Christopher Conant,2799.96,5,0.2,944.9865
07-07-2016,West,Office Supplies,Paper,Christopher Conant,48.94,1,0,24.47
4/17/2016,West,Furniture,Bookcases,Jessica Myrick,257.499,3,0.15,24.2352
04-08-2017,East,Office Supplies,Storage,Karen Ferguson,2591.56,4,0,621.9744
04-08-2017,East,Office Supplies,Appliances,Karen Ferguson,41.95,5,0,10.4875
4/17/2016,South,Furniture,Furnishings,Charles Sheldon,79.12,5,0.2,13.846
11/25/2014,East,Furniture,Furnishings,Andy Reiter,52.96,2,0,20.1248
11-03-2014,East,Office Supplies,Supplies,Maxwell Schwartz,286.344,3,0.2,-64.4274
05-01-2015,South,Furniture,Furnishings,David Bremer,63.552,3,0.2,14.2992
05-01-2015,South,Office Supplies,Supplies,David Bremer,41.376,3,0.2,4.6548
05-01-2015,South,Office Supplies,Art,David Bremer,172.704,6,0.2,10.794
03-08-2015,Central,Furniture,Bookcases,Dana Kaydos,512.94,3,0,97.4586
03-08-2015,Central,Furniture,Chairs,Dana Kaydos,860.93,7,0,189.4046
03-08-2015,Central,Technology,Phones,Dana Kaydos,769.95,5,0,223.2855
03-08-2015,Central,Office Supplies,Art,Dana Kaydos,14.98,1,0,4.494
03-08-2015,Central,Furniture,Furnishings,Dana Kaydos,373.08,6,0,82.0776
7/17/2015,South,Furniture,Bookcases,Michael Paige,231.92,5,0.2,5.798
10-11-2014,West,Furniture,Furnishings,Dean percer,63.47,11,0,19.041
10-11-2014,West,Technology,Accessories,Dean percer,345,5,0,58.65
03-03-2016,Central,Furniture,Tables,Chris Cortes,637.896,3,0.3,-127.5792
03-03-2016,Central,Technology,Machines,Chris Cortes,287.91,3,0.4,33.5895
03-03-2016,Central,Office Supplies,Envelopes,Chris Cortes,36.6,3,0.2,11.895
12-10-2015,South,Office Supplies,Art,Khloe Miller,1.78,1,0,0.4984
12-10-2015,South,Office Supplies,Paper,Khloe Miller,25.92,4,0,12.4416
12-10-2015,South,Technology,Accessories,Khloe Miller,101.94,6,0,21.4074
12/18/2015,West,Office Supplies,Art,Michael Kennedy,6.848,2,0.2,0.5992
01-01-2017,West,Furniture,Furnishings,Steven Cartwright,474.43,11,0,199.2606
11/21/2017,East,Office Supplies,Paper,Cindy Chapman,8.448,2,0.2,2.64
11/21/2017,East,Office Supplies,Storage,Cindy Chapman,39.296,4,0.2,3.9296
12/22/2015,Central,Office Supplies,Art,Beth Thompson,17.12,4,0,4.9648
8/23/2015,South,Office Supplies,Appliances,Fred Harton,542.94,3,0,152.0232
8/23/2015,South,Office Supplies,Labels,Fred Harton,8.64,3,0,4.2336
8/23/2015,South,Office Supplies,Paper,Fred Harton,193.8,5,0,94.962
8/23/2015,South,Office Supplies,Paper,Fred Harton,21.4,5,0,9.63
8/23/2015,South,Office Supplies,Paper,Fred Harton,97.88,2,0,48.94
8/23/2015,South,Technology,Accessories,Fred Harton,251.91,9,0,47.8629
8/23/2015,South,Office Supplies,Appliances,Fred Harton,25.86,3,0,6.7236
6/22/2014,East,Furniture,Chairs,Anna Andreadi,170.058,3,0.3,-4.8588
6/22/2014,East,Technology,Phones,Anna Andreadi,82.782,3,0.4,-15.1767
6/22/2014,East,Furniture,Chairs,Anna Andreadi,853.93,5,0.3,0
10/27/2017,West,Furniture,Bookcases,Jack O'Briant,556.665,5,0.15,6.549
10/27/2017,West,Technology,Phones,Jack O'Briant,95.84,4,0.2,34.742
08-11-2017,Central,Office Supplies,Paper,Sylvia Foulston,29.664,4,0.2,10.0116
08-11-2017,Central,Office Supplies,Art,Sylvia Foulston,9.184,7,0.2,2.87
08-11-2017,Central,Technology,Phones,Sylvia Foulston,153.584,2,0.2,13.4386
08-11-2017,Central,Office Supplies,Binders,Sylvia Foulston,12.864,8,0.8,-22.512
12/24/2017,South,Technology,Machines,Christine Sundaresam,479.97,3,0,239.985
12/24/2017,South,Furniture,Chairs,Christine Sundaresam,232.88,4,0,60.5488
9/26/2016,West,Office Supplies,Appliances,Steve Nguyen,236.88,6,0,66.3264
9/26/2016,West,Office Supplies,Paper,Steve Nguyen,29.9,5,0,14.651
9/26/2016,West,Technology,Accessories,Steve Nguyen,100,4,0,21
12-12-2016,East,Office Supplies,Binders,Jim Mitchum,18.693,3,0.7,-14.3313
12-12-2016,East,Technology,Accessories,Jim Mitchum,383.952,6,0.2,76.7904
12/28/2015,Central,Office Supplies,Storage,Fred Harton,24.816,2,0.2,1.551
12/29/2014,West,Furniture,Furnishings,Anthony Johnson,24.9,5,0,8.217
12/29/2014,West,Office Supplies,Paper,Anthony Johnson,21.12,4,0,9.504
12/29/2014,West,Technology,Machines,Anthony Johnson,767.952,6,0.2,287.982
12/29/2014,West,Office Supplies,Binders,Anthony Johnson,14.352,3,0.2,4.6644
12/29/2014,West,Technology,Phones,Anthony Johnson,191.976,3,0.2,19.1976
12/29/2014,West,Office Supplies,Labels,Anthony Johnson,274.77,9,0,126.3942
12/29/2014,West,Furniture,Furnishings,Anthony Johnson,70.56,6,0,23.9904
6/25/2015,West,Furniture,Furnishings,Jill Fjeld,204.85,5,0,57.358
04-02-2015,Central,Office Supplies,Binders,Cari Sayre,9.156,3,0.8,-13.734
10/21/2017,Central,Office Supplies,Appliances,Susan Pistek,23.992,2,0.8,-62.3792
7/16/2015,East,Office Supplies,Paper,Katrina Edelman,80.88,3,0,39.6312
7/16/2015,East,Technology,Accessories,Katrina Edelman,599.9,10,0,191.968
6/24/2017,East,Furniture,Furnishings,George Ashbrook,276.69,3,0,49.8042
6/24/2017,East,Furniture,Chairs,George Ashbrook,172.764,2,0.1,32.6332
9/29/2014,East,Office Supplies,Art,Suzanne McNair,4.224,3,0.2,1.4784
9/29/2014,East,Furniture,Tables,Suzanne McNair,409.272,2,0.4,-81.8544
9/29/2014,East,Office Supplies,Labels,Suzanne McNair,55.44,11,0.2,18.018
9/29/2014,East,Office Supplies,Paper,Suzanne McNair,20.928,4,0.2,6.8016
9/29/2014,East,Office Supplies,Storage,Suzanne McNair,1801.632,6,0.2,-337.806
9/29/2014,East,Furniture,Tables,Suzanne McNair,67.176,1,0.4,-20.1528
11/24/2014,Central,Office Supplies,Storage,Darren Koutras,646.2,5,0.2,-8.0775
11/20/2015,West,Technology,Phones,Lena Creighton,72.744,7,0.2,-15.4581
11/20/2015,West,Furniture,Chairs,Lena Creighton,572.16,3,0.2,35.76
11-01-2016,Central,Technology,Accessories,Xylona Preis,68.112,3,0.2,17.8794
9/17/2015,West,Office Supplies,Binders,Cari Sayre,25.032,3,0.2,7.8225
03-10-2016,East,Technology,Accessories,Bryan Davis,39.992,1,0.2,7.4985
6/23/2014,South,Office Supplies,Art,Denise Leinenbach,20.016,9,0.2,1.7514
6/23/2014,South,Office Supplies,Supplies,Denise Leinenbach,3.104,1,0.2,0.3492
11-01-2014,South,Office Supplies,Fasteners,Ken Heidel,7.52,5,0.2,1.41
11-01-2014,South,Office Supplies,Art,Ken Heidel,10.272,3,0.2,0.8988
11-01-2014,South,Office Supplies,Labels,Ken Heidel,47.808,12,0.2,15.5376
11-01-2014,South,Technology,Phones,Ken Heidel,978.84,9,0.2,110.1195
8/28/2016,Central,Office Supplies,Binders,Tom Prescott,13.14,9,0.8,-21.681
8/28/2016,Central,Office Supplies,Binders,Tom Prescott,10.024,4,0.8,-16.5396
8/28/2016,Central,Furniture,Bookcases,Tom Prescott,156.3728,2,0.32,-52.8908
12-06-2015,Central,Technology,Copiers,Nora Pelletier,999.98,2,0,449.991
9/24/2015,Central,Technology,Phones,Steve Carroll,821.94,6,0,213.7044
11/15/2017,South,Furniture,Furnishings,Dana Kaydos,220.064,4,0.2,55.016
11/15/2017,South,Furniture,Furnishings,Dana Kaydos,339.136,4,0.2,0
12/19/2015,Central,Office Supplies,Binders,Suzanne McNair,7.04,2,0,3.3088
12/19/2015,Central,Office Supplies,Fasteners,Suzanne McNair,5.04,4,0,0.2016
12/19/2015,Central,Office Supplies,Paper,Suzanne McNair,116.28,3,0,56.9772
12/21/2015,South,Technology,Phones,Lynn Smith,47.976,3,0.2,4.7976
9/25/2016,West,Office Supplies,Paper,Katrina Edelman,60.048,9,0.2,22.518
9/25/2016,West,Office Supplies,Binders,Katrina Edelman,5.022,1,0.7,-3.5154
6/24/2017,Central,Office Supplies,Binders,Matthew Clasen,182.994,3,0.8,-320.2395
6/24/2017,Central,Office Supplies,Paper,Matthew Clasen,10.272,3,0.2,3.21
09-07-2017,West,Office Supplies,Binders,Dean percer,7.857,3,0.7,-6.0237
08-04-2016,West,Technology,Phones,Linda Cazamias,302.384,2,0.2,30.2384
08-04-2016,West,Office Supplies,Binders,Linda Cazamias,20.952,3,0.2,7.0713
08-04-2016,West,Office Supplies,Binders,Linda Cazamias,11.784,3,0.2,3.9771
8/19/2014,South,Furniture,Bookcases,Lena Hernandez,638.82,9,0,172.4814
04-01-2016,East,Office Supplies,Labels,Thomas Boland,20.7,2,0,9.936
04-01-2016,East,Office Supplies,Supplies,Thomas Boland,10.95,3,0,3.285
04-01-2016,East,Office Supplies,Binders,Thomas Boland,14.352,3,0.2,4.6644
5/16/2017,East,Office Supplies,Storage,John Murray,221.024,2,0.2,-55.256
8/24/2015,South,Technology,Machines,Katrina Willman,3080,7,0,1416.8
8/24/2015,South,Technology,Accessories,Katrina Willman,79.96,4,0,18.3908
8/24/2015,South,Technology,Phones,Katrina Willman,587.97,3,0,170.5113
9/23/2014,Central,Office Supplies,Paper,Sanjit Chand,32.4,5,0,15.552
9/23/2014,Central,Office Supplies,Storage,Sanjit Chand,404.9,5,0,16.196
9/23/2014,Central,Office Supplies,Binders,Sanjit Chand,9449.95,5,0,4630.4755
9/23/2014,Central,Office Supplies,Binders,Sanjit Chand,12.94,2,0,6.47
6/19/2017,Central,Office Supplies,Appliances,Zuschuss Carroll,2.264,1,0.8,-5.2072
6/19/2017,Central,Office Supplies,Appliances,Zuschuss Carroll,0.444,1,0.8,-1.11
6/19/2017,Central,Office Supplies,Paper,Zuschuss Carroll,146.176,8,0.2,47.5072
12/21/2017,Central,Furniture,Furnishings,Rick Bensley,15.92,2,0,7.0048
08-07-2017,West,Technology,Phones,Jay Kimmel,159.96,5,0.2,17.9955
08-07-2017,West,Office Supplies,Binders,Jay Kimmel,13.76,2,0.2,4.644
8/22/2016,Central,Office Supplies,Binders,Dorothy Dickinson,4.312,2,0.8,-6.8992
09-07-2015,East,Office Supplies,Storage,Marc Crier,13.96,2,0,0.2792
09-07-2015,East,Furniture,Tables,Marc Crier,27.414,3,0.4,-14.1639
12/25/2015,Central,Technology,Phones,Dionis Lloyd,73.98,2,0,19.9746
12/25/2015,Central,Furniture,Bookcases,Dionis Lloyd,160.98,1,0,20.9274
12/25/2015,Central,Office Supplies,Paper,Dionis Lloyd,17.34,3,0,8.4966
12/25/2015,Central,Office Supplies,Art,Dionis Lloyd,3.28,1,0,0.9512
05-02-2015,Central,Office Supplies,Labels,Noah Childs,8.856,3,0.2,2.9889
05-02-2015,Central,Technology,Phones,Noah Childs,158.376,3,0.2,13.8579
11/24/2016,West,Office Supplies,Binders,Amy Cox,1219.96,5,0.2,381.2375
11/24/2015,West,Office Supplies,Binders,Toby Swindell,3.168,2,0.2,0.99
11/24/2015,West,Office Supplies,Paper,Toby Swindell,19.44,3,0,9.3312
11/24/2015,West,Office Supplies,Storage,Toby Swindell,454.86,7,0,54.5832
11/24/2015,West,Office Supplies,Binders,Toby Swindell,91.392,8,0.2,29.7024
09-04-2017,East,Technology,Accessories,Michael Moore,19.04,4,0.2,-1.428
05-11-2017,West,Office Supplies,Paper,Liz Pelletier,37.44,6,0,16.848
05-11-2017,West,Office Supplies,Labels,Liz Pelletier,37.59,3,0,17.6673
05-11-2017,West,Office Supplies,Binders,Liz Pelletier,26.032,2,0.2,9.4366
05-11-2014,East,Office Supplies,Appliances,Brooke Gillingham,35.91,3,0,9.6957
7/27/2017,South,Furniture,Furnishings,Mike Gockenbach,91.032,3,0.2,-2.2758
05-06-2017,South,Office Supplies,Art,Gary Zandusky,54.66,6,0,18.0378
9/19/2014,South,Office Supplies,Storage,John Lee,67.344,6,0.2,7.5762
9/19/2014,South,Technology,Machines,John Lee,2624.985,3,0.5,-944.9946
3/29/2015,West,Office Supplies,Appliances,Denny Ordway,73.28,4,0,21.2512
11/18/2014,Central,Office Supplies,Binders,Ann Blume,14.48,5,0.8,-23.892
07-02-2015,South,Office Supplies,Paper,Karl Braun,11.952,3,0.2,4.0338
07-02-2015,South,Office Supplies,Paper,Karl Braun,15.552,3,0.2,5.6376
09-08-2014,South,Office Supplies,Fasteners,Ted Trevino,45,9,0,21.6
09-08-2014,South,Technology,Machines,Ted Trevino,209.97,3,0,90.2871
10-02-2017,West,Office Supplies,Binders,Paul Van Hugh,112.12,5,0.2,42.045
10-02-2017,West,Office Supplies,Storage,Paul Van Hugh,1575.14,7,0,204.7682
11/19/2017,South,Office Supplies,Fasteners,Dorothy Dickinson,25.06,7,0,12.53
12/30/2016,Central,Office Supplies,Binders,Keith Dawkins,6.924,6,0.8,-10.386
12-01-2017,East,Office Supplies,Storage,Ralph Arnett,37.392,3,0.2,2.337
12-01-2017,East,Furniture,Furnishings,Ralph Arnett,79.12,5,0.2,13.846
6/13/2016,Central,Office Supplies,Labels,Sonia Sunley,18.9,3,0,8.694
5/19/2014,Central,Office Supplies,Binders,John Huston,57.42,9,0,26.4132
1/30/2017,West,Office Supplies,Art,Eugene Hildebrand,12.74,7,0,5.733
1/30/2017,West,Office Supplies,Art,Eugene Hildebrand,8.82,3,0,2.3814
1/30/2017,West,Furniture,Chairs,Eugene Hildebrand,120.784,1,0.2,-13.5882
11/28/2015,East,Furniture,Furnishings,Tom Prescott,322.59,3,0,64.518
10/23/2017,Central,Office Supplies,Binders,Randy Bradley,9.762,3,0.8,-15.1311
10/23/2017,Central,Office Supplies,Storage,Randy Bradley,13.72,1,0.2,1.2005
10/23/2017,Central,Technology,Accessories,Randy Bradley,55.2,1,0.2,-2.07
10/23/2017,Central,Office Supplies,Storage,Randy Bradley,259.136,4,0.2,-58.3056
09-07-2017,East,Office Supplies,Labels,Cassandra Brandow,29.24,5,0.2,9.8685
09-07-2017,East,Office Supplies,Paper,Cassandra Brandow,15.552,3,0.2,5.4432
09-07-2017,East,Office Supplies,Envelopes,Cassandra Brandow,4.896,3,0.2,1.6524
12/29/2016,South,Office Supplies,Binders,Michael Paige,38.088,4,0.7,-27.9312
12/29/2016,South,Office Supplies,Binders,Michael Paige,2.808,3,0.7,-1.9656
12-05-2015,East,Technology,Accessories,Scot Wooten,47.984,2,0.2,0.5998
12-05-2015,East,Office Supplies,Binders,Scot Wooten,26.064,6,0.7,-19.9824
11-01-2014,Central,Office Supplies,Paper,Suzanne McNair,15.696,3,0.2,5.1012
4/16/2016,South,Office Supplies,Art,Arthur Prichep,12.84,3,0,3.7236
5/14/2017,East,Technology,Phones,Amy Hunt,539.97,3,0,134.9925
5/14/2017,East,Office Supplies,Storage,Amy Hunt,22.58,2,0,5.8708
3/14/2015,East,Office Supplies,Labels,Emily Phan,16.52,4,0,7.5992
3/14/2015,East,Office Supplies,Binders,Emily Phan,671.94,3,0,315.8118
1/14/2017,West,Technology,Accessories,Tracy Poddar,169.064,7,0.2,-14.7931
1/14/2017,West,Office Supplies,Storage,Tracy Poddar,168.624,9,0.2,14.7546
03-08-2015,East,Office Supplies,Paper,Anthony Rawles,19.44,3,0,9.3312
10-11-2014,West,Office Supplies,Storage,Helen Andreada,31.92,4,0,8.2992
10-11-2014,West,Furniture,Chairs,Helen Andreada,433.568,2,0.2,-65.0352
4/13/2015,West,Office Supplies,Paper,Heather Jas,31.104,6,0.2,10.8864
4/13/2015,West,Office Supplies,Paper,Heather Jas,54.816,3,0.2,17.8152
11/16/2017,West,Office Supplies,Storage,Jay Kimmel,48.86,7,0,0.9772
07-01-2016,South,Office Supplies,Binders,Jay Fein,14.2,2,0,6.532
07-01-2016,South,Office Supplies,Paper,Jay Fein,12.96,2,0,6.2208
07-01-2016,South,Office Supplies,Binders,Jay Fein,58.34,2,0,28.0032
11/29/2015,West,Office Supplies,Art,Eileen Kiefer,56.3,2,0,15.764
04-07-2014,South,Technology,Phones,Roland Schwarz,629.95,5,0,163.787
04-07-2014,South,Office Supplies,Paper,Roland Schwarz,122.97,3,0,60.2553
6/16/2016,West,Office Supplies,Paper,Bill Donatelli,46.35,5,0,21.7845
03-06-2017,West,Office Supplies,Binders,Ben Ferrer,14.976,9,0.2,5.4288
10-07-2017,Central,Office Supplies,Binders,Joe Kamberova,4.24,5,0.8,-6.36
10-06-2017,East,Technology,Accessories,Cyra Reiten,319.96,4,0,115.1856
10-06-2017,East,Office Supplies,Paper,Cyra Reiten,17.04,3,0,7.668
10-06-2017,East,Office Supplies,Storage,Cyra Reiten,344.91,3,0,10.3473
12-05-2016,East,Furniture,Bookcases,Aleksandra Gannaway,81.94,1,0,20.485
10/21/2016,East,Technology,Accessories,Charles McCrossin,98.16,6,0,9.816
5/18/2017,Central,Office Supplies,Binders,Susan Gilcrest,6.874,7,0.8,-10.6547
5/18/2017,Central,Office Supplies,Binders,Susan Gilcrest,1.996,1,0.8,-3.2934
5/18/2017,Central,Office Supplies,Storage,Susan Gilcrest,8.928,2,0.2,0.6696
9/26/2016,Central,Office Supplies,Paper,Charles Sheldon,9.99,1,0,4.4955
11/17/2017,East,Technology,Copiers,Hunter Lopez,10499.97,3,0,5039.9856
07-08-2015,Central,Office Supplies,Paper,Darrin Martin,21.12,5,0.2,6.6
11/16/2015,West,Furniture,Tables,Heather Kirkland,696.42,2,0,160.1766
11/16/2015,West,Technology,Phones,Heather Kirkland,304.776,3,0.2,22.8582
6/18/2015,West,Office Supplies,Art,Bruce Geld,51.98,2,0,15.0742
04-08-2016,West,Furniture,Furnishings,Clytie Kelty,24.7,5,0,10.374
4/18/2015,East,Office Supplies,Labels,Roland Fjeld,21.93,3,0,10.3071
12-03-2016,East,Office Supplies,Appliances,Caroline Jumper,394.816,4,0.2,93.7688
12-03-2016,East,Office Supplies,Binders,Caroline Jumper,18.192,4,0.7,-14.5536
12-10-2015,East,Office Supplies,Labels,Matt Abelman,7.31,1,0,3.4357
12-10-2015,East,Technology,Copiers,Matt Abelman,799.984,2,0.2,249.995
12-10-2015,East,Office Supplies,Paper,Matt Abelman,41.28,6,0,18.9888
12-10-2015,East,Office Supplies,Paper,Matt Abelman,184.66,7,0,84.9436
10/31/2014,East,Office Supplies,Art,Anne McFarland,49.25,5,0,18.715
10/31/2014,East,Office Supplies,Paper,Anne McFarland,10.16,2,0,4.7752
10/31/2014,East,Furniture,Furnishings,Anne McFarland,14.76,2,0,4.2804
10/31/2014,East,Office Supplies,Binders,Anne McFarland,34.08,2,0,15.6768
10/31/2014,East,Furniture,Furnishings,Anne McFarland,17.67,3,0,7.7748
10/31/2014,East,Furniture,Chairs,Anne McFarland,1604.9,5,0,481.47
10/31/2014,East,Furniture,Tables,Anne McFarland,385.686,1,0.3,-60.6078
12-09-2017,Central,Office Supplies,Paper,Angele Hood,15.984,2,0.2,4.995
05-05-2014,South,Office Supplies,Paper,Peter Fuller,9.42,3,0,4.239
05-05-2014,South,Office Supplies,Art,Peter Fuller,6.56,2,0,1.9024
05-05-2014,South,Office Supplies,Paper,Peter Fuller,24.56,2,0,11.5432
03-04-2016,Central,Office Supplies,Binders,Rick Duston,128.4,3,0,64.2
11/30/2014,East,Office Supplies,Envelopes,Jeremy Lonsdale,62.28,4,0,29.2716
2/18/2015,West,Office Supplies,Labels,Ann Blume,9.24,3,0,4.4352
04-01-2017,West,Furniture,Bookcases,Nick Crebassa,482.664,8,0.15,85.176
04-01-2017,West,Technology,Machines,Nick Crebassa,4799.984,2,0.2,359.9988
06-11-2017,West,Office Supplies,Paper,Tom Boeckenhauer,37.94,2,0,18.2112
06-11-2017,West,Office Supplies,Binders,Tom Boeckenhauer,18.288,6,0.2,6.6294
06-11-2017,West,Technology,Machines,Tom Boeckenhauer,385.8,5,0.2,130.2075
06-11-2017,West,Office Supplies,Storage,Tom Boeckenhauer,102.96,2,0,1.0296
06-11-2017,West,Furniture,Bookcases,Tom Boeckenhauer,174.42,3,0,41.8608
9/30/2016,Central,Office Supplies,Binders,Sarah Jordon,1.964,2,0.8,-3.2406
12/13/2014,Central,Furniture,Furnishings,Ellis Ballard,94.428,3,0.6,-42.4926
11-11-2017,Central,Office Supplies,Fasteners,William Brown,45.92,4,0,21.5824
01-05-2015,West,Furniture,Chairs,Steven Roelle,61.584,1,0.2,-6.9282
3/24/2016,Central,Office Supplies,Paper,Vivek Grady,22.48,1,0,10.3408
07-05-2017,Central,Furniture,Furnishings,Linda Southworth,332.028,9,0.6,-348.6294
07-05-2017,Central,Office Supplies,Binders,Linda Southworth,11.394,9,0.8,-17.6607
07-05-2017,Central,Office Supplies,Paper,Linda Southworth,15.552,3,0.2,5.6376
07-05-2017,Central,Office Supplies,Paper,Linda Southworth,31.104,6,0.2,11.2752
07-05-2017,Central,Office Supplies,Binders,Linda Southworth,6.316,1,0.8,-10.4214
9/21/2014,East,Office Supplies,Paper,Matt Abelman,11.352,3,0.2,4.1151
9/21/2014,East,Office Supplies,Labels,Matt Abelman,20.808,9,0.2,7.0227
7/23/2016,Central,Office Supplies,Binders,Neil Französisch,11.416,4,0.8,-18.8364
8/29/2017,East,Office Supplies,Art,Michael Dominguez,9.408,7,0.2,0.7056
3/26/2017,West,Office Supplies,Art,Maria Zettner,19.83,1,0,5.949
12/29/2017,Central,Office Supplies,Paper,Ken Brennan,209.7,2,0,100.656
9/20/2014,West,Office Supplies,Appliances,Michelle Arnett,43.92,4,0,11.8584
9/20/2014,West,Office Supplies,Binders,Michelle Arnett,20.232,3,0.2,6.5754
04-04-2016,South,Technology,Phones,Maria Etezadi,149.97,3,0,5.9988
04-04-2016,South,Office Supplies,Paper,Maria Etezadi,27.81,3,0,13.0707
3/26/2014,West,Technology,Accessories,Jonathan Doherty,66.3,3,0,8.619
11/28/2017,East,Office Supplies,Art,Lindsay Shagiari,1.64,1,0,0.738
11/28/2017,East,Furniture,Furnishings,Lindsay Shagiari,1049.2,5,0,272.792
11/28/2017,East,Furniture,Furnishings,Lindsay Shagiari,20.9,5,0,7.524
12-01-2016,East,Office Supplies,Binders,Shirley Jackson,88.08,6,0,40.5168
12-01-2016,East,Furniture,Chairs,Shirley Jackson,751.92,4,0,150.384
9/19/2014,East,Furniture,Chairs,Bill Shonely,887.103,7,0.1,177.4206
10/23/2015,South,Technology,Phones,Ralph Arnett,55.944,7,0.2,-13.2867
10/23/2015,South,Office Supplies,Art,Ralph Arnett,10.688,2,0.2,2.2712
10/23/2015,South,Technology,Phones,Ralph Arnett,11.824,2,0.2,1.0346
10/13/2017,Central,Office Supplies,Paper,Troy Staebel,63.312,3,0.2,20.5764
10/13/2017,Central,Office Supplies,Binders,Troy Staebel,96.784,4,0.8,-145.176
10/13/2017,Central,Furniture,Furnishings,Troy Staebel,10.476,3,0.6,-6.8094
09-04-2015,West,Office Supplies,Binders,Ken Black,9.762,2,0.7,-6.8334
3/14/2016,West,Furniture,Chairs,Muhammed MacIntyre,196.784,2,0.2,-22.1382
10/28/2017,East,Office Supplies,Envelopes,Lori Olson,47.98,2,0,23.99
10/15/2017,East,Office Supplies,Labels,Ricardo Sperren,13.05,5,0,6.003
08-07-2017,Central,Technology,Accessories,Cindy Chapman,63.96,4,0,19.8276
9/21/2017,South,Office Supplies,Appliances,Kean Thornton,80.48,1,0,24.144
11-03-2017,East,Office Supplies,Binders,Darrin Martin,11.673,3,0.7,-7.782
11-05-2016,Central,Furniture,Tables,Emily Phan,863.128,8,0.3,-160.2952
11-05-2016,Central,Office Supplies,Binders,Emily Phan,3.564,3,0.8,-6.237
11-05-2016,Central,Furniture,Bookcases,Emily Phan,956.6648,7,0.32,-225.0976
11-05-2016,Central,Office Supplies,Binders,Emily Phan,12.588,3,0.8,-20.1408
11-05-2016,Central,Technology,Accessories,Emily Phan,171.96,5,0.2,45.1395
6/25/2017,West,Furniture,Tables,Anne McFarland,871.4,4,0,148.138
11/26/2015,South,Furniture,Furnishings,Stefanie Holloman,692.472,11,0.2,190.4298
11/24/2016,East,Furniture,Furnishings,Laura Armstrong,207.76,4,0,85.1816
7/21/2017,West,Technology,Phones,Sarah Foster,71.928,9,0.2,6.2937
7/21/2017,West,Office Supplies,Art,Sarah Foster,25.99,1,0,7.5371
10/23/2015,West,Office Supplies,Binders,Andrew Gjertsen,3.592,1,0.2,1.1225
07-09-2015,Central,Office Supplies,Appliances,Kean Nguyen,48.632,2,0.8,-121.58
8/18/2017,West,Office Supplies,Storage,Nicole Fjeld,323.1,2,0,61.389
4/16/2016,East,Technology,Machines,Bill Shonely,9099.93,7,0,2365.9818
4/16/2016,East,Furniture,Furnishings,Bill Shonely,9.96,2,0,3.2868
4/16/2016,East,Office Supplies,Binders,Bill Shonely,25.3,5,0,11.891
11/14/2014,East,Office Supplies,Paper,Robert Marley,11.36,2,0,5.2256
11/14/2014,East,Furniture,Chairs,Robert Marley,69.264,2,0.1,14.6224
12/20/2014,Central,Office Supplies,Labels,Adrian Barton,3.69,1,0,1.7343
12/20/2014,Central,Office Supplies,Binders,Adrian Barton,1103.97,3,0,496.7865
11/21/2015,Central,Furniture,Bookcases,Carol Adams,246.1328,2,0.32,-76.0116
11/21/2015,Central,Office Supplies,Labels,Carol Adams,11.696,2,0.2,3.9474
11/21/2015,Central,Technology,Copiers,Carol Adams,439.992,1,0.2,164.997
12/28/2017,South,Office Supplies,Storage,Erica Hernandez,64.784,1,0.2,-12.9568
5/17/2015,Central,Office Supplies,Binders,Odella Nelson,33.28,5,0.8,-49.92
5/17/2015,Central,Office Supplies,Paper,Odella Nelson,14.088,3,0.2,4.9308
12-09-2017,West,Office Supplies,Art,Alyssa Tate,11.16,2,0,2.79
12-09-2017,West,Furniture,Tables,Alyssa Tate,896.328,9,0.2,22.4082
12-09-2017,West,Office Supplies,Appliances,Alyssa Tate,189,1,0,68.04
03-10-2017,East,Technology,Phones,Emily Burns,53.982,3,0.4,-10.7964
10/22/2017,West,Furniture,Tables,David Wiener,177.225,5,0.5,-120.513
07-03-2017,West,Furniture,Furnishings,Maria Bertelson,129.39,3,0,54.3438
09-04-2017,West,Office Supplies,Storage,Tiffany House,54.32,4,0,0.5432
8/23/2017,South,Technology,Phones,Patrick O'Brill,4367.896,13,0.2,327.5922
8/23/2017,South,Office Supplies,Paper,Patrick O'Brill,49.568,2,0.2,15.49
8/23/2017,South,Office Supplies,Appliances,Patrick O'Brill,161.376,6,0.2,12.1032
8/23/2017,South,Furniture,Furnishings,Patrick O'Brill,2.784,2,0.2,0.4176
8/23/2017,South,Office Supplies,Paper,Patrick O'Brill,8.72,5,0.2,2.943
8/22/2014,East,Office Supplies,Art,Deanra Eno,3.912,1,0.2,1.0269
10-04-2016,Central,Office Supplies,Envelopes,Mary O'Rourke,59.752,7,0.2,19.4194
10/26/2014,West,Furniture,Furnishings,Angele Hood,63.92,4,0,3.196
10/26/2014,West,Technology,Phones,Angele Hood,383.96,5,0.2,38.396
6/28/2016,West,Office Supplies,Binders,Chris Selesnick,7.752,3,0.2,2.8101
6/28/2016,West,Office Supplies,Binders,Chris Selesnick,33.568,2,0.2,11.7488
11-04-2014,West,Technology,Phones,William Brown,666.344,7,0.2,66.6344
11-04-2014,West,Furniture,Tables,William Brown,573.728,4,0.2,-64.5444
11-04-2014,West,Office Supplies,Binders,William Brown,21.936,3,0.2,8.226
11-04-2014,West,Office Supplies,Paper,William Brown,19.44,3,0,9.3312
11-04-2014,West,Technology,Machines,William Brown,447.968,4,0.2,139.99
09-08-2014,East,Office Supplies,Appliances,Stefania Perrino,16.78,2,0,4.195
6/25/2015,West,Office Supplies,Art,Alan Barnes,20.96,2,0,5.24
6/25/2015,West,Office Supplies,Binders,Alan Barnes,88.752,3,0.2,27.735
6/25/2015,West,Office Supplies,Storage,Alan Barnes,304.23,3,0,9.1269
7/26/2015,West,Office Supplies,Envelopes,Helen Andreada,167.86,2,0,78.8942
12-07-2017,South,Furniture,Furnishings,Debra Catini,82.38,6,0,25.5378
12/29/2014,West,Technology,Phones,Shui Tom,23.976,3,0.2,-5.6943
12/29/2014,West,Office Supplies,Storage,Shui Tom,33.29,1,0,7.9896
2/14/2015,East,Office Supplies,Binders,Karl Braun,14.952,2,0.7,-11.9616
2/14/2015,East,Technology,Phones,Karl Braun,323.982,3,0.4,-80.9955
2/14/2015,East,Office Supplies,Binders,Karl Braun,2.286,2,0.7,-1.6764
2/14/2015,East,Office Supplies,Art,Karl Braun,14.352,3,0.2,0.897
2/14/2015,East,Technology,Accessories,Karl Braun,71.976,3,0.2,0.8997
1/25/2016,East,Office Supplies,Art,Todd Boyes,9.21,3,0,2.3025
1/25/2016,East,Office Supplies,Paper,Todd Boyes,18,5,0,8.28
04-01-2017,East,Office Supplies,Paper,John Castell,42.93,9,0,19.3185
10-03-2017,South,Office Supplies,Paper,Patrick O'Brill,15.552,3,0.2,5.4432
10-03-2017,South,Office Supplies,Appliances,Patrick O'Brill,17.92,5,0.2,1.12
09-01-2017,West,Technology,Accessories,Sung Shariari,19.99,1,0,6.7966
09-01-2017,West,Office Supplies,Binders,Sung Shariari,22.92,5,0.2,8.022
12/21/2015,South,Technology,Accessories,Roger Demir,50.88,6,0.2,14.628
12/21/2015,South,Office Supplies,Envelopes,Roger Demir,27.312,2,0.2,9.2178
12/20/2015,West,Office Supplies,Envelopes,Gary Zandusky,7.92,1,0.2,2.772
12/20/2015,West,Furniture,Furnishings,Gary Zandusky,14.368,2,0.2,3.9512
11/27/2015,West,Technology,Accessories,Steve Nguyen,107.97,3,0,22.6737
11/27/2015,West,Office Supplies,Paper,Steve Nguyen,113.82,3,0,53.4954
8/27/2017,South,Office Supplies,Paper,Dana Kaydos,5.184,1,0.2,1.8144
3/22/2014,Central,Office Supplies,Art,Vivian Mathis,16.28,2,0,6.512
12/17/2017,South,Office Supplies,Storage,Giulietta Baptist,544.38,3,0,157.8702
3/19/2017,West,Office Supplies,Binders,Natalie DeCherney,19.824,6,0.2,6.6906
3/19/2017,West,Technology,Phones,Natalie DeCherney,657.504,6,0.2,-131.5008
3/19/2017,West,Technology,Accessories,Natalie DeCherney,99.54,2,0,10.9494
3/19/2017,West,Technology,Accessories,Natalie DeCherney,199.96,4,0,85.9828
9/18/2016,East,Furniture,Chairs,Magdelene Morse,631.782,2,0.1,140.396
9/18/2016,East,Furniture,Furnishings,Magdelene Morse,60.72,3,0,26.1096
11/24/2017,West,Office Supplies,Binders,Mark Van Huff,20.724,2,0.7,-15.1976
11/24/2017,West,Office Supplies,Storage,Mark Van Huff,415.872,8,0.2,-41.5872
04-11-2017,East,Office Supplies,Storage,Jack Lebron,16.768,2,0.2,1.4672
04-11-2017,East,Technology,Accessories,Jack Lebron,27.12,2,0.2,-4.746
12-10-2017,West,Technology,Phones,Alex Grayson,95.84,4,0.2,34.742
12-10-2017,West,Office Supplies,Paper,Alex Grayson,12.96,2,0,6.2208
11/24/2017,South,Office Supplies,Binders,Michael Dominguez,19.008,8,0.7,-12.672
12-04-2015,South,Office Supplies,Binders,Rose O'Brian,1598.058,7,0.7,-1065.372
12-04-2015,South,Office Supplies,Art,Rose O'Brian,36.96,4,0.2,12.012
12-11-2017,Central,Office Supplies,Paper,Ralph Ritter,10.368,2,0.2,3.6288
12-11-2017,Central,Furniture,Furnishings,Ralph Ritter,77.72,1,0.6,-66.062
12-11-2017,Central,Furniture,Chairs,Ralph Ritter,520.464,2,0.3,-14.8704
5/21/2016,East,Office Supplies,Paper,Christine Phan,111.96,2,0,54.8604
2/17/2017,South,Technology,Phones,Lauren Leatherbury,29.16,3,0,8.4564
5/20/2017,Central,Office Supplies,Art,Nat Carroll,131.94,3,0,35.6238
5/20/2017,Central,Office Supplies,Art,Nat Carroll,25.92,4,0,8.2944
5/20/2017,Central,Office Supplies,Storage,Nat Carroll,704.76,4,0,162.0948
5/20/2017,Central,Office Supplies,Fasteners,Nat Carroll,7.41,3,0,3.4827
5/20/2017,Central,Office Supplies,Art,Nat Carroll,21.5,10,0,7.095
09-11-2017,Central,Office Supplies,Fasteners,Helen Andreada,10.528,4,0.2,3.29
09-11-2017,Central,Office Supplies,Paper,Helen Andreada,20.544,6,0.2,6.42
11-05-2016,Central,Office Supplies,Binders,Michelle Arnett,104.9,5,0,50.352
11-05-2016,Central,Office Supplies,Art,Michelle Arnett,39.68,2,0,16.2688
11-05-2016,Central,Office Supplies,Labels,Michelle Arnett,51.75,5,0,24.84
7/23/2017,Central,Office Supplies,Art,Lena Hernandez,11.68,2,0,5.4896
7/23/2017,Central,Technology,Accessories,Lena Hernandez,159.75,5,0,11.1825
11/18/2016,East,Office Supplies,Appliances,Sean Braxton,103.968,6,0.2,16.8948
4/25/2014,West,Furniture,Furnishings,Beth Thompson,303.25,5,0,63.6825
4/25/2014,West,Office Supplies,Appliances,Beth Thompson,270.72,3,0,78.5088
4/25/2014,West,Furniture,Chairs,Beth Thompson,1487.04,5,0.2,148.704
11/30/2015,South,Office Supplies,Envelopes,Paul Stevenson,17.48,2,0,8.2156
11/30/2015,South,Office Supplies,Envelopes,Paul Stevenson,71.88,2,0,32.346
10/25/2015,West,Office Supplies,Art,Trudy Brown,60.45,3,0,16.3215
10/25/2015,West,Furniture,Tables,Trudy Brown,253.176,3,0.2,-31.647
7/20/2015,Central,Office Supplies,Binders,Russell Applegate,2.88,5,0.8,-4.464
7/20/2015,Central,Furniture,Bookcases,Russell Applegate,384.944,4,0.3,-126.4816
7/20/2015,Central,Technology,Phones,Russell Applegate,153.584,2,0.2,13.4386
7/20/2015,Central,Furniture,Bookcases,Russell Applegate,913.43,5,0.3,-52.196
10/27/2016,West,Office Supplies,Appliances,Bart Pistole,43.92,4,0,11.8584
10/27/2016,West,Office Supplies,Binders,Bart Pistole,25.032,3,0.2,7.8225
11/20/2017,East,Office Supplies,Paper,Carlos Daly,46.76,7,0,22.4448
11/20/2017,East,Furniture,Bookcases,Carlos Daly,183.968,2,0.2,-25.2956
11/20/2017,East,Technology,Phones,Carlos Daly,1259.97,3,0,327.5922
11/20/2017,East,Office Supplies,Art,Carlos Daly,68.97,3,0,19.3116
09-08-2016,Central,Office Supplies,Art,Ken Black,70.368,2,0.2,6.1572
09-08-2016,Central,Technology,Phones,Ken Black,59.96,5,0.2,21.7355
7/20/2014,East,Office Supplies,Storage,Scot Wooten,25.984,1,0.2,-5.1968
7/20/2014,East,Office Supplies,Binders,Scot Wooten,27.36,3,0.7,-21.888
11/15/2016,West,Technology,Phones,Anna Häberlin,361.376,2,0.2,27.1032
07-07-2014,East,Furniture,Chairs,John Lee,172.186,2,0.3,-46.7362
07-07-2014,East,Furniture,Furnishings,John Lee,69.008,2,0.2,12.0764
3/17/2016,East,Office Supplies,Envelopes,Gary Zandusky,199.9,5,0,89.955
3/17/2016,East,Office Supplies,Appliances,Gary Zandusky,901.95,3,0,297.6435
3/17/2016,East,Furniture,Furnishings,Gary Zandusky,971.5,5,0,252.59
12/26/2016,West,Office Supplies,Art,Roy Collins,11.328,2,0.2,2.5488
09-02-2014,East,Office Supplies,Art,Clay Ludtke,21.24,3,0,8.0712
07-05-2015,East,Technology,Accessories,Mitch Webber,34.8,3,0.2,2.175
07-05-2015,East,Office Supplies,Storage,Mitch Webber,38.976,3,0.2,-2.436
11/20/2016,Central,Office Supplies,Paper,Barbara Fisher,9.08,2,0,4.086
11/20/2016,Central,Office Supplies,Paper,Barbara Fisher,314.55,3,0,150.984
11/20/2016,Central,Office Supplies,Binders,Barbara Fisher,4.91,1,0,2.3077
05-06-2014,West,Office Supplies,Labels,Steve Nguyen,5.78,2,0,2.7166
05-06-2014,West,Office Supplies,Art,Steve Nguyen,107.94,6,0,30.2232
6/21/2014,East,Office Supplies,Paper,Toby Braunhardt,19.65,3,0,9.039
6/21/2014,East,Technology,Phones,Toby Braunhardt,617.97,3,0,160.6722
6/21/2014,East,Office Supplies,Appliances,Toby Braunhardt,59.7,3,0,26.865
8/19/2017,East,Office Supplies,Binders,Jennifer Braxton,387.99,1,0,182.3553
11/29/2014,West,Technology,Phones,Alan Hwang,575.92,2,0.2,71.99
11/29/2014,West,Office Supplies,Fasteners,Alan Hwang,30.4,5,0,15.2
04-09-2017,Central,Office Supplies,Binders,Ken Lonsdale,478.24,8,0,219.9904
12/20/2014,East,Furniture,Furnishings,Mark Hamilton,190.848,3,0.2,-21.4704
12/17/2014,East,Office Supplies,Binders,Erin Creighton,5.484,4,0.7,-4.0216
11/17/2015,Central,Office Supplies,Supplies,Greg Hansen,40.92,5,0.2,3.069
03-04-2014,South,Office Supplies,Art,Sanjit Chand,15.552,3,0.2,2.3328
5/18/2017,South,Office Supplies,Appliances,Todd Boyes,17.24,2,0,4.4824
5/18/2017,South,Furniture,Bookcases,Todd Boyes,302.94,3,0,75.735
5/18/2017,South,Technology,Phones,Todd Boyes,34.75,5,0,15.6375
5/18/2017,South,Office Supplies,Binders,Todd Boyes,113.94,6,0,54.6912
5/18/2017,South,Technology,Phones,Todd Boyes,55.98,2,0,15.6744
9/22/2017,West,Office Supplies,Paper,David Wiener,27.18,3,0,12.231
3/21/2017,Central,Furniture,Chairs,Clay Ludtke,1805.88,6,0,523.7052
9/14/2017,East,Office Supplies,Art,Liz Thompson,70.95,3,0,18.447
11-03-2016,South,Office Supplies,Fasteners,Arthur Prichep,20,4,0,9.6
11-03-2016,South,Office Supplies,Art,Arthur Prichep,7.98,3,0,2.0748
11-03-2016,South,Furniture,Furnishings,Arthur Prichep,24.1,5,0,9.158
11-03-2016,South,Office Supplies,Art,Arthur Prichep,8.75,1,0,2.625
11-03-2016,South,Furniture,Tables,Arthur Prichep,842.94,3,0,160.1586
05-03-2016,Central,Office Supplies,Binders,Christy Brittain,2.182,1,0.8,-3.6003
05-03-2016,Central,Office Supplies,Art,Christy Brittain,27.384,7,0.2,2.7384
05-03-2016,Central,Office Supplies,Appliances,Christy Brittain,26.406,3,0.8,-71.2962
12/27/2016,Central,Office Supplies,Paper,Meg Tillman,10.368,2,0.2,3.6288
12/27/2016,Central,Office Supplies,Paper,Meg Tillman,23.68,4,0.2,7.4
7/22/2016,Central,Technology,Accessories,Dennis Kane,109.95,1,0,36.2835
7/22/2016,Central,Office Supplies,Storage,Dennis Kane,965.85,5,0,135.219
7/22/2016,Central,Office Supplies,Art,Dennis Kane,29.2,5,0,10.512
7/22/2016,Central,Office Supplies,Paper,Dennis Kane,32.4,5,0,15.552
11/16/2014,Central,Office Supplies,Envelopes,Steven Roelle,78.35,5,0,36.8245
11/16/2014,Central,Office Supplies,Paper,Steven Roelle,31.68,6,0,14.256
11/16/2014,Central,Office Supplies,Binders,Steven Roelle,29.12,4,0,14.2688
11/16/2014,Central,Office Supplies,Storage,Steven Roelle,169.45,5,0,42.3625
6/19/2015,West,Furniture,Furnishings,Logan Haushalter,12.56,2,0,4.0192
6/19/2015,West,Office Supplies,Paper,Logan Haushalter,6.48,1,0,3.1104
6/19/2015,West,Office Supplies,Envelopes,Logan Haushalter,186.69,3,0,87.7443
07-04-2016,West,Furniture,Furnishings,Anna Andreadi,25.4,5,0,8.636
07-04-2016,West,Office Supplies,Envelopes,Anna Andreadi,43.96,2,0,20.6612
07-04-2016,West,Furniture,Bookcases,Anna Andreadi,1279.165,5,0.15,225.735
07-04-2016,West,Office Supplies,Storage,Anna Andreadi,27.92,4,0,0.5584
09-03-2015,West,Furniture,Chairs,Ann Steele,129.568,2,0.2,-12.9568
09-03-2015,West,Office Supplies,Binders,Ann Steele,6.368,2,0.2,2.1492
08-07-2017,West,Office Supplies,Paper,Matt Collins,244.55,5,0,114.9385
3/13/2017,West,Office Supplies,Supplies,Sanjit Engle,1332.496,2,0.2,-299.8116
9/28/2017,West,Furniture,Furnishings,Darrin Sayre,32.776,1,0.2,3.2776
9/28/2017,West,Office Supplies,Storage,Darrin Sayre,147.184,2,0.2,-29.4368
9/28/2017,West,Technology,Accessories,Darrin Sayre,54.384,2,0.2,1.3596
9/28/2017,West,Office Supplies,Binders,Darrin Sayre,76.776,4,0.7,-58.8616
9/28/2017,West,Office Supplies,Paper,Darrin Sayre,14.352,3,0.2,5.2026
9/28/2017,West,Office Supplies,Appliances,Darrin Sayre,209.792,2,0.2,26.224
08-07-2015,West,Office Supplies,Binders,Noel Staavos,3.304,1,0.2,1.1151
11/24/2017,East,Office Supplies,Art,Kelly Andreada,16.38,9,0,7.371
11/24/2017,East,Office Supplies,Envelopes,Kelly Andreada,167.96,2,0,78.9412
11/24/2017,East,Furniture,Bookcases,Kelly Andreada,321.568,2,0.2,-16.0784
11/24/2017,East,Office Supplies,Paper,Kelly Andreada,12.96,2,0,6.2208
05-08-2017,East,Furniture,Chairs,Don Jones,128.058,3,0.3,-23.7822
9/29/2017,East,Furniture,Chairs,Maureen Gastineau,63.686,1,0.3,-15.4666
9/29/2017,East,Technology,Accessories,Maureen Gastineau,239.976,3,0.2,65.9934
9/29/2017,East,Furniture,Tables,Maureen Gastineau,344.22,2,0.4,-189.321
9/29/2017,East,Office Supplies,Paper,Maureen Gastineau,15.552,3,0.2,5.4432
9/29/2017,East,Furniture,Furnishings,Maureen Gastineau,21.248,4,0.2,7.4368
9/29/2017,East,Office Supplies,Paper,Maureen Gastineau,8.448,2,0.2,2.64
10/22/2017,Central,Office Supplies,Storage,Brian DeCherney,333.09,3,0,23.3163
10/22/2017,Central,Furniture,Tables,Brian DeCherney,248.98,2,0,54.7756
3/24/2014,East,Office Supplies,Paper,Carlos Daly,24.9,5,0,11.703
11-03-2016,West,Office Supplies,Fasteners,Xylona Preis,15.26,7,0,5.0358
11-03-2016,West,Office Supplies,Appliances,Xylona Preis,43.32,2,0,14.2956
11-03-2016,West,Office Supplies,Binders,Xylona Preis,43.584,12,0.2,15.7992
11-03-2016,West,Office Supplies,Paper,Xylona Preis,116.28,3,0,56.9772
11-03-2016,West,Office Supplies,Binders,Xylona Preis,9.296,2,0.2,3.0212
11-03-2016,West,Office Supplies,Paper,Xylona Preis,19.44,3,0,9.3312
11-03-2016,West,Office Supplies,Paper,Xylona Preis,314.55,3,0,150.984
09-05-2015,Central,Office Supplies,Binders,Cathy Armstrong,16.27,5,0.8,-25.2185
09-05-2015,Central,Office Supplies,Supplies,Cathy Armstrong,69.12,9,0.2,-14.688
09-05-2015,Central,Office Supplies,Binders,Cathy Armstrong,4.47,3,0.8,-7.8225
8/14/2017,West,Furniture,Tables,Janet Martin,418.296,3,0.2,5.2287
12-01-2014,East,Technology,Copiers,Joe Kamberova,659.988,2,0.4,109.998
12-01-2014,East,Furniture,Furnishings,Joe Kamberova,8.128,2,0.2,1.4224
12-01-2014,East,Office Supplies,Paper,Joe Kamberova,36.288,7,0.2,12.7008
12-01-2014,East,Furniture,Chairs,Joe Kamberova,909.72,6,0.3,-51.984
6/18/2017,West,Furniture,Bookcases,Craig Carreira,917.9235,9,0.15,75.5937
6/18/2017,West,Office Supplies,Paper,Craig Carreira,38.88,6,0,19.0512
12-02-2017,East,Office Supplies,Binders,Giulietta Weimer,631.176,4,0.7,-462.8624
11/21/2014,West,Office Supplies,Paper,Georgia Rosenberg,12.96,2,0,6.2208
04-10-2016,West,Office Supplies,Paper,Filia McAdams,12.96,2,0,6.2208
04-10-2016,West,Office Supplies,Binders,Filia McAdams,23.2,5,0.2,8.12
6/30/2014,Central,Office Supplies,Paper,Michael Stewart,25.92,5,0.2,9.072
6/30/2014,Central,Office Supplies,Fasteners,Michael Stewart,21.312,6,0.2,7.1928
12/24/2014,West,Technology,Phones,Ben Ferrer,173.656,7,0.2,17.3656
12/24/2014,West,Office Supplies,Appliances,Ben Ferrer,361.96,2,0,101.3488
12/24/2014,West,Technology,Accessories,Ben Ferrer,62.85,3,0,13.1985
12/24/2014,West,Technology,Phones,Ben Ferrer,818.376,3,0.2,51.1485
12/24/2014,West,Office Supplies,Storage,Ben Ferrer,20.34,1,0,0.2034
12/24/2014,West,Furniture,Furnishings,Ben Ferrer,23.99,1,0,5.5177
5/23/2017,West,Furniture,Tables,Vivek Sundaresam,171.288,3,0.2,-6.4233
11-10-2016,Central,Furniture,Furnishings,Kalyca Meade,37.3,2,0,17.158
11-10-2016,Central,Office Supplies,Binders,Kalyca Meade,81.96,2,0,39.3408
10-02-2016,West,Office Supplies,Binders,Liz Preis,54.792,6,0.7,-40.1808
09-06-2016,Central,Office Supplies,Storage,Bruce Geld,10.784,1,0.2,0.8088
10/27/2016,South,Furniture,Chairs,Ben Wallace,290.98,1,0,75.6548
10/22/2017,Central,Office Supplies,Art,Paul Stevenson,36.44,4,0,12.0252
9/15/2016,West,Office Supplies,Paper,Rob Beeghly,21.4,5,0,10.058
9/15/2016,West,Office Supplies,Binders,Rob Beeghly,48.664,7,0.2,15.8158
9/25/2016,West,Office Supplies,Art,Julia West,16.56,4,0,6.9552
06-10-2017,South,Office Supplies,Storage,Neil Ducich,1347.52,8,0.2,84.22
2/20/2014,Central,Technology,Accessories,Linda Cazamias,62.31,3,0,22.4316
2/20/2014,Central,Furniture,Furnishings,Linda Cazamias,20.32,4,0,6.9088
2/20/2017,West,Office Supplies,Fasteners,Bart Pistole,9.432,3,0.2,3.0654
11-02-2014,East,Office Supplies,Labels,Roger Demir,34.86,7,0,16.0356
11-02-2014,East,Furniture,Furnishings,Roger Demir,89.34,6,0,24.1218
7/17/2017,East,Technology,Phones,Bill Eplett,269.98,2,0,67.495
7/17/2017,East,Office Supplies,Paper,Bill Eplett,99.9,5,0,47.952
7/17/2017,East,Furniture,Furnishings,Bill Eplett,39.08,4,0,14.4596
09-08-2017,East,Technology,Accessories,Roland Schwarz,116.832,4,0.2,33.5892
11/14/2016,Central,Office Supplies,Binders,Kelly Collister,2.296,2,0.8,-3.9032
11/14/2016,East,Furniture,Chairs,Maria Bertelson,408.006,2,0.1,72.5344
11/14/2016,East,Office Supplies,Storage,Maria Bertelson,40.44,3,0,10.5144
10-10-2014,West,Furniture,Chairs,Tanja Norvell,122.352,3,0.2,13.7646
10-10-2014,West,Office Supplies,Envelopes,Tanja Norvell,15.28,2,0,7.4872
3/19/2015,West,Office Supplies,Paper,Mike Caudle,11.96,2,0,5.8604
07-08-2017,West,Furniture,Furnishings,Vicky Freymann,15.84,3,0,4.9104
07-08-2017,West,Office Supplies,Binders,Vicky Freymann,86.376,3,0.2,30.2316
07-08-2017,West,Office Supplies,Art,Vicky Freymann,18.24,3,0,6.2016
07-08-2017,West,Office Supplies,Art,Vicky Freymann,13.12,4,0,4.3296
2/27/2015,East,Technology,Phones,Erin Smith,105.98,2,0,1.0598
2/27/2015,East,Furniture,Tables,Erin Smith,493.92,7,0.3,-28.224
6/16/2017,Central,Office Supplies,Binders,Michael Kennedy,5.936,7,0.8,-8.904
3/30/2017,Central,Office Supplies,Envelopes,Tony Molinari,325.86,2,0,149.8956
07-12-2015,Central,Furniture,Chairs,Rob Lucas,383.607,9,0.3,-5.4801
07-12-2015,Central,Technology,Phones,Rob Lucas,148.48,2,0.2,16.704
07-12-2015,Central,Technology,Phones,Rob Lucas,537.544,7,0.2,53.7544
07-12-2015,Central,Office Supplies,Binders,Rob Lucas,1.928,2,0.8,-2.9884
07-12-2015,Central,Office Supplies,Art,Rob Lucas,6.912,3,0.2,0.6912
07-12-2015,Central,Furniture,Furnishings,Rob Lucas,7.76,1,0.6,-2.134
07-12-2015,Central,Technology,Phones,Rob Lucas,659.168,4,0.2,49.4376
4/30/2017,East,Office Supplies,Labels,Neoma Murray,5.76,2,0,2.8224
7/13/2014,West,Furniture,Tables,Grace Kelly,351.216,3,0.2,4.3902
12/27/2014,West,Furniture,Chairs,Jeremy Farry,230.28,3,0.2,23.028
12/27/2014,West,Office Supplies,Paper,Jeremy Farry,12.84,3,0,5.778
2/27/2016,Central,Office Supplies,Binders,Eric Barreto,56.82,3,0,28.41
3/23/2015,South,Office Supplies,Fasteners,Sheri Gordon,31.56,4,0,14.202
3/23/2015,South,Office Supplies,Storage,Sheri Gordon,27.92,4,0,0.5584
10/21/2017,West,Office Supplies,Binders,Natalie DeCherney,8.559,1,0.7,-6.5619
12/31/2014,Central,Office Supplies,Envelopes,Candace McMahon,49.568,2,0.2,17.9684
05-05-2014,Central,Furniture,Chairs,Emily Burns,127.869,3,0.3,-9.1335
12-04-2015,West,Office Supplies,Envelopes,Harry Marie,271.44,3,0,122.148
12-04-2015,West,Technology,Phones,Harry Marie,110.352,3,0.2,8.2764
12-04-2015,West,Furniture,Furnishings,Harry Marie,36.4,5,0,13.832
9/26/2017,South,Furniture,Chairs,Sanjit Jacobs,419.136,4,0.2,-57.6312
12-09-2014,West,Office Supplies,Storage,Dario Medina,100.704,6,0.2,-1.2588
12-03-2017,South,Office Supplies,Appliances,Matt Collins,45.216,3,0.2,4.5216
12-03-2017,South,Office Supplies,Binders,Matt Collins,28.782,6,0.7,-21.1068
12-03-2017,South,Office Supplies,Paper,Matt Collins,24.448,4,0.2,8.8624
11-08-2015,Central,Office Supplies,Binders,Duane Benoit,10.476,6,0.8,-17.2854
4/19/2014,West,Furniture,Furnishings,Nicole Fjeld,76.14,3,0,26.649
5/25/2015,Central,Office Supplies,Art,Nathan Mautz,21.24,3,0,8.0712
5/25/2015,Central,Office Supplies,Binders,Nathan Mautz,127.96,2,0,60.1412
7/17/2017,West,Technology,Copiers,Alejandro Ballentine,479.984,2,0.2,89.997
12-12-2016,Central,Technology,Phones,Matthew Grinstein,657.93,7,0,184.2204
12-12-2016,Central,Furniture,Furnishings,Matthew Grinstein,33.48,4,0,8.7048
12-12-2016,Central,Office Supplies,Art,Matthew Grinstein,13.9,5,0,3.614
12-12-2016,Central,Office Supplies,Storage,Matthew Grinstein,26.86,2,0,6.715
04-11-2014,West,Office Supplies,Binders,Sanjit Engle,9.584,1,0.2,3.3544
06-09-2015,South,Office Supplies,Binders,Anthony Garverick,113.1,3,0,56.55
7/27/2014,East,Office Supplies,Paper,Aaron Smayling,65.78,11,0,32.2322
7/31/2015,South,Technology,Accessories,Allen Rosenblatt,239.7,6,0,105.468
9/19/2016,East,Furniture,Furnishings,Anne Pryor,25.632,3,0.2,3.8448
06-10-2016,East,Office Supplies,Labels,Joy Bell-,23.616,8,0.2,7.9704
8/26/2016,West,Office Supplies,Art,Tom Stivers,8.26,2,0,3.7996
11-02-2017,West,Office Supplies,Envelopes,Nancy Lomonaco,76.58,7,0,38.29
11-02-2017,West,Office Supplies,Art,Nancy Lomonaco,8.8,5,0,4.224
11-02-2017,West,Office Supplies,Binders,Nancy Lomonaco,590.352,6,0.2,206.6232
11-02-2017,West,Office Supplies,Fasteners,Nancy Lomonaco,5.58,3,0,0.1674
11-02-2017,West,Furniture,Furnishings,Nancy Lomonaco,25.02,3,0,10.5084
11-02-2017,West,Office Supplies,Storage,Nancy Lomonaco,452.55,7,0,22.6275
12/26/2016,West,Office Supplies,Supplies,Mike Caudle,17.76,2,0,4.9728
12/26/2016,West,Technology,Phones,Mike Caudle,302.384,2,0.2,30.2384
12/26/2016,West,Furniture,Chairs,Mike Caudle,146.352,3,0.2,-5.4882
12/26/2016,West,Office Supplies,Appliances,Mike Caudle,7.9,2,0,2.054
12/26/2016,West,Furniture,Tables,Mike Caudle,902.712,3,0.2,33.8517
12/26/2016,West,Office Supplies,Art,Mike Caudle,53.97,3,0,15.1116
12-05-2016,East,Office Supplies,Art,Tony Chapman,33.92,8,0,13.2288
8/28/2017,Central,Office Supplies,Supplies,Matthew Grinstein,21.81,3,0,5.8887
8/28/2017,Central,Office Supplies,Appliances,Matthew Grinstein,91.6,5,0,26.564
7/16/2015,East,Furniture,Chairs,Michael Granlund,150.98,1,0,43.7842
7/16/2015,East,Office Supplies,Envelopes,Michael Granlund,137.25,9,0,63.135
7/16/2015,East,Office Supplies,Fasteners,Michael Granlund,11.52,4,0,5.4144
5/26/2015,South,Office Supplies,Paper,Ben Ferrer,18.272,1,0.2,5.9384
5/26/2015,South,Office Supplies,Paper,Ben Ferrer,153.728,4,0.2,53.8048
5/26/2015,South,Office Supplies,Envelopes,Ben Ferrer,12.224,2,0.2,4.4312
5/26/2015,South,Technology,Accessories,Ben Ferrer,167.944,7,0.2,50.3832
5/28/2015,East,Technology,Phones,Maxwell Schwartz,45.99,1,0,13.3371
5/28/2015,East,Office Supplies,Storage,Maxwell Schwartz,535.41,3,0,160.623
5/28/2015,East,Office Supplies,Binders,Maxwell Schwartz,6.096,2,0.2,2.0574
5/28/2015,East,Office Supplies,Paper,Maxwell Schwartz,45.36,7,0,21.7728
11-09-2017,West,Furniture,Furnishings,Joel Eaton,47.12,8,0,20.7328
1/24/2016,South,Office Supplies,Binders,Henry Goldwyn,31.36,4,0,15.68
12/31/2016,South,Office Supplies,Art,Emily Phan,47.616,3,0.2,3.5712
12/31/2016,South,Office Supplies,Paper,Emily Phan,23.48,5,0.2,8.218
09-05-2016,Central,Office Supplies,Appliances,Gary Hansen,62.79,3,0.8,-166.3935
09-05-2016,Central,Office Supplies,Fasteners,Gary Hansen,28.44,9,0.2,4.266
09-04-2015,Central,Technology,Accessories,David Smith,134.376,3,0.2,6.7188
9/21/2015,East,Technology,Phones,Tracy Hopkins,589.9,2,0,147.475
9/21/2015,East,Furniture,Chairs,Tracy Hopkins,542.94,3,0,141.1644
12/24/2017,West,Technology,Copiers,Robert Marley,2879.952,6,0.2,1007.9832
12/24/2017,West,Office Supplies,Binders,Robert Marley,90.48,3,0.2,33.93
10-05-2015,East,Office Supplies,Storage,Sylvia Foulston,77.55,5,0,21.714
09-09-2017,South,Office Supplies,Supplies,Sean O'Donnell,8.832,3,0.2,-1.9872
09-09-2017,South,Office Supplies,Paper,Sean O'Donnell,177.536,4,0.2,62.1376
09-09-2017,South,Office Supplies,Storage,Sean O'Donnell,258.48,2,0.2,-3.231
09-09-2017,South,Furniture,Furnishings,Sean O'Donnell,14.136,3,0.2,4.2408
11/13/2016,East,Office Supplies,Storage,Cyma Kinney,77.55,5,0,20.163
11/13/2016,East,Office Supplies,Storage,Cyma Kinney,24.88,2,0,6.9664
11/13/2016,East,Office Supplies,Art,Cyma Kinney,140.75,5,0,39.41
11/13/2016,East,Office Supplies,Storage,Cyma Kinney,36.63,3,0,9.8901
10/15/2015,Central,Furniture,Furnishings,Guy Armstrong,17.14,2,0,6.1704
08-03-2017,West,Office Supplies,Labels,Bruce Degenhardt,51.75,5,0,24.84
08-03-2017,West,Furniture,Furnishings,Bruce Degenhardt,123.96,3,0,11.1564
8/21/2015,West,Furniture,Bookcases,David Smith,586.398,6,0.15,34.494
8/21/2015,West,Office Supplies,Storage,David Smith,80.98,1,0,3.2392
03-12-2017,West,Office Supplies,Storage,Bill Stewart,242.94,3,0,9.7176
4/27/2017,West,Office Supplies,Art,Arthur Prichep,123.92,4,0,33.4584
4/27/2017,West,Office Supplies,Art,Arthur Prichep,12.39,3,0,5.6994
4/27/2017,West,Office Supplies,Art,Arthur Prichep,47.3,2,0,12.298
09-11-2016,South,Technology,Copiers,Jill Fjeld,1599.92,8,0,751.9624
09-11-2016,South,Office Supplies,Envelopes,Jill Fjeld,11.09,1,0,5.4341
10/22/2017,West,Office Supplies,Binders,Helen Abelman,3.168,4,0.7,-2.5344
10/22/2017,West,Furniture,Chairs,Helen Abelman,579.136,4,0.2,-28.9568
08-02-2015,West,Office Supplies,Binders,Corey-Lock,6.368,2,0.2,2.1492
08-02-2015,West,Technology,Machines,Corey-Lock,558.4,2,0.2,41.88
08-12-2016,East,Furniture,Chairs,Becky Castell,145.764,2,0.1,-8.098
5/30/2014,South,Office Supplies,Paper,Ellis Ballard,13.62,3,0,6.129
4/26/2016,East,Furniture,Chairs,Dennis Bolton,434.646,3,0.1,62.7822
5/14/2017,West,Office Supplies,Paper,Ken Black,440.19,9,0,206.8893
5/14/2017,West,Office Supplies,Supplies,Ken Black,64.4,5,0,1.932
04-08-2017,West,Office Supplies,Paper,Adrian Hane,244.55,5,0,114.9385
04-08-2017,West,Office Supplies,Paper,Adrian Hane,195.76,4,0,97.88
2/17/2017,East,Office Supplies,Paper,Gary Hansen,11.76,2,0,5.7624
2/17/2017,East,Office Supplies,Storage,Gary Hansen,166.45,5,0,39.948
6/24/2017,West,Office Supplies,Fasteners,Kean Thornton,2.88,1,0,1.3536
05-05-2014,Central,Office Supplies,Storage,Katharine Harms,45.248,2,0.2,3.9592
05-03-2015,East,Office Supplies,Art,Stewart Visinsky,59.904,2,0.2,14.2272
05-03-2015,East,Office Supplies,Appliances,Stewart Visinsky,23.696,2,0.2,6.5164
05-03-2015,East,Office Supplies,Paper,Stewart Visinsky,7.968,2,0.2,2.8884
05-03-2015,East,Office Supplies,Appliances,Stewart Visinsky,18.2,7,0.2,2.0475
05-03-2015,East,Technology,Accessories,Stewart Visinsky,27.552,3,0.2,-0.3444
05-03-2015,East,Furniture,Chairs,Stewart Visinsky,844.116,6,0.3,-36.1764
05-03-2015,East,Office Supplies,Storage,Stewart Visinsky,76.752,3,0.2,-9.594
9/18/2016,South,Office Supplies,Labels,Patrick O'Brill,3,1,0.2,1.05
9/22/2016,South,Office Supplies,Binders,Amy Cox,7.506,9,0.7,-6.0048
9/22/2016,South,Office Supplies,Labels,Amy Cox,16.56,2,0.2,5.796
01-10-2016,West,Furniture,Furnishings,Ken Black,79.92,4,0,34.3656
01-10-2016,West,Technology,Accessories,Ken Black,69.98,2,0,13.2962
05-06-2017,Central,Office Supplies,Binders,Dorothy Badders,11.06,10,0.8,-18.802
05-06-2017,Central,Furniture,Bookcases,Dorothy Badders,623.4648,7,0.32,-119.1918
05-06-2017,Central,Office Supplies,Storage,Dorothy Badders,772.68,5,0.2,-57.951
7/31/2016,Central,Office Supplies,Appliances,Ken Lonsdale,283.14,4,0.1,72.358
7/31/2016,Central,Technology,Phones,Ken Lonsdale,635.96,4,0,165.3496
7/31/2016,Central,Technology,Phones,Ken Lonsdale,118.99,1,0,33.3172
7/31/2016,Central,Furniture,Furnishings,Ken Lonsdale,272.94,3,0,30.0234
3/27/2017,East,Furniture,Furnishings,Alejandro Grove,15.008,2,0.2,1.5008
3/14/2014,West,Office Supplies,Binders,Jason Fortune-,33.088,4,0.2,11.1672
3/14/2014,West,Office Supplies,Storage,Jason Fortune-,80.98,1,0,3.2392
3/14/2014,West,Technology,Accessories,Jason Fortune-,82.8,12,0,6.624
3/14/2014,West,Office Supplies,Storage,Jason Fortune-,21.36,2,0,5.7672
3/14/2014,West,Office Supplies,Binders,Jason Fortune-,62.048,2,0.2,20.1656
7/14/2016,East,Office Supplies,Fasteners,Richard Eichhorn,29.61,9,0,13.3245
12-01-2016,South,Technology,Phones,Mike Vittorini,863.928,9,0.2,86.3928
8/29/2016,East,Furniture,Tables,George Bell,241.92,4,0.4,-56.448
8/29/2016,East,Furniture,Bookcases,George Bell,163.88,4,0.5,-81.94
8/29/2016,East,Office Supplies,Binders,George Bell,3.486,2,0.7,-2.7888
8/29/2016,East,Office Supplies,Fasteners,George Bell,10.584,7,0.2,-2.3814
6/24/2016,Central,Technology,Phones,Hunter Lopez,440.91,9,0,123.4548
3/30/2017,East,Office Supplies,Binders,Becky Pak,5.715,5,0.7,-4.7625
12/20/2014,West,Furniture,Furnishings,Carol Triggs,51.968,2,0.2,10.3936
12/20/2014,West,Technology,Accessories,Carol Triggs,71.976,3,0.2,21.5928
12/20/2014,West,Furniture,Chairs,Carol Triggs,242.352,3,0.2,-42.4116
12/20/2014,West,Office Supplies,Paper,Carol Triggs,221.92,5,0.2,77.672
12/20/2014,West,Office Supplies,Paper,Carol Triggs,8.448,2,0.2,2.64
12/17/2015,Central,Office Supplies,Binders,John Lee,29.52,4,0,14.4648
12/17/2015,Central,Furniture,Chairs,John Lee,302.94,3,0,48.4704
12/17/2015,Central,Furniture,Chairs,John Lee,142.36,2,0,38.4372
12/17/2015,Central,Furniture,Chairs,John Lee,546.66,9,0,136.665
12/17/2015,Central,Furniture,Furnishings,John Lee,212.13,3,0,14.8491
05-11-2017,Central,Office Supplies,Art,Julie Kriz,5.248,2,0.2,0.5904
05-11-2017,Central,Office Supplies,Storage,Julie Kriz,74.416,2,0.2,-14.8832
05-11-2017,Central,Office Supplies,Paper,Julie Kriz,6.848,2,0.2,2.14
05-11-2017,Central,Furniture,Furnishings,Julie Kriz,7.996,1,0.6,-6.9965
6/24/2016,Central,Office Supplies,Appliances,Dave Hallsten,8.712,2,0.8,-19.602
5/17/2016,East,Office Supplies,Supplies,Arthur Gainer,65.17,7,0,18.8993
5/17/2016,East,Office Supplies,Labels,Arthur Gainer,14.62,2,0,6.8714
5/17/2016,East,Furniture,Furnishings,Arthur Gainer,173.24,4,0,17.324
6/29/2017,West,Office Supplies,Binders,William Brown,895.92,5,0.2,302.373
6/29/2017,West,Office Supplies,Storage,William Brown,130.71,3,0,39.213
6/29/2017,West,Office Supplies,Art,William Brown,11.68,2,0,3.0368
6/29/2017,West,Technology,Accessories,William Brown,62.31,3,0,22.4316
3/31/2014,East,Office Supplies,Binders,Jas O'Carroll,0.852,1,0.7,-0.5964
12/16/2014,Central,Office Supplies,Paper,Ed Jacobs,36.288,7,0.2,12.7008
12/16/2014,Central,Furniture,Furnishings,Ed Jacobs,56.568,2,0.6,-74.9526
5/18/2017,West,Technology,Phones,Adrian Barton,344.704,2,0.2,38.7792
05-12-2015,West,Technology,Phones,Larry Tron,201.584,2,0.2,20.1584
12-03-2017,West,Furniture,Tables,Corinna Mitchell,521.96,2,0,88.7332
12-12-2015,East,Office Supplies,Art,Eric Murdock,8.22,3,0,2.2194
10-10-2015,West,Office Supplies,Paper,Denny Joy,45.36,7,0,21.7728
4/18/2015,West,Office Supplies,Storage,Deanra Eno,947.17,7,0,9.4717
4/18/2015,West,Office Supplies,Paper,Deanra Eno,61.96,2,0,27.882
06-07-2014,Central,Furniture,Tables,Nick Radford,268.935,3,0.5,-209.7693
09-01-2017,West,Office Supplies,Art,Christine Kargatis,7.58,1,0,2.9562
5/22/2016,South,Office Supplies,Labels,Jeremy Farry,14.73,3,0,7.2177
11-11-2016,South,Office Supplies,Binders,Laurel Beltran,9.888,2,0.7,-6.9216
11-11-2016,South,Office Supplies,Appliances,Laurel Beltran,671.544,3,0.2,50.3658
11/25/2014,East,Office Supplies,Storage,Mike Pelletier,1117.92,4,0,55.896
11/25/2014,East,Furniture,Bookcases,Mike Pelletier,275.952,3,0.2,-37.9434
11-07-2014,West,Office Supplies,Binders,Lena Hernandez,123.144,7,0.2,46.179
7/18/2016,Central,Technology,Accessories,Susan Vittorini,15.576,3,0.2,3.3099
3/29/2015,West,Office Supplies,Paper,Richard Bierner,212.64,6,0,99.9408
3/29/2015,West,Office Supplies,Paper,Richard Bierner,9.87,3,0,4.5402
3/29/2015,West,Technology,Accessories,Richard Bierner,53.25,3,0,20.7675
3/29/2015,West,Furniture,Furnishings,Richard Bierner,19.92,3,0,9.5616
04-07-2016,East,Furniture,Chairs,Dorris liebe,658.746,3,0.1,146.388
6/13/2015,East,Office Supplies,Binders,Penelope Sewall,8.26,2,0,3.8822
6/13/2015,East,Office Supplies,Binders,Penelope Sewall,29.84,2,0,13.428
6/13/2015,East,Technology,Accessories,Penelope Sewall,67.98,2,0,14.9556
2/18/2015,West,Office Supplies,Labels,Guy Thornton,61.06,2,0,28.0876
2/18/2015,West,Furniture,Tables,Guy Thornton,35.544,1,0.2,-0.8886
11-12-2017,West,Office Supplies,Labels,Christine Sundaresam,9.96,2,0,4.5816
11-12-2017,West,Office Supplies,Art,Christine Sundaresam,9.21,3,0,2.3025
11-12-2017,West,Office Supplies,Supplies,Christine Sundaresam,27.93,3,0,8.0997
03-05-2017,Central,Office Supplies,Fasteners,Julia Dunbar,7.9,2,0,2.528
03-05-2017,Central,Office Supplies,Storage,Julia Dunbar,221.16,4,0,57.5016
03-05-2017,Central,Office Supplies,Binders,Julia Dunbar,127.96,2,0,62.7004
03-05-2017,Central,Office Supplies,Binders,Julia Dunbar,18.69,3,0,9.1581
03-03-2016,West,Office Supplies,Supplies,Theresa Swint,25.35,3,0,7.605
03-03-2016,West,Furniture,Furnishings,Theresa Swint,35.28,3,0,11.9952
12/24/2016,West,Office Supplies,Paper,Benjamin Venier,33.4,5,0,16.032
10-07-2016,West,Technology,Machines,Dionis Lloyd,837.6,3,0.2,62.82
12-09-2016,South,Technology,Phones,Emily Burns,40.68,3,0.2,-9.153
11/20/2017,South,Furniture,Chairs,Erica Smith,209.568,2,0.2,-23.5764
12-12-2015,Central,Technology,Accessories,Joni Blumstein,22.368,4,0.2,6.4308
02-03-2017,South,Office Supplies,Binders,Shahid Collister,3.882,2,0.7,-2.588
02-03-2017,South,Office Supplies,Paper,Shahid Collister,115.296,3,0.2,40.3536
9/21/2017,East,Office Supplies,Binders,Emily Burns,1.908,2,0.7,-1.5264
4/30/2017,Central,Office Supplies,Binders,Tony Chapman,43.372,7,0.8,-69.3952
11-03-2014,East,Technology,Phones,Speros Goranitis,783.96,4,0,219.5088
11-03-2014,East,Office Supplies,Binders,Speros Goranitis,48.896,2,0.2,18.336
11-03-2014,East,Office Supplies,Binders,Speros Goranitis,7.856,2,0.2,2.8478
12/30/2016,East,Office Supplies,Labels,Bryan Mills,5.904,2,0.2,1.9926
12/30/2016,East,Office Supplies,Supplies,Bryan Mills,13.712,2,0.2,1.0284
9/17/2014,West,Office Supplies,Envelopes,Nick Radford,182.94,3,0,85.9818
11/24/2017,West,Office Supplies,Art,Patrick Gardner,27.76,4,0,9.9936
4/24/2015,East,Office Supplies,Art,Deborah Brumfield,25.99,1,0,7.5371
03-09-2015,Central,Technology,Accessories,Noel Staavos,113.52,5,0.2,29.799
03-09-2015,Central,Technology,Phones,Noel Staavos,359.88,3,0.2,22.4925
06-02-2017,South,Office Supplies,Paper,Cari Schnelling,25.344,4,0.2,9.1872
9/19/2016,West,Office Supplies,Binders,Chuck Clark,11.952,3,0.2,4.1832
9/19/2016,West,Office Supplies,Supplies,Chuck Clark,6.24,3,0,1.872
10/31/2014,West,Technology,Phones,Amy Cox,742.336,8,0.2,83.5128
11/23/2017,Central,Furniture,Furnishings,Christopher Martinez,6.464,1,0.6,-4.04
11/23/2017,Central,Office Supplies,Labels,Christopher Martinez,11.52,5,0.2,4.176
11/23/2017,Central,Technology,Phones,Christopher Martinez,222.384,2,0.2,16.6788
11/16/2017,West,Office Supplies,Art,Eileen Kiefer,23.36,4,0,6.0736
2/19/2016,East,Office Supplies,Labels,Cyma Kinney,8.67,3,0,4.0749
2/19/2016,East,Office Supplies,Supplies,Cyma Kinney,25.71,3,0,6.6846
11-07-2017,East,Office Supplies,Appliances,Pete Kriz,100.94,7,0,33.3102
07-08-2014,East,Furniture,Chairs,Michelle Huthwaite,63.882,1,0.1,10.647
11-07-2014,Central,Furniture,Chairs,Steven Cartwright,683.144,4,0.3,0
11-07-2014,Central,Office Supplies,Binders,Steven Cartwright,1.476,3,0.8,-2.214
11-07-2014,Central,Office Supplies,Supplies,Steven Cartwright,40.712,7,0.2,3.5623
1/28/2017,Central,Office Supplies,Paper,Giulietta Baptist,279.9,5,0,137.151
12-11-2015,West,Office Supplies,Art,Irene Maddox,13.12,5,0.2,1.148
12-11-2015,West,Furniture,Bookcases,Irene Maddox,69.576,4,0.7,-143.7904
12-11-2015,West,Office Supplies,Art,Irene Maddox,4.224,3,0.2,0.4752
12-11-2015,West,Technology,Accessories,Irene Maddox,58.08,4,0.2,-6.534
12-11-2015,West,Furniture,Furnishings,Irene Maddox,52.416,9,0.2,15.0696
12-11-2015,West,Furniture,Furnishings,Irene Maddox,54.92,5,0.2,10.984
12-11-2015,West,Furniture,Tables,Irene Maddox,364.95,5,0.5,-248.166
12-11-2015,West,Office Supplies,Paper,Irene Maddox,85.056,3,0.2,28.7064
12-11-2015,West,Office Supplies,Paper,Irene Maddox,27.696,3,0.2,9.6936
6/29/2015,East,Office Supplies,Paper,Michelle Moray,24.96,4,0,11.232
3/16/2015,West,Furniture,Furnishings,Monica Federle,43.13,1,0,18.1146
8/13/2015,South,Office Supplies,Binders,Clytie Kelty,5.64,3,0,2.7072
5/14/2016,South,Office Supplies,Binders,Michael Kennedy,57.582,3,0.7,-44.1462
5/14/2016,South,Office Supplies,Paper,Michael Kennedy,31.104,6,0.2,10.8864
5/14/2016,South,Furniture,Furnishings,Michael Kennedy,30.192,3,0.2,8.3028
5/14/2016,South,Technology,Phones,Michael Kennedy,43.6,5,0.2,4.36
5/14/2016,South,Office Supplies,Art,Michael Kennedy,4.768,2,0.2,0.4172
5/14/2016,South,Office Supplies,Binders,Michael Kennedy,10.38,2,0.7,-7.612
5/14/2016,South,Office Supplies,Binders,Michael Kennedy,13.392,8,0.7,-9.8208
7/13/2017,East,Technology,Phones,Mark Hamilton,39.594,1,0.4,-7.2589
7/13/2017,East,Furniture,Furnishings,Mark Hamilton,91.008,9,0.2,19.3392
11/22/2015,West,Office Supplies,Paper,Nathan Gelder,37.94,2,0,18.2112
11/22/2015,West,Office Supplies,Paper,Nathan Gelder,42.8,10,0,19.26
11/22/2015,West,Office Supplies,Storage,Nathan Gelder,33.63,3,0,10.089
11/23/2014,East,Office Supplies,Envelopes,Phillip Breyer,62.808,3,0.2,21.1977
12/27/2015,Central,Office Supplies,Paper,Richard Eichhorn,195.64,4,0,91.9508
12/27/2015,Central,Technology,Phones,Richard Eichhorn,239.9,2,0,71.97
11/14/2016,East,Furniture,Chairs,Eugene Barchas,380.058,3,0.3,-21.7176
11/14/2016,East,Technology,Copiers,Eugene Barchas,1199.976,4,0.4,179.9964
11/14/2016,East,Furniture,Furnishings,Eugene Barchas,48.576,3,0.2,9.7152
05-08-2016,West,Office Supplies,Paper,Trudy Brown,17.94,3,0,8.073
12/26/2014,East,Office Supplies,Paper,Maureen Gnade,18.264,3,0.2,6.1641
12/26/2014,East,Office Supplies,Appliances,Maureen Gnade,34.656,2,0.2,5.6316
12/26/2014,East,Office Supplies,Appliances,Maureen Gnade,81.552,2,0.2,8.1552
12/26/2014,East,Office Supplies,Storage,Maureen Gnade,227.136,4,0.2,-42.588
06-08-2017,East,Office Supplies,Binders,Liz Willingham,10.36,2,0,5.0764
04-07-2015,Central,Office Supplies,Appliances,Peter Fuller,463.248,8,0.8,-1181.2824
04-07-2015,Central,Technology,Accessories,Peter Fuller,383.952,6,0.2,47.994
07-10-2016,West,Office Supplies,Binders,Nick Zandusky,44.856,6,0.7,-35.8848
11/21/2016,East,Technology,Machines,Chloris Kastensmidt,30.345,7,0.7,-24.276
11/21/2016,East,Furniture,Chairs,Chloris Kastensmidt,127.554,3,0.3,-9.111
11/21/2016,East,Furniture,Furnishings,Chloris Kastensmidt,77.952,3,0.2,15.5904
11-12-2017,West,Office Supplies,Binders,Jim Epp,14.016,4,0.2,4.9056
11-01-2014,South,Office Supplies,Storage,Jack O'Briant,69.52,2,0,19.4656
11-01-2014,South,Office Supplies,Art,Jack O'Briant,5.64,3,0,1.6356
5/15/2016,East,Office Supplies,Binders,Thomas Thornton,13.776,3,0.2,4.4772
11-07-2014,Central,Office Supplies,Appliances,Maribeth Schnelling,245.88,6,0,68.8464
11-07-2014,Central,Office Supplies,Storage,Maribeth Schnelling,36.63,3,0,9.8901
11-07-2014,Central,Office Supplies,Storage,Maribeth Schnelling,22.58,2,0,5.8708
11-07-2014,Central,Office Supplies,Binders,Maribeth Schnelling,12.39,3,0,5.8233
10-05-2017,West,Office Supplies,Binders,Mike Pelletier,39.92,5,0.2,13.473
10-05-2017,West,Office Supplies,Paper,Mike Pelletier,61.96,2,0,27.882
10-05-2017,West,Office Supplies,Binders,Mike Pelletier,19.936,4,0.2,7.2268
06-01-2017,East,Office Supplies,Binders,Fred Harton,3.798,2,0.7,-2.6586
06-01-2017,East,Office Supplies,Paper,Fred Harton,27.744,6,0.2,10.0572
06-01-2017,East,Technology,Phones,Fred Harton,158.376,4,0.4,-34.3148
11/20/2017,South,Furniture,Furnishings,Sample Company A,27.58,2,0,11.5836
12/23/2016,East,Office Supplies,Binders,Neoma Murray,5.553,3,0.7,-4.0722
9/29/2017,South,Office Supplies,Storage,Jas O'Carroll,243.92,5,0.2,-54.882
11-07-2016,East,Office Supplies,Fasteners,Cindy Chapman,14.96,4,0,0.2992
04-04-2014,West,Office Supplies,Binders,Mary Zewe,7.184,2,0.2,2.245
7/23/2015,East,Office Supplies,Binders,Melanie Seite,10.512,3,0.2,3.6792
6/25/2014,West,Technology,Phones,Grace Kelly,263.96,5,0.2,19.797
6/25/2014,West,Office Supplies,Art,Grace Kelly,71.632,11,0.2,17.908
6/25/2014,West,Office Supplies,Art,Grace Kelly,9.328,1,0.2,0.8162
09-08-2014,West,Office Supplies,Art,Marc Crier,5.88,2,0,2.646
09-08-2014,West,Furniture,Chairs,Marc Crier,975.92,5,0.2,121.99
09-08-2014,West,Office Supplies,Art,Marc Crier,303.84,8,0,91.152
09-08-2014,West,Office Supplies,Storage,Marc Crier,485.88,6,0,19.4352
12-12-2014,West,Furniture,Furnishings,Logan Haushalter,12.54,3,0,4.5144
12-12-2014,West,Office Supplies,Storage,Logan Haushalter,8.94,3,0,0.6258
12-12-2014,West,Furniture,Furnishings,Logan Haushalter,9.24,3,0,4.4352
1/13/2015,West,Office Supplies,Binders,Philip Brown,70.008,3,0.2,24.5028
1/13/2015,West,Furniture,Furnishings,Philip Brown,77.6,4,0,38.024
1/13/2015,West,Furniture,Furnishings,Philip Brown,464.85,9,0,92.97
12/15/2017,Central,Office Supplies,Art,Saphhira Shifley,10.192,7,0.2,1.0192
12/18/2016,East,Office Supplies,Binders,Grace Kelly,1793.98,2,0,843.1706
04-11-2014,Central,Technology,Phones,Gary Mitchum,758.352,6,0.2,265.4232
11-10-2016,East,Office Supplies,Binders,Sally Hughsby,20.368,1,0.2,7.3834
11-10-2016,East,Office Supplies,Binders,Sally Hughsby,49.848,3,0.2,16.8237
6/26/2017,East,Technology,Phones,Steven Cartwright,239.97,3,0,67.1916
11/13/2017,West,Furniture,Chairs,Ted Trevino,2404.704,6,0.2,150.294
11/13/2017,West,Office Supplies,Binders,Ted Trevino,563.024,11,0.2,190.0206
11/13/2017,West,Office Supplies,Storage,Ted Trevino,344.91,3,0,10.3473
11/13/2017,West,Office Supplies,Labels,Ted Trevino,8.64,3,0,4.2336
11/24/2017,East,Technology,Phones,Shaun Chance,89.988,2,0.4,-14.998
11/24/2017,East,Office Supplies,Paper,Shaun Chance,229.544,7,0.2,83.2097
5/23/2017,Central,Office Supplies,Fasteners,Ken Lonsdale,1.824,2,0.2,0.6156
5/23/2017,Central,Office Supplies,Appliances,Ken Lonsdale,18.32,5,0.8,-46.716
5/23/2017,Central,Office Supplies,Storage,Ken Lonsdale,48.816,3,0.2,-11.5938
5/23/2017,Central,Office Supplies,Binders,Ken Lonsdale,1.188,1,0.8,-1.9602
12-02-2014,East,Technology,Accessories,Katherine Nockton,119.8,5,0.2,29.95
10-03-2014,South,Office Supplies,Storage,Sara Luxemburg,61.568,2,0.2,4.6176
10-03-2014,South,Office Supplies,Art,Sara Luxemburg,6.192,3,0.2,0.4644
7/29/2016,South,Office Supplies,Binders,Pierre Wener,2.214,3,0.7,-1.476
11-02-2017,South,Office Supplies,Envelopes,Thomas Boland,5.32,2,0,2.6068
11-02-2017,South,Furniture,Chairs,Thomas Boland,975.92,4,0,292.776
11-02-2017,South,Technology,Accessories,Thomas Boland,2249.91,9,0,517.4793
11-02-2017,South,Office Supplies,Storage,Thomas Boland,59.92,4,0,16.7776
03-08-2017,West,Office Supplies,Binders,Alan Hwang,171.2,5,0.2,64.2
03-08-2017,West,Office Supplies,Art,Alan Hwang,3.36,2,0,0.8736
12/16/2014,Central,Office Supplies,Paper,Steve Chapman,114.2,5,0,52.532
11/28/2016,South,Furniture,Chairs,Randy Ferguson,182.67,3,0,52.9743
11/28/2016,South,Technology,Accessories,Randy Ferguson,101.7,6,0,6.102
11/28/2016,South,Office Supplies,Storage,Randy Ferguson,1126.02,3,0,56.301
11/28/2016,South,Office Supplies,Storage,Randy Ferguson,1263.3,6,0,315.825
12/23/2016,West,Office Supplies,Art,Edward Hooks,8.82,3,0,2.5578
12/23/2016,West,Office Supplies,Paper,Edward Hooks,37.94,2,0,18.2112
12/23/2016,West,Office Supplies,Art,Edward Hooks,4.2,2,0,1.176
12/23/2016,West,Office Supplies,Storage,Edward Hooks,227.28,2,0,2.2728
12/23/2016,West,Office Supplies,Paper,Edward Hooks,47.9,1,0,22.992
12/23/2016,West,Office Supplies,Envelopes,Edward Hooks,61.96,2,0,30.3604
12/23/2016,West,Office Supplies,Storage,Edward Hooks,1117.92,4,0,55.896
10/15/2014,East,Furniture,Chairs,Anna Chung,183.372,2,0.3,-7.8588
10/15/2014,East,Office Supplies,Paper,Anna Chung,7.968,2,0.2,2.8884
8/22/2016,West,Office Supplies,Binders,Sheri Gordon,26.352,8,0.7,-18.4464
12/17/2017,West,Office Supplies,Storage,Christine Abelman,481.32,4,0,125.1432
12/17/2017,West,Office Supplies,Supplies,Christine Abelman,13.98,1,0,3.6348
03-07-2017,East,Office Supplies,Binders,Shahid Hopkins,25.92,6,0.2,9.072
03-07-2017,East,Office Supplies,Labels,Shahid Hopkins,91.59,3,0,42.1314
12-01-2014,Central,Furniture,Chairs,Matt Connell,674.058,3,0.3,-19.2588
10/14/2014,East,Office Supplies,Binders,Jim Epp,22.92,4,0,11.0016
10/14/2014,East,Office Supplies,Storage,Jim Epp,269.9,5,0,16.194
11/18/2014,East,Office Supplies,Binders,MaryBeth Skach,11.808,8,0.7,-8.6592
11/18/2014,East,Technology,Phones,MaryBeth Skach,9.588,2,0.4,-2.0774
1/14/2017,South,Office Supplies,Envelopes,Brosina Hoffman,18.336,3,0.2,6.6468
1/14/2017,South,Office Supplies,Paper,Brosina Hoffman,36.288,7,0.2,12.7008
1/14/2017,South,Technology,Phones,Brosina Hoffman,111.984,2,0.2,6.999
1/14/2017,South,Office Supplies,Binders,Brosina Hoffman,5.97,5,0.7,-4.577
1/14/2017,South,Office Supplies,Binders,Brosina Hoffman,2.508,2,0.7,-1.8392
9/24/2015,West,Office Supplies,Art,Max Engle,35.96,2,0,10.4284
9/24/2015,West,Office Supplies,Binders,Max Engle,14.952,3,0.2,5.4201
10-09-2017,Central,Office Supplies,Art,Maria Bertelson,67.144,7,0.2,5.8751
10-09-2017,Central,Furniture,Chairs,Maria Bertelson,254.058,3,0.3,-32.6646
01-02-2016,East,Furniture,Bookcases,Brendan Murry,173.94,3,0,38.2668
01-02-2016,East,Technology,Phones,Brendan Murry,231.98,2,0,67.2742
8/19/2017,Central,Office Supplies,Binders,Sonia Cooley,2.296,2,0.8,-3.9032
12/25/2017,South,Office Supplies,Paper,Mick Hernandez,96.08,2,0,46.1184
12/25/2017,South,Office Supplies,Fasteners,Mick Hernandez,3.62,2,0,1.1946
12/25/2017,South,Office Supplies,Paper,Mick Hernandez,629.1,6,0,301.968
12/25/2017,South,Technology,Phones,Mick Hernandez,90.48,2,0,23.5248
09-10-2017,East,Office Supplies,Art,Alex Russell,14.88,2,0,3.72
10/19/2017,Central,Furniture,Tables,Mary O'Rourke,91.275,1,0.5,-67.5435
12-01-2017,East,Office Supplies,Paper,Alan Dominguez,19.44,3,0,9.3312
12-01-2017,East,Furniture,Chairs,Alan Dominguez,897.15,3,0,251.202
09-02-2014,East,Office Supplies,Art,Katherine Ducich,57.75,5,0,16.17
09-02-2014,East,Office Supplies,Paper,Katherine Ducich,14.94,3,0,7.0218
3/25/2017,West,Office Supplies,Art,Filia McAdams,23.1,2,0,6.93
9/28/2015,West,Office Supplies,Envelopes,Zuschuss Carroll,12.536,1,0.2,4.2309
9/28/2015,West,Office Supplies,Binders,Zuschuss Carroll,1.08,2,0.7,-0.792
9/28/2015,West,Office Supplies,Fasteners,Zuschuss Carroll,4.512,3,0.2,0.846
3/15/2015,West,Technology,Phones,Karen Seio,16.776,3,0.2,1.6776
01-06-2017,South,Office Supplies,Binders,Dennis Pardue,33.74,7,0,15.5204
1/13/2014,West,Office Supplies,Storage,Brian Dahlen,1325.85,5,0,238.653
1/13/2014,West,Furniture,Bookcases,Brian Dahlen,333.999,3,0.15,3.9294
1/13/2014,West,Office Supplies,Art,Brian Dahlen,19.9,5,0,6.567
02-06-2015,East,Furniture,Chairs,Ivan Liston,1268.82,9,0,266.4522
02-06-2015,East,Furniture,Bookcases,Ivan Liston,283.92,4,0,82.3368
02-06-2015,East,Office Supplies,Art,Ivan Liston,5.68,2,0,1.7608
12/21/2017,Central,Office Supplies,Storage,Liz Preis,375.34,1,0,18.767
09-05-2016,West,Office Supplies,Paper,Joseph Holt,96.08,2,0,46.1184
09-05-2016,West,Office Supplies,Binders,Joseph Holt,11.68,2,0.2,3.942
09-05-2016,West,Office Supplies,Fasteners,Joseph Holt,4.36,2,0,1.7876
10-04-2014,West,Office Supplies,Labels,Joy Daniels,29.24,4,0,13.7428
11/27/2017,West,Office Supplies,Binders,Bill Donatelli,117.488,7,0.2,41.1208
11/27/2017,West,Furniture,Furnishings,Bill Donatelli,18.84,3,0,6.0288
10/28/2016,East,Office Supplies,Art,Denise Leinenbach,12.42,3,0,5.2164
06-09-2015,Central,Office Supplies,Paper,Nathan Cano,12.96,2,0,6.2208
12-08-2017,West,Office Supplies,Appliances,Alan Schoenberger,69.48,1,0,20.844
3/16/2015,East,Technology,Phones,Michael Stewart,85.9,2,0,2.577
06-09-2014,West,Office Supplies,Art,Thomas Seio,18.06,7,0,4.6956
06-09-2014,West,Office Supplies,Paper,Thomas Seio,79.14,3,0,36.4044
06-09-2014,West,Furniture,Furnishings,Thomas Seio,37.4,2,0,14.212
3/20/2015,Central,Office Supplies,Binders,Joe Kamberova,2.512,2,0.8,-4.396
3/20/2015,Central,Office Supplies,Fasteners,Joe Kamberova,18.864,9,0.2,6.1308
11/18/2016,West,Technology,Phones,Tracy Collins,61.192,1,0.2,6.1192
11/18/2016,West,Office Supplies,Appliances,Tracy Collins,67.84,1,0,18.3168
03-07-2014,West,Furniture,Chairs,Aaron Bergman,48.712,1,0.2,5.4801
03-07-2014,West,Office Supplies,Art,Aaron Bergman,17.94,3,0,4.6644
03-07-2014,West,Office Supplies,Storage,Aaron Bergman,242.94,3,0,4.8588
5/15/2016,South,Office Supplies,Binders,Darren Powers,7.764,4,0.7,-5.176
5/25/2015,South,Technology,Phones,Craig Yedwab,467.04,4,0.2,58.38
08-02-2015,East,Technology,Phones,Brad Eason,128.85,3,0,3.8655
08-02-2015,East,Office Supplies,Paper,Brad Eason,8.4,2,0,4.116
08-02-2015,East,Technology,Accessories,Brad Eason,199.98,2,0,83.9916
08-02-2015,East,Furniture,Chairs,Brad Eason,110.98,1,0,15.5372
11-06-2016,South,Furniture,Chairs,Kelly Lampkin,207.984,2,0.2,-28.5978
11-06-2016,South,Office Supplies,Paper,Kelly Lampkin,36.112,2,0.2,12.6392
11-06-2016,South,Furniture,Furnishings,Kelly Lampkin,35.568,2,0.2,5.7798
11-06-2016,South,Office Supplies,Paper,Kelly Lampkin,88.768,2,0.2,31.0688
11-07-2016,West,Office Supplies,Paper,Penelope Sewall,12.9,2,0,6.321
9/18/2015,South,Technology,Accessories,Justin Ritter,717.12,9,0.2,152.388
12-07-2015,East,Office Supplies,Binders,Alan Hwang,21.36,5,0.2,7.209
12-07-2015,East,Office Supplies,Binders,Alan Hwang,6.688,2,0.2,2.3408
12-07-2015,East,Technology,Phones,Alan Hwang,773.94,6,0,224.4426
12-09-2016,Central,Office Supplies,Supplies,Rob Williams,20.568,3,0.2,1.5426
12-09-2016,Central,Office Supplies,Appliances,Rob Williams,4.356,2,0.8,-11.7612
12-09-2016,Central,Technology,Accessories,Rob Williams,19.04,4,0.2,-1.428
11/16/2014,West,Office Supplies,Labels,Adam Hart,5.22,2,0,2.4012
11-06-2016,West,Office Supplies,Storage,Irene Maddox,84.84,3,0,22.9068
09-06-2015,South,Office Supplies,Fasteners,Cyma Kinney,7.24,5,0.2,1.1765
09-03-2014,East,Office Supplies,Labels,Allen Goldenen,14.4,5,0,7.056
4/24/2016,West,Office Supplies,Paper,Craig Leslie,15.552,3,0.2,5.4432
4/24/2016,West,Furniture,Chairs,Craig Leslie,1325.76,6,0.2,149.148
4/24/2016,West,Office Supplies,Binders,Craig Leslie,3.108,2,0.7,-2.1756
8/31/2017,West,Office Supplies,Binders,Arthur Wiediger,6.672,3,0.2,2.1684
8/31/2017,West,Technology,Phones,Arthur Wiediger,689.408,4,0.2,77.5584
12-07-2017,Central,Office Supplies,Binders,Henry Goldwyn,1889.99,5,0.8,-2929.4845
12/18/2015,South,Office Supplies,Envelopes,Robert Barroso,55.936,8,0.2,18.8784
12/18/2015,South,Office Supplies,Labels,Robert Barroso,18.432,8,0.2,5.9904
12/18/2015,South,Furniture,Furnishings,Robert Barroso,20.32,5,0.2,3.556
11-04-2014,East,Office Supplies,Binders,Sam Zeldin,52.064,4,0.2,18.8732
03-10-2017,South,Office Supplies,Appliances,Karen Seio,48.784,1,0.2,3.6588
03-10-2017,South,Office Supplies,Binders,Karen Seio,13.092,4,0.7,-10.0372
1/31/2016,West,Technology,Phones,Sample Company A,109.592,1,0.2,8.2194
1/31/2016,West,Office Supplies,Paper,Sample Company A,56.7,5,0,27.783
05-07-2017,West,Technology,Accessories,Adam Bellavance,79.99,1,0,28.7964
5/24/2016,South,Office Supplies,Supplies,Eugene Hildebrand,69.5,5,0,20.155
5/24/2016,South,Office Supplies,Paper,Eugene Hildebrand,191.6,4,0,91.968
10-07-2016,West,Office Supplies,Paper,Cindy Chapman,10.56,2,0,5.0688
4/30/2014,South,Technology,Accessories,Tamara Manning,47.79,3,0,16.2486
11-10-2015,Central,Office Supplies,Storage,Steve Chapman,714.3,5,0,207.147
11-09-2015,East,Technology,Machines,Dean percer,2321.9,2,0,1114.512
11-09-2015,East,Office Supplies,Storage,Dean percer,17.94,3,0,3.0498
09-07-2015,East,Office Supplies,Binders,Lisa Ryan,9.522,1,0.7,-6.9828
09-07-2015,East,Technology,Phones,Lisa Ryan,791.964,6,0.4,-131.994
09-07-2015,East,Office Supplies,Binders,Lisa Ryan,4.923,3,0.7,-3.9384
05-11-2017,West,Furniture,Bookcases,Todd Sumrall,209.979,7,0.7,-356.9643
7/21/2017,East,Office Supplies,Binders,Sean Wendt,33.93,3,0.7,-22.62
7/21/2017,East,Office Supplies,Storage,Sean Wendt,222.32,7,0.2,25.011
7/21/2017,East,Technology,Phones,Sean Wendt,210.564,6,0.4,-52.641
11/24/2014,East,Furniture,Furnishings,Thea Hendricks,35.168,7,0.2,9.6712
11/24/2014,East,Technology,Phones,Thea Hendricks,1502.376,4,0.4,-250.396
11/15/2014,West,Furniture,Furnishings,Shahid Shariari,10.11,3,0,3.2352
11/15/2014,West,Technology,Accessories,Shahid Shariari,772.47,3,0,146.7693
11/15/2014,West,Office Supplies,Supplies,Shahid Shariari,20.46,2,0,5.3196
3/23/2017,East,Office Supplies,Supplies,Mary Zewe,347.58,3,0,17.379
12/18/2016,West,Technology,Accessories,Jeremy Ellison,72.64,2,0,21.792
12/18/2016,West,Technology,Accessories,Jeremy Ellison,772.47,3,0,146.7693
12/18/2016,West,Furniture,Furnishings,Jeremy Ellison,39.92,4,0,11.1776
7/29/2017,Central,Office Supplies,Binders,Roland Fjeld,33.48,2,0,16.4052
7/29/2017,Central,Technology,Phones,Roland Fjeld,461.97,3,0,133.9713
7/29/2017,Central,Office Supplies,Appliances,Roland Fjeld,137.62,2,0,60.5528
7/29/2017,Central,Furniture,Chairs,Roland Fjeld,302.67,3,0,72.6408
09-02-2014,Central,Technology,Accessories,Christina VanderZanden,239.976,3,0.2,53.9946
1/29/2017,West,Office Supplies,Art,Vivek Gonzalez,8.34,3,0,2.1684
1/29/2017,West,Office Supplies,Supplies,Vivek Gonzalez,8.57,1,0,2.2282
1/29/2017,West,Office Supplies,Binders,Vivek Gonzalez,119.616,8,0.2,40.3704
12/26/2016,East,Furniture,Chairs,Brenda Bowman,212.94,3,0,25.5528
12/26/2016,East,Office Supplies,Appliances,Brenda Bowman,26.49,1,0,7.4172
08-09-2015,Central,Furniture,Bookcases,Hallie Redmond,687.4,5,0,48.118
04-06-2014,West,Furniture,Tables,Scott Cohen,653.55,3,0,111.1035
04-06-2014,West,Technology,Accessories,Scott Cohen,33.9,2,0,2.034
11/17/2017,Central,Technology,Accessories,Emily Grady,239.96,5,0.2,83.986
07-11-2015,East,Furniture,Tables,Todd Sumrall,199.836,4,0.3,-37.1124
07-11-2015,East,Technology,Phones,Todd Sumrall,716,2,0,193.32
07-11-2015,East,Office Supplies,Binders,Todd Sumrall,221.06,7,0,103.8982
11-10-2016,West,Office Supplies,Paper,Arianne Irving,67.71,3,0,32.5008
11-10-2016,West,Office Supplies,Appliances,Arianne Irving,129.92,4,0,38.976
11-10-2016,West,Furniture,Furnishings,Arianne Irving,467.46,9,0,191.6586
11-10-2016,West,Office Supplies,Paper,Arianne Irving,61.4,5,0,28.858
11-10-2016,West,Office Supplies,Storage,Arianne Irving,720.76,4,0,187.3976
11-10-2016,West,Office Supplies,Binders,Arianne Irving,5.184,3,0.2,1.8144
11-10-2016,West,Office Supplies,Art,Arianne Irving,14.7,5,0,3.969
3/31/2014,Central,Office Supplies,Binders,Dorothy Dickinson,8.134,7,0.8,-13.8278
3/31/2014,Central,Technology,Accessories,Dorothy Dickinson,79.984,2,0.2,13.9972
9/18/2015,West,Office Supplies,Paper,Adam Bellavance,18.54,2,0,8.7138
11-07-2015,East,Office Supplies,Envelopes,Karen Bern,24.4,2,0.2,7.93
5/19/2017,South,Office Supplies,Paper,John Castell,195.64,4,0,91.9508
01-03-2015,Central,Technology,Accessories,Amy Hunt,398.4,5,0.2,84.66
01-03-2015,Central,Office Supplies,Art,Amy Hunt,7.056,3,0.2,0.7938
01-03-2015,Central,Furniture,Bookcases,Amy Hunt,1352.3976,9,0.32,-437.5404
09-08-2015,West,Office Supplies,Paper,Neoma Murray,26.4,5,0,11.88
09-08-2015,West,Office Supplies,Storage,Neoma Murray,41.88,6,0,0.8376
04-03-2016,East,Office Supplies,Binders,Carlos Soltero,99.846,9,0.7,-83.205
12-05-2016,South,Technology,Phones,Theone Pippenger,699.98,2,0,195.9944
12-05-2016,South,Office Supplies,Storage,Theone Pippenger,584.82,9,0,70.1784
05-08-2015,Central,Office Supplies,Binders,Daniel Lacy,43.98,2,0,21.99
05-08-2015,Central,Technology,Phones,Daniel Lacy,377.97,3,0,105.8316
05-08-2015,Central,Furniture,Furnishings,Daniel Lacy,123.96,3,0,11.1564
9/22/2017,East,Technology,Phones,Christina Anderson,391.98,2,0,113.6742
11/30/2017,South,Technology,Accessories,Shahid Collister,383.976,3,0.2,81.5949
11/30/2017,South,Furniture,Tables,Shahid Collister,1781.682,7,0.4,-653.2834
1/15/2017,West,Office Supplies,Art,Tonja Turnell,21.4,5,0,6.206
08-08-2014,Central,Technology,Copiers,Matt Abelman,549.99,1,0,274.995
08-08-2014,Central,Office Supplies,Appliances,Matt Abelman,167.535,3,0.1,37.23
08-08-2014,Central,Office Supplies,Envelopes,Matt Abelman,38.34,3,0,17.253
08-08-2014,Central,Furniture,Furnishings,Matt Abelman,53.88,6,0,22.6296
08-08-2014,Central,Technology,Phones,Matt Abelman,299.98,2,0,83.9944
11-05-2015,West,Office Supplies,Storage,Justin MacKendrick,62.8,4,0,15.7
4/25/2017,West,Office Supplies,Binders,Mick Brown,13.904,2,0.2,4.5188
4/20/2014,Central,Furniture,Tables,Seth Vernon,744.1,5,0.3,-95.67
4/20/2014,Central,Office Supplies,Storage,Seth Vernon,44.84,5,0.2,5.605
4/20/2014,Central,Furniture,Tables,Seth Vernon,401.59,2,0.3,-131.951
11-11-2017,Central,Office Supplies,Binders,Catherine Glotzbach,18.24,3,0,8.5728
11/25/2017,West,Furniture,Bookcases,Bradley Drucker,359.499,3,0.15,-29.6058
11/25/2017,West,Office Supplies,Storage,Bradley Drucker,10.48,1,0,2.8296
12/18/2015,East,Office Supplies,Paper,Jim Kriz,20.736,4,0.2,7.2576
09-08-2016,South,Technology,Accessories,Jill Matthias,35.168,4,0.2,8.3524
09-08-2016,South,Office Supplies,Paper,Jill Matthias,64.704,3,0.2,23.4552
06-06-2016,East,Office Supplies,Paper,Scot Coram,105.52,4,0,48.5392
6/19/2015,Central,Office Supplies,Binders,Maria Etezadi,5.792,2,0.8,-9.5568
03-05-2015,East,Technology,Phones,Katherine Nockton,466.158,7,0.4,-93.2316
03-05-2015,East,Technology,Accessories,Katherine Nockton,10.312,1,0.2,-1.289
03-05-2015,East,Office Supplies,Binders,Katherine Nockton,2.556,3,0.7,-1.7892
08-04-2017,West,Office Supplies,Paper,Harry Marie,7.968,2,0.2,2.8884
08-04-2017,West,Office Supplies,Envelopes,Harry Marie,8.784,1,0.2,3.1842
12/30/2017,West,Office Supplies,Fasteners,Jill Matthias,3.024,3,0.2,-0.6048
5/23/2015,East,Office Supplies,Storage,Kristen Hastings,51.45,3,0,13.8915
12-06-2014,Central,Office Supplies,Appliances,Berenike Kampe,14.016,4,0.8,-31.536
12-06-2014,Central,Furniture,Tables,Berenike Kampe,214.95,5,0.5,-120.372
12-06-2014,Central,Technology,Phones,Berenike Kampe,35.04,4,0.2,-7.008
12-06-2014,Central,Furniture,Furnishings,Berenike Kampe,10.776,3,0.6,-4.8492
12-06-2014,Central,Office Supplies,Binders,Berenike Kampe,4.6,2,0.8,-8.05
12-06-2014,Central,Office Supplies,Storage,Berenike Kampe,35.168,2,0.2,-8.3524
08-07-2015,West,Office Supplies,Binders,Parhena Norris,19.152,3,0.2,6.4638
3/17/2014,Central,Office Supplies,Art,Annie Zypern,4.448,2,0.2,0.3336
3/17/2014,Central,Office Supplies,Paper,Annie Zypern,5.184,1,0.2,1.8792
3/17/2014,Central,Office Supplies,Paper,Annie Zypern,15.552,3,0.2,5.4432
3/26/2015,East,Office Supplies,Paper,Gene McClure,40.032,6,0.2,12.51
3/26/2015,East,Technology,Accessories,Gene McClure,16.776,3,0.2,5.0328
12/14/2014,South,Furniture,Chairs,Bryan Mills,186.304,4,0.2,13.9728
9/19/2015,South,Technology,Accessories,Nicole Hansen,66.36,4,0,23.226
4/25/2017,South,Office Supplies,Art,Parhena Norris,42.048,9,0.2,5.256
4/25/2017,South,Office Supplies,Art,Parhena Norris,67.92,5,0.2,6.792
10/18/2014,East,Office Supplies,Envelopes,Edward Hooks,52.512,6,0.2,19.692
10/18/2014,East,Office Supplies,Storage,Edward Hooks,186.912,6,0.2,-35.046
10/18/2014,East,Office Supplies,Paper,Edward Hooks,10.048,4,0.2,3.14
11/13/2015,Central,Furniture,Furnishings,Helen Abelman,17.496,9,0.6,-7.4358
1/31/2016,Central,Office Supplies,Paper,Aimee Bixby,15.552,3,0.2,5.4432
11/17/2016,West,Office Supplies,Binders,Maribeth Schnelling,10.776,3,0.2,3.3675
7/25/2017,East,Office Supplies,Labels,Dorothy Dickinson,3.304,1,0.2,1.0738
11-11-2017,East,Office Supplies,Storage,Meg Tillman,35.48,1,0,0
9/26/2015,East,Office Supplies,Fasteners,Gene McClure,34.44,3,0,16.1868
9/26/2015,East,Technology,Machines,Gene McClure,629.93,7,0,296.0671
9/26/2015,East,Office Supplies,Binders,Gene McClure,79.056,9,0.2,28.6578
04-04-2014,South,Office Supplies,Storage,Ken Black,232.55,5,0,9.302
04-04-2014,South,Technology,Accessories,Ken Black,99.98,2,0,42.9914
04-04-2014,South,Office Supplies,Paper,Ken Black,19.44,3,0,9.3312
04-04-2014,South,Office Supplies,Paper,Ken Black,12.96,2,0,6.3504
9/14/2014,East,Furniture,Tables,Darrin Martin,464.292,9,0.4,-108.3348
9/14/2014,East,Office Supplies,Envelopes,Darrin Martin,68.46,7,0,31.4916
9/14/2014,East,Technology,Machines,Darrin Martin,2799.96,4,0,1371.9804
9/14/2014,East,Office Supplies,Appliances,Darrin Martin,601.3,2,0,198.429
9/14/2014,East,Technology,Phones,Darrin Martin,16.99,1,0,4.4174
9/14/2014,East,Technology,Phones,Darrin Martin,287.97,3,0,80.6316
9/14/2014,East,Office Supplies,Paper,Darrin Martin,44.82,9,0,21.0654
12/29/2017,West,Furniture,Furnishings,Ben Peterman,101.12,8,0,37.4144
6/21/2015,South,Technology,Phones,Emily Phan,107.976,3,0.2,37.7916
11/26/2017,East,Office Supplies,Appliances,Frank Gastineau,58.73,7,0,14.6825
11/26/2017,East,Office Supplies,Binders,Frank Gastineau,93.344,4,0.2,32.6704
10/23/2016,West,Office Supplies,Fasteners,Alejandro Ballentine,17.05,5,0,8.184
12/14/2015,West,Office Supplies,Binders,Rick Duston,8.096,2,0.2,2.7324
11/13/2016,Central,Furniture,Furnishings,Tom Stivers,30.36,4,0,13.0548
9/29/2017,East,Office Supplies,Envelopes,Joseph Airdo,23.34,3,0,10.9698
9/29/2017,East,Office Supplies,Paper,Joseph Airdo,51.55,5,0,24.2285
11-08-2015,West,Technology,Accessories,Shaun Weien,119.9,2,0,43.164
04-01-2016,East,Furniture,Chairs,Frank Preis,1317.492,6,0.1,292.776
04-01-2016,East,Office Supplies,Supplies,Frank Preis,63.84,8,0,18.5136
04-01-2016,East,Office Supplies,Binders,Frank Preis,3.592,1,0.2,1.1225
02-02-2017,West,Furniture,Furnishings,John Lee,86.26,2,0,29.3284
02-02-2017,West,Office Supplies,Storage,John Lee,139.04,4,0,38.9312
02-02-2017,West,Office Supplies,Appliances,John Lee,46.8,4,0,16.38
12/24/2017,West,Furniture,Furnishings,James Lanier,8.544,4,0.2,1.9224
12/24/2017,West,Furniture,Chairs,James Lanier,842.376,3,0.2,105.297
6/21/2014,East,Technology,Phones,James Galang,1214.85,3,0,352.3065
03-06-2017,West,Office Supplies,Storage,Sally Hughsby,67.78,2,0,16.945
9/25/2017,West,Office Supplies,Storage,Luke Schmidt,39.9,5,0,10.374
6/30/2014,East,Office Supplies,Binders,Cari Schnelling,2.688,1,0.2,0.84
6/30/2014,East,Office Supplies,Art,Cari Schnelling,6.6,3,0,2.904
08-07-2015,Central,Office Supplies,Binders,Kelly Williams,28.4,4,0,13.064
08-07-2015,Central,Furniture,Furnishings,Kelly Williams,212.94,3,0,34.0704
6/30/2017,Central,Technology,Phones,Gary Hansen,1001.584,2,0.2,125.198
6/30/2017,Central,Furniture,Chairs,Gary Hansen,569.058,3,0.3,-178.8468
6/30/2017,Central,Furniture,Furnishings,Gary Hansen,14.224,2,0.6,-10.3124
10/26/2015,West,Technology,Phones,Andrew Gjertsen,105.584,2,0.2,9.2386
10/26/2015,West,Technology,Phones,Andrew Gjertsen,68.72,2,0.2,-14.603
7/30/2014,West,Furniture,Bookcases,Tom Stivers,1367.84,8,0,259.8896
11/18/2016,Central,Furniture,Chairs,Ashley Jarboe,301.96,2,0,33.2156
07-06-2015,West,Furniture,Chairs,Sarah Jordon,170.352,3,0.2,-17.0352
11-10-2014,Central,Office Supplies,Art,Sam Craven,3.9,2,0,1.521
11-10-2014,Central,Office Supplies,Paper,Sam Craven,12.84,3,0,5.778
11-10-2014,Central,Office Supplies,Paper,Sam Craven,15.84,3,0,7.128
11-10-2014,Central,Furniture,Chairs,Sam Craven,563.94,3,0,112.788
11-10-2014,Central,Office Supplies,Storage,Sam Craven,62.94,3,0,11.9586
11-10-2014,Central,Office Supplies,Storage,Sam Craven,535.41,3,0,160.623
5/27/2016,Central,Furniture,Chairs,Laura Armstrong,3504.9,5,0,700.98
5/27/2016,Central,Office Supplies,Paper,Laura Armstrong,144.12,3,0,69.1776
5/27/2016,Central,Office Supplies,Paper,Laura Armstrong,314.55,3,0,150.984
03-08-2015,West,Office Supplies,Art,Fred Chung,3.408,1,0.2,0.8946
10/19/2017,Central,Office Supplies,Binders,Christina Anderson,2.072,2,0.8,-3.5224
10/19/2017,Central,Furniture,Bookcases,Christina Anderson,328.3992,3,0.32,-91.7586
11-05-2016,West,Office Supplies,Binders,Joseph Holt,53.248,2,0.2,19.968
12/26/2016,East,Office Supplies,Binders,Anthony Johnson,4.992,3,0.2,1.6848
4/13/2015,West,Furniture,Furnishings,Bill Tyler,37.68,2,0,15.8256
4/13/2015,West,Technology,Phones,Bill Tyler,258.576,2,0.2,19.3932
4/13/2015,West,Office Supplies,Appliances,Bill Tyler,75.84,2,0,29.5776
09-12-2017,East,Office Supplies,Paper,Don Jones,45.36,7,0,21.7728
09-12-2017,East,Office Supplies,Binders,Don Jones,45.78,3,0,22.89
9/24/2017,South,Office Supplies,Storage,Anna Gayman,40.29,3,0,10.0725
9/24/2017,South,Office Supplies,Binders,Anna Gayman,38.71,7,0,17.8066
10-10-2015,South,Office Supplies,Storage,John Dryer,1801.632,6,0.2,-337.806
11/27/2015,East,Technology,Phones,Eugene Hildebrand,748.752,8,0.4,-162.2296
9/13/2015,Central,Technology,Accessories,Zuschuss Carroll,199.96,4,0,15.9968
9/13/2015,Central,Furniture,Chairs,Zuschuss Carroll,1516.2,7,0,394.212
11/14/2017,Central,Technology,Accessories,Xylona Preis,167.952,6,0.2,-27.2922
11/14/2017,Central,Office Supplies,Art,Xylona Preis,45.04,2,0.2,4.504
05-05-2017,West,Office Supplies,Envelopes,Darren Koutras,23.16,2,0,11.58
11/28/2014,South,Furniture,Furnishings,Chris Selesnick,397.6,5,0,43.736
11/28/2014,South,Office Supplies,Paper,Chris Selesnick,85.96,7,0,40.4012
11/28/2014,South,Office Supplies,Art,Chris Selesnick,13.12,4,0,4.3296
11/28/2014,South,Office Supplies,Binders,Chris Selesnick,45.66,3,0,22.3734
05-10-2014,West,Office Supplies,Envelopes,Arianne Irving,158.13,3,0,77.4837
05-10-2014,West,Technology,Phones,Arianne Irving,43.6,5,0.2,4.36
03-03-2016,Central,Office Supplies,Supplies,Alex Avila,3930.072,3,0.2,-786.0144
03-03-2016,Central,Office Supplies,Fasteners,Alex Avila,2.304,1,0.2,0.7776
03-03-2016,Central,Technology,Phones,Alex Avila,431.976,3,0.2,32.3982
03-03-2016,Central,Technology,Accessories,Alex Avila,41.72,7,0.2,5.7365
8/15/2015,West,Furniture,Furnishings,Richard Eichhorn,104.23,7,0,28.1421
8/15/2015,West,Office Supplies,Storage,Richard Eichhorn,70.26,3,0,18.9702
09-12-2015,East,Office Supplies,Art,Tamara Manning,9.26,2,0,3.0558
09-12-2015,East,Office Supplies,Storage,Tamara Manning,105.98,2,0,4.2392
09-12-2015,East,Office Supplies,Fasteners,Tamara Manning,1.24,1,0,0.5828
09-12-2015,East,Office Supplies,Labels,Tamara Manning,20.7,2,0,9.936
09-12-2015,East,Office Supplies,Paper,Tamara Manning,28.9,5,0,14.161
09-12-2015,East,Office Supplies,Envelopes,Tamara Manning,27.18,1,0,12.7746
01-12-2015,East,Office Supplies,Storage,Yana Sorensen,465.18,3,0,120.9468
05-12-2015,East,Office Supplies,Storage,Annie Zypern,36.63,3,0,9.8901
9/26/2016,West,Office Supplies,Storage,Chuck Magee,51.45,3,0,13.8915
9/26/2016,West,Office Supplies,Labels,Chuck Magee,7.83,3,0,3.6018
9/26/2016,West,Office Supplies,Art,Chuck Magee,35.4,5,0,13.452
9/26/2016,West,Office Supplies,Paper,Chuck Magee,29.9,5,0,13.455
09-09-2017,Central,Office Supplies,Envelopes,Joy Bell-,17.48,2,0,8.2156
4/15/2017,West,Office Supplies,Paper,Noel Staavos,79.14,3,0,36.4044
06-10-2017,East,Office Supplies,Art,Linda Cazamias,8.4,5,0,4.2
09-01-2017,Central,Furniture,Chairs,Cynthia Arntzen,498.26,7,0,134.5302
6/14/2014,Central,Furniture,Bookcases,Sharelle Roach,212.94,3,0,57.4938
5/18/2017,Central,Office Supplies,Appliances,Paul Prost,706.86,7,0,197.9208
5/18/2017,Central,Technology,Phones,Paul Prost,114.95,5,0,2.299
5/18/2017,Central,Office Supplies,Binders,Paul Prost,43.19,7,0,20.7312
09-12-2017,West,Office Supplies,Paper,John Murray,166.44,3,0,79.8912
6/21/2016,East,Office Supplies,Binders,Adam Shillingsburg,36.56,5,0.2,12.796
6/21/2016,East,Office Supplies,Binders,Adam Shillingsburg,186.144,6,0.2,60.4968
6/21/2016,East,Furniture,Bookcases,Adam Shillingsburg,353.568,2,0.2,-44.196
11/26/2014,West,Office Supplies,Paper,Lindsay Shagiari,81.98,2,0,40.1702
3/19/2017,West,Office Supplies,Binders,Sue Ann Reed,14.624,2,0.2,5.1184
3/19/2017,West,Furniture,Tables,Sue Ann Reed,697.16,5,0.2,8.7145
3/19/2017,West,Furniture,Furnishings,Sue Ann Reed,30.93,1,0,12.6813
3/19/2017,West,Office Supplies,Binders,Sue Ann Reed,27.496,7,0.2,9.2799
10/18/2014,South,Furniture,Chairs,Luke Schmidt,605.34,6,0,145.2816
8/22/2017,West,Furniture,Tables,Tony Molinari,210.008,1,0.2,2.6251
11/19/2016,Central,Office Supplies,Appliances,Tim Taslimi,54.96,3,0,15.9384
9/20/2014,East,Furniture,Furnishings,Duane Noonan,164.22,3,0,50.9082
9/20/2014,East,Furniture,Bookcases,Duane Noonan,362.94,3,0,36.294
9/20/2014,East,Technology,Accessories,Duane Noonan,59.98,2,0,26.3912
09-11-2016,West,Office Supplies,Storage,Eugene Barchas,332.94,3,0,6.6588
09-11-2016,West,Office Supplies,Binders,Eugene Barchas,39.872,2,0.2,12.9584
9/23/2016,West,Office Supplies,Supplies,Candace McMahon,13.68,2,0,3.6936
08-04-2017,Central,Office Supplies,Binders,Harry Marie,3.318,3,0.8,-5.6406
7/25/2016,South,Office Supplies,Binders,Katherine Murray,10.44,1,0,4.8024
08-02-2016,West,Furniture,Tables,Barry Französisch,136.464,2,0.2,15.3522
08-02-2016,West,Technology,Phones,Barry Französisch,333.576,3,0.2,33.3576
08-02-2016,West,Office Supplies,Binders,Barry Französisch,12.544,2,0.2,4.704
5/21/2015,Central,Office Supplies,Appliances,Joel Eaton,20.768,8,0.8,-52.9584
11-03-2017,West,Technology,Accessories,Eva Jacobs,43.5,3,0,10.875
4/16/2015,East,Office Supplies,Fasteners,Brad Norvell,12.576,4,0.2,4.0872
12-12-2016,South,Technology,Accessories,Erin Creighton,249.95,5,0,19.996
12-12-2016,South,Office Supplies,Paper,Erin Creighton,49.12,4,0,23.0864
10/30/2015,South,Office Supplies,Appliances,Thomas Thornton,182.91,3,0,53.0439
03-07-2014,West,Office Supplies,Binders,Nora Pelletier,107.648,2,0.2,33.64
03-05-2015,East,Furniture,Chairs,Alan Haines,99.372,2,0.3,-7.098
03-05-2015,East,Furniture,Furnishings,Alan Haines,33.568,2,0.2,-5.4548
08-08-2016,Central,Office Supplies,Paper,Charles Crestani,10.56,2,0,4.752
01-03-2017,West,Office Supplies,Paper,Delfina Latchford,38.88,6,0,18.6624
10-09-2017,West,Office Supplies,Paper,Xylona Preis,35.2,5,0,16.544
10/20/2017,East,Office Supplies,Paper,Matt Abelman,45.528,3,0.2,15.9348
09-07-2014,Central,Technology,Phones,Sam Zeldin,196.776,3,0.2,14.7582
09-07-2014,Central,Office Supplies,Binders,Sam Zeldin,2.92,2,0.8,-4.818
09-07-2014,Central,Furniture,Tables,Sam Zeldin,200.795,1,0.3,-22.948
09-07-2014,Central,Technology,Accessories,Sam Zeldin,46.688,4,0.2,-2.918
09-07-2014,Central,Office Supplies,Art,Sam Zeldin,21.864,3,0.2,3.5529
9/30/2017,West,Office Supplies,Paper,Cari Sayre,11.76,2,0,5.7624
9/30/2017,West,Office Supplies,Paper,Cari Sayre,167.94,3,0,82.2906
9/30/2017,West,Office Supplies,Appliances,Cari Sayre,3.89,1,0,1.0114
11/16/2017,East,Technology,Machines,Mick Hernandez,52.44,4,0,24.1224
09-11-2017,West,Furniture,Furnishings,Cassandra Brandow,32.36,4,0,11.6496
09-11-2017,West,Office Supplies,Appliances,Cassandra Brandow,406.6,5,0,113.848
1/16/2017,West,Furniture,Furnishings,Jack O'Briant,27.92,4,0,8.0968
1/16/2017,West,Furniture,Tables,Jack O'Briant,399.672,7,0.2,-14.9877
11/26/2016,South,Office Supplies,Binders,Pete Armstrong,3.744,4,0.7,-2.6208
11-07-2015,East,Furniture,Chairs,Stewart Visinsky,715.2,3,0,178.8
12/14/2017,South,Technology,Accessories,Kelly Lampkin,159.8,4,0,70.312
12/14/2017,South,Technology,Accessories,Kelly Lampkin,44.75,5,0,8.5025
9/13/2014,Central,Furniture,Chairs,Becky Castell,340.116,6,0.3,-9.7176
12-07-2014,South,Office Supplies,Paper,Patrick O'Brill,105.52,4,0,48.5392
09-07-2017,Central,Technology,Accessories,Anna Gayman,13.48,1,0,1.8872
10-07-2017,Central,Office Supplies,Storage,Dean Braden,85.52,2,0,22.2352
09-05-2015,Central,Furniture,Furnishings,Sung Pak,6.16,2,0,2.9568
09-05-2015,Central,Office Supplies,Paper,Sung Pak,36.84,3,0,17.3148
3/30/2014,West,Office Supplies,Storage,Dorris liebe,15.84,3,0,0
3/30/2014,West,Office Supplies,Labels,Dorris liebe,44.4,3,0,22.2
05-05-2017,West,Office Supplies,Envelopes,Lisa Hazard,21.24,9,0.2,7.434
05-05-2017,West,Office Supplies,Binders,Lisa Hazard,9.552,8,0.7,-7.3232
05-05-2017,West,Furniture,Bookcases,Lisa Hazard,89.991,3,0.7,-152.9847
4/30/2017,West,Office Supplies,Paper,Alan Dominguez,163.96,4,0,80.3404
09-08-2014,Central,Office Supplies,Paper,Kean Takahito,17.904,2,0.2,6.2664
09-08-2014,Central,Furniture,Chairs,Kean Takahito,966.7,5,0.3,-13.81
09-08-2014,Central,Office Supplies,Paper,Kean Takahito,182.112,6,0.2,61.4628
6/20/2017,South,Office Supplies,Storage,Pauline Johnson,4.464,1,0.2,0.3348
12/26/2015,East,Furniture,Tables,Mick Crebagga,51.588,1,0.4,-15.4764
8/15/2017,Central,Office Supplies,Labels,Bill Overfelt,50.4,8,0,23.184
03-04-2017,Central,Office Supplies,Paper,Darren Powers,89.568,2,0.2,32.4684
7/27/2017,East,Furniture,Furnishings,Tony Molinari,14.89,1,0,4.0203
7/27/2017,East,Technology,Phones,Tony Molinari,543.92,8,0,135.98
9/23/2016,West,Office Supplies,Envelopes,Darrin Van Huff,4.08,2,0,1.9176
9/23/2016,West,Office Supplies,Labels,Darrin Van Huff,18.9,3,0,8.694
5/30/2016,South,Furniture,Tables,Anna Häberlin,2275.5,10,0,386.835
5/30/2016,South,Technology,Accessories,Anna Häberlin,1979.7,6,0,653.301
5/30/2016,South,Office Supplies,Labels,Anna Häberlin,62.1,6,0,29.808
11/16/2014,Central,Furniture,Chairs,Alan Barnes,37.296,2,0.3,-1.0656
9/21/2014,Central,Furniture,Furnishings,Joni Sundaresam,8.544,2,0.6,-7.476
2/21/2016,East,Furniture,Furnishings,Benjamin Venier,68.95,5,0,28.959
2/21/2016,East,Office Supplies,Storage,Benjamin Venier,296.37,3,0,80.0199
2/21/2016,East,Technology,Phones,Benjamin Venier,39.98,2,0,1.999
11/19/2017,Central,Furniture,Chairs,Nathan Cano,191.058,3,0.3,-46.3998
11/19/2017,Central,Office Supplies,Art,Nathan Cano,13.04,5,0.2,3.912
11/19/2017,Central,Office Supplies,Binders,Nathan Cano,1525.188,6,0.8,-2287.782
8/21/2016,South,Office Supplies,Labels,Stephanie Ulpright,9.216,4,0.2,3.3408
8/21/2016,South,Office Supplies,Supplies,Stephanie Ulpright,28.048,2,0.2,3.506
4/30/2017,West,Furniture,Furnishings,Don Jones,64.96,2,0,21.4368
4/30/2017,West,Office Supplies,Envelopes,Don Jones,30.56,4,0,14.9744
05-02-2016,South,Furniture,Chairs,Dan Lawera,187.056,9,0.2,11.691
10-02-2017,South,Furniture,Furnishings,Dean percer,11.808,2,0.2,1.3284
10-02-2017,South,Furniture,Furnishings,Dean percer,9.656,1,0.2,1.5691
10-02-2017,South,Office Supplies,Paper,Dean percer,20.736,4,0.2,7.2576
10-02-2017,South,Office Supplies,Binders,Dean percer,27.36,3,0.7,-21.888
10-02-2017,South,Furniture,Tables,Dean percer,2314.116,7,0.4,-1002.7836
10-02-2017,South,Office Supplies,Binders,Dean percer,34.236,4,0.7,-26.2476
10-02-2017,South,Furniture,Furnishings,Dean percer,19.76,2,0.2,5.928
9/18/2017,Central,Office Supplies,Paper,Tamara Manning,15.96,2,0,7.98
12-04-2015,West,Office Supplies,Art,Tracy Zic,16.9,5,0,6.253
12-04-2015,West,Furniture,Furnishings,Tracy Zic,25.08,6,0,9.0288
1/17/2015,East,Office Supplies,Art,Scott Cohen,6.68,2,0,2.004
01-06-2014,West,Office Supplies,Paper,Lycoris Saunders,19.44,3,0,9.3312
03-05-2015,Central,Technology,Phones,Mike Vittorini,31.92,2,0.2,2.394
12/25/2016,East,Office Supplies,Binders,Brian DeCherney,33.568,2,0.2,11.7488
09-04-2016,East,Furniture,Furnishings,Christina VanderZanden,63.94,1,0,24.9366
09-04-2016,East,Office Supplies,Binders,Christina VanderZanden,60.6,5,0.2,20.4525
09-04-2016,East,Office Supplies,Supplies,Christina VanderZanden,22.72,4,0,6.5888
8/26/2014,East,Furniture,Furnishings,Karl Braun,10.68,4,0,4.0584
8/26/2014,East,Office Supplies,Paper,Karl Braun,17.34,3,0,8.4966
8/26/2014,East,Office Supplies,Paper,Karl Braun,3.38,1,0,1.5548
5/21/2015,West,Office Supplies,Binders,Michelle Ellison,26.976,4,0.2,8.7672
10/16/2017,West,Office Supplies,Paper,Anthony Jacobs,307.776,7,0.2,111.5688
11-09-2015,East,Office Supplies,Storage,Dianna Vittorini,244.55,5,0,4.891
11-09-2015,East,Office Supplies,Envelopes,Dianna Vittorini,12.24,6,0,5.7528
11-09-2015,East,Technology,Accessories,Dianna Vittorini,13.98,2,0,6.0114
11-09-2015,East,Technology,Accessories,Dianna Vittorini,899.95,5,0,53.997
11/21/2014,Central,Office Supplies,Envelopes,Jason Klamczynski,1.632,1,0.2,0.5508
11/21/2014,Central,Technology,Phones,Jason Klamczynski,267.96,5,0.2,16.7475
10-11-2015,East,Technology,Accessories,Shahid Hopkins,31.95,1,0,2.2365
3/21/2017,West,Office Supplies,Storage,Steven Cartwright,725.84,4,0,210.4936
3/21/2017,West,Office Supplies,Binders,Steven Cartwright,10.896,3,0.2,3.9498
3/21/2017,West,Office Supplies,Binders,Steven Cartwright,8.544,2,0.2,2.8836
01-04-2015,Central,Office Supplies,Binders,Chris Selesnick,32.34,3,0,15.5232
01-04-2015,Central,Office Supplies,Paper,Chris Selesnick,39.9,5,0,19.95
12-09-2017,Central,Office Supplies,Paper,Lena Hernandez,143.856,9,0.2,48.5514
09-06-2016,Central,Office Supplies,Paper,Yoseph Carroll,41.92,4,0.2,15.196
09-06-2016,Central,Technology,Phones,Yoseph Carroll,329.584,2,0.2,37.0782
09-03-2016,South,Office Supplies,Binders,Craig Yedwab,87.28,8,0,41.0216
5/13/2014,West,Furniture,Chairs,Aaron Hawkins,279.456,6,0.2,20.9592
5/13/2014,West,Office Supplies,Paper,Aaron Hawkins,8,2,0,3.84
9/29/2016,West,Office Supplies,Binders,Andy Reiter,27.24,5,0.2,9.534
08-05-2014,West,Technology,Accessories,Sonia Sunley,16.36,1,0,1.636
08-05-2014,West,Office Supplies,Storage,Sonia Sunley,15.78,2,0,0.6312
08-05-2014,West,Office Supplies,Art,Sonia Sunley,45.98,2,0,12.8744
4/14/2017,South,Furniture,Bookcases,Dorothy Wardle,198.272,8,0.2,-32.2192
06-09-2017,Central,Office Supplies,Storage,Noah Childs,720.76,5,0.2,54.057
12/29/2016,Central,Furniture,Furnishings,Carlos Daly,70.56,6,0,23.9904
12/29/2016,Central,Office Supplies,Appliances,Carlos Daly,81.96,2,0,22.9488
1/18/2014,West,Office Supplies,Appliances,David Wiener,64.864,4,0.2,6.4864
11/20/2016,Central,Technology,Phones,Erica Hackney,151.192,1,0.2,13.2293
06-10-2017,West,Technology,Phones,Bill Donatelli,88.776,3,0.2,7.7679
06-10-2017,West,Office Supplies,Labels,Bill Donatelli,11.56,4,0,5.4332
06-10-2017,West,Office Supplies,Storage,Bill Donatelli,15.58,1,0,3.895
09-10-2017,East,Office Supplies,Paper,Ken Heidel,85.056,3,0.2,28.7064
04-08-2017,Central,Furniture,Furnishings,Nicole Hansen,273.96,2,0,71.2296
04-08-2017,Central,Furniture,Furnishings,Nicole Hansen,306.9,3,0,79.794
10/24/2015,Central,Office Supplies,Paper,Andrew Gjertsen,15.552,3,0.2,5.4432
10/24/2015,Central,Furniture,Tables,Andrew Gjertsen,347.361,7,0.3,-69.4722
10/24/2015,Central,Office Supplies,Paper,Andrew Gjertsen,10.368,2,0.2,3.6288
5/27/2017,West,Technology,Accessories,Roy Phan,98.16,6,0,9.816
5/27/2017,West,Office Supplies,Art,Roy Phan,31.44,3,0,7.86
12-05-2014,East,Office Supplies,Envelopes,Nona Balk,348.488,7,0.2,117.6147
12-05-2014,East,Office Supplies,Storage,Nona Balk,172.736,4,0.2,-30.2288
8/14/2016,West,Office Supplies,Paper,Jill Matthias,15.54,3,0,7.6146
8/14/2016,West,Technology,Machines,Jill Matthias,105.552,6,0.2,35.6238
09-05-2016,Central,Office Supplies,Paper,Don Miller,25.92,5,0.2,9.072
09-05-2016,Central,Office Supplies,Fasteners,Don Miller,15.808,8,0.2,5.3352
09-05-2016,Central,Office Supplies,Paper,Don Miller,10.368,2,0.2,3.7584
6/26/2017,East,Technology,Phones,Chris Cortes,358.2,3,0.4,41.79
6/26/2017,East,Technology,Phones,Chris Cortes,545.916,14,0.4,72.7888
03-12-2017,South,Office Supplies,Binders,Guy Armstrong,40.41,9,0,18.5886
2/18/2017,West,Technology,Phones,Cynthia Voltz,167.976,3,0.2,10.4985
2/18/2017,West,Technology,Accessories,Cynthia Voltz,109.53,3,0,47.0979
2/18/2017,West,Office Supplies,Labels,Cynthia Voltz,9.82,2,0,4.8118
11-10-2017,West,Office Supplies,Binders,Nick Crebassa,26.352,3,0.2,9.5526
11/19/2014,East,Office Supplies,Labels,Georgia Rosenberg,22.5,6,0,10.8
11/19/2014,East,Office Supplies,Labels,Georgia Rosenberg,9.96,2,0,4.5816
11/19/2014,East,Office Supplies,Binders,Georgia Rosenberg,213.08,7,0,102.2784
11/19/2014,East,Furniture,Bookcases,Georgia Rosenberg,1025.88,6,0,235.9524
11/18/2014,West,Office Supplies,Paper,John Grady,21.98,7,0,9.891
9/24/2016,West,Furniture,Furnishings,Edward Becker,63.2,5,0,23.384
11/20/2016,West,Office Supplies,Appliances,Matt Connell,39,12,0,11.31
9/27/2016,East,Office Supplies,Binders,Brian Moss,2.907,3,0.7,-2.0349
04-09-2016,West,Furniture,Bookcases,Herbert Flentye,556.665,5,0.15,6.549
9/21/2017,West,Technology,Accessories,Muhammed Lee,71.98,2,0,15.1158
9/21/2017,West,Technology,Accessories,Muhammed Lee,79.98,2,0,26.3934
8/24/2017,East,Office Supplies,Binders,Alan Haines,24.672,4,0.2,7.71
8/24/2017,East,Office Supplies,Binders,Alan Haines,3.744,1,0.2,1.3104
2/22/2016,West,Technology,Phones,Tracy Zic,445.96,5,0.2,55.745
2/22/2016,West,Technology,Accessories,Tracy Zic,36.24,1,0,15.2208
2/22/2016,West,Office Supplies,Fasteners,Tracy Zic,10.65,3,0,5.0055
12-08-2017,West,Office Supplies,Paper,Denise Monton,87.92,4,0,40.4432
12-08-2017,West,Office Supplies,Binders,Denise Monton,22.424,1,0.2,8.409
12-08-2017,West,Office Supplies,Binders,Denise Monton,90.48,3,0.2,33.93
12-08-2017,West,Office Supplies,Storage,Denise Monton,42.76,1,0,11.1176
9/18/2017,West,Office Supplies,Binders,Tony Sayre,10.08,7,0.2,3.528
9/18/2017,West,Technology,Accessories,Tony Sayre,101.34,3,0,8.1072
09-11-2016,Central,Technology,Phones,Trudy Brown,224.75,5,0,62.93
9/23/2017,Central,Office Supplies,Appliances,Lena Cacioppo,73.176,6,0.8,-197.5752
9/23/2017,Central,Office Supplies,Paper,Lena Cacioppo,20.736,4,0.2,7.2576
9/23/2017,Central,Technology,Phones,Lena Cacioppo,39.984,2,0.2,-8.9964
10-06-2014,Central,Office Supplies,Binders,Alice McCarthy,15.36,2,0,7.68
10/23/2015,Central,Office Supplies,Paper,Joe Elijah,36.288,7,0.2,12.7008
10/23/2015,Central,Technology,Phones,Joe Elijah,150.384,2,0.2,15.0384
3/31/2016,East,Technology,Phones,Carlos Soltero,280.782,3,0.4,-60.8361
3/31/2016,East,Technology,Accessories,Carlos Soltero,31.984,2,0.2,1.1994
12/29/2016,West,Office Supplies,Binders,Phillip Flathmann,11.232,3,0.2,3.9312
11-03-2017,South,Office Supplies,Paper,Patrick Jones,26.4,5,0,11.88
1/20/2017,East,Office Supplies,Art,Jeremy Farry,3.52,2,0,1.0208
12-03-2016,West,Technology,Accessories,Neoma Murray,1649.95,5,0,659.98
12-03-2016,West,Furniture,Furnishings,Neoma Murray,111.9,6,0,51.474
6/14/2016,West,Furniture,Bookcases,Marc Harrigan,599.165,5,0.15,35.245
09-02-2016,West,Office Supplies,Storage,Sam Zeldin,46.53,3,0,12.0978
09-05-2014,South,Furniture,Furnishings,Patrick Ryan,31.984,2,0.2,1.999
10/21/2017,East,Office Supplies,Appliances,Frank Carlisle,161.568,2,0.2,16.1568
10/21/2017,East,Office Supplies,Paper,Frank Carlisle,4.064,1,0.2,1.3716
10/21/2017,East,Office Supplies,Binders,Frank Carlisle,6.216,4,0.7,-4.9728
4/25/2017,West,Office Supplies,Art,Larry Hughes,8.896,4,0.2,0.6672
10/19/2015,West,Office Supplies,Appliances,Robert Marley,1640.7,5,0,459.396
10/19/2015,West,Technology,Accessories,Robert Marley,270,3,0,97.2
07-05-2014,South,Furniture,Furnishings,Don Miller,19.52,2,0.2,5.368
07-05-2014,South,Office Supplies,Binders,Don Miller,9.81,5,0.7,-6.867
07-05-2014,South,Furniture,Furnishings,Don Miller,213.216,3,0.2,15.9912
04-04-2016,East,Office Supplies,Binders,Evan Henry,588.784,2,0.2,183.995
11/13/2017,South,Office Supplies,Art,Toby Carlisle,2.064,1,0.2,0.1548
09-09-2017,West,Office Supplies,Paper,Arianne Irving,6.368,2,0.2,2.388
4/17/2015,East,Technology,Accessories,Jessica Myrick,99.6,1,0,36.852
4/17/2015,East,Office Supplies,Binders,Jessica Myrick,62.296,13,0.2,21.0249
4/17/2015,East,Office Supplies,Art,Jessica Myrick,10.71,3,0,2.7846
7/25/2016,Central,Office Supplies,Envelopes,Bill Eplett,20.936,1,0.2,7.0659
8/26/2016,East,Technology,Phones,Dan Reichenbach,33,6,0,8.25
8/26/2016,East,Technology,Accessories,Dan Reichenbach,249.95,5,0,87.4825
09-12-2014,Central,Office Supplies,Supplies,Tom Ashbrook,357.93,3,0,7.1586
09-12-2014,Central,Technology,Accessories,Tom Ashbrook,57.4,5,0,10.906
09-12-2014,Central,Office Supplies,Binders,Tom Ashbrook,331.96,2,0,149.382
09-12-2014,Central,Furniture,Furnishings,Tom Ashbrook,40.56,2,0,12.9792
7/22/2016,West,Office Supplies,Supplies,Kristina Nunn,86.2,5,0,24.998
5/19/2017,Central,Office Supplies,Paper,Patrick Jones,38.016,6,0.2,13.7808
4/28/2017,East,Office Supplies,Storage,Matt Connell,8.384,1,0.2,0.7336
4/28/2017,East,Office Supplies,Art,Matt Connell,6.848,2,0.2,0.7704
12/29/2017,West,Office Supplies,Fasteners,Bruce Stewart,19.6,5,0,9.604
12/29/2017,West,Furniture,Furnishings,Bruce Stewart,68.46,2,0,20.538
09-04-2017,West,Office Supplies,Binders,Pete Kriz,13.344,6,0.2,4.3368
09-04-2017,West,Furniture,Tables,Pete Kriz,1478.272,8,0.2,92.392
3/21/2014,South,Office Supplies,Storage,Thomas Seio,16.272,1,0.2,-3.8646
9/28/2017,West,Furniture,Furnishings,Bruce Degenhardt,9.24,3,0,4.4352
1/19/2014,West,Office Supplies,Binders,Toby Swindell,32.34,10,0.7,-23.716
1/19/2014,West,Office Supplies,Paper,Toby Swindell,56.064,4,0.2,19.6224
1/19/2014,West,Office Supplies,Envelopes,Toby Swindell,108.72,5,0.2,36.693
1/19/2014,West,Furniture,Bookcases,Toby Swindell,181.47,5,0.7,-320.597
2/14/2014,Central,Office Supplies,Paper,Shui Tom,16.176,3,0.2,6.066
06-09-2016,West,Furniture,Chairs,Dean Braden,122.352,3,0.2,13.7646
9/26/2014,West,Furniture,Chairs,Karen Ferguson,585.552,3,0.2,73.194
9/26/2014,West,Office Supplies,Paper,Karen Ferguson,19.44,3,0,9.3312
5/30/2016,East,Office Supplies,Appliances,Justin MacKendrick,123.92,5,0.2,9.294
12/19/2017,West,Furniture,Furnishings,Tony Sayre,13.36,5,0.2,4.008
12/19/2017,West,Office Supplies,Storage,Tony Sayre,78.256,2,0.2,-17.6076
12/19/2017,West,Furniture,Bookcases,Tony Sayre,102.018,7,0.7,-183.6324
12/26/2017,Central,Office Supplies,Storage,Yoseph Carroll,750.68,2,0,37.534
6/15/2017,Central,Office Supplies,Labels,Dean percer,44.4,3,0,22.2
6/15/2017,Central,Office Supplies,Storage,Dean percer,84.55,5,0,22.8285
6/15/2017,Central,Office Supplies,Paper,Dean percer,17.94,3,0,8.7906
11/20/2016,East,Office Supplies,Binders,Shirley Jackson,128.4,3,0,62.916
3/31/2014,South,Office Supplies,Binders,Karen Bern,1.869,1,0.7,-1.3083
10-08-2017,West,Technology,Phones,Chris Selesnick,103.192,1,0.2,11.6091
10-08-2017,West,Technology,Accessories,Chris Selesnick,36,2,0,6.48
10-08-2017,West,Technology,Accessories,Chris Selesnick,239.96,4,0,115.1808
10-08-2017,West,Office Supplies,Storage,Chris Selesnick,40.68,2,0,0.4068
1/30/2017,South,Furniture,Chairs,Emily Burns,419.136,4,0.2,-68.1096
12-12-2014,South,Office Supplies,Envelopes,Philip Brown,23.472,3,0.2,7.6284
10/24/2015,Central,Office Supplies,Binders,Michelle Tran,3.592,4,0.8,-6.286
04-01-2017,South,Technology,Phones,Barry Französisch,23.976,3,0.2,-5.6943
04-01-2017,South,Office Supplies,Labels,Barry Französisch,6.264,3,0.2,2.0358
04-01-2017,South,Office Supplies,Appliances,Barry Französisch,20.808,3,0.2,1.8207
04-01-2017,South,Furniture,Chairs,Barry Französisch,218.352,3,0.2,-19.1058
1/26/2017,Central,Office Supplies,Storage,Claire Gute,18.16,2,0.2,1.816
11/28/2014,West,Office Supplies,Supplies,Duane Huffman,7.36,2,0,0.1472
11/28/2014,West,Office Supplies,Labels,Duane Huffman,41.4,4,0,19.872
11/28/2014,West,Furniture,Bookcases,Duane Huffman,411.332,4,0.15,-4.8392
09-04-2015,East,Office Supplies,Binders,Shaun Chance,7.656,4,0.7,-6.1248
06-12-2017,East,Technology,Accessories,Hunter Glantz,63.92,2,0.2,19.176
7/15/2017,East,Office Supplies,Art,Michelle Moray,6.56,2,0,1.9024
7/15/2017,East,Office Supplies,Labels,Michelle Moray,7.83,3,0,3.6018
7/15/2017,East,Technology,Accessories,Michelle Moray,41.9,2,0,8.799
7/15/2017,East,Furniture,Chairs,Michelle Moray,664.146,6,0.1,88.5528
7/15/2017,East,Office Supplies,Paper,Michelle Moray,8.96,2,0,4.3904
11-02-2017,East,Furniture,Furnishings,Thea Hudgings,3.312,1,0.2,0.6624
11-02-2017,East,Office Supplies,Appliances,Thea Hudgings,20.136,3,0.2,1.2585
11-02-2017,East,Office Supplies,Envelopes,Thea Hudgings,8.856,3,0.2,2.8782
11-02-2017,East,Technology,Phones,Thea Hudgings,859.2,4,0.4,-186.16
10-08-2016,West,Office Supplies,Paper,Joel Eaton,61.96,2,0,27.882
04-08-2016,South,Office Supplies,Envelopes,Patrick Gardner,17.92,4,0,8.6016
10-08-2015,West,Furniture,Furnishings,Maria Bertelson,145.9,5,0,62.737
5/15/2017,Central,Office Supplies,Paper,Joy Daniels,56.704,2,0.2,19.1376
5/15/2017,Central,Technology,Phones,Joy Daniels,11.12,2,0.2,3.475
2/24/2014,West,Office Supplies,Paper,Jennifer Halladay,32.896,4,0.2,11.1024
2/24/2014,West,Office Supplies,Paper,Jennifer Halladay,22.776,3,0.2,7.6869
5/30/2015,East,Technology,Phones,Edward Nazzal,239.97,3,0,2.3997
5/30/2015,East,Office Supplies,Appliances,Edward Nazzal,160.32,2,0,44.8896
5/30/2015,East,Technology,Phones,Edward Nazzal,128.85,3,0,3.8655
11/18/2016,South,Technology,Accessories,Karen Carlisle,1319.96,4,0,527.984
12-04-2017,East,Furniture,Chairs,Michael Stewart,239.96,10,0.3,-10.284
12-04-2017,East,Furniture,Furnishings,Michael Stewart,54.768,2,0.2,6.846
12-04-2017,East,Office Supplies,Art,Michael Stewart,13.392,3,0.2,3.1806
12-04-2017,East,Office Supplies,Paper,Michael Stewart,23.92,5,0.2,8.671
12-04-2017,East,Technology,Accessories,Michael Stewart,255.968,4,0.2,-28.7964
06-05-2016,West,Office Supplies,Binders,Chloris Kastensmidt,21.552,6,0.2,7.0044
06-05-2016,West,Office Supplies,Appliances,Chloris Kastensmidt,58.24,4,0,15.7248
12-10-2016,West,Office Supplies,Paper,Sanjit Jacobs,80.28,12,0,36.9288
4/30/2017,West,Office Supplies,Art,Erin Ashbrook,9.78,2,0,4.0098
4/24/2017,West,Office Supplies,Fasteners,Michael Granlund,1.81,1,0,0.6516
05-08-2015,East,Office Supplies,Paper,Alejandro Ballentine,37.94,2,0,18.2112
3/31/2015,South,Technology,Phones,Scott Cohen,79.96,5,0.2,27.986
08-06-2017,Central,Office Supplies,Paper,Todd Boyes,115.296,3,0.2,40.3536
12-02-2017,Central,Technology,Phones,Juliana Krohn,2479.96,4,0,743.988
06-06-2016,South,Technology,Accessories,Clytie Kelty,179.94,6,0,75.5748
06-06-2016,South,Technology,Accessories,Clytie Kelty,26.85,3,0,5.1015
06-06-2016,South,Technology,Accessories,Clytie Kelty,323.37,3,0,129.348
06-06-2016,South,Office Supplies,Paper,Clytie Kelty,59.94,3,0,28.1718
06-06-2016,South,Office Supplies,Binders,Clytie Kelty,64.14,3,0,30.7872
06-06-2016,South,Office Supplies,Binders,Clytie Kelty,11.67,3,0,5.6016
06-06-2016,South,Office Supplies,Paper,Clytie Kelty,12.96,2,0,6.2208
4/13/2015,Central,Office Supplies,Binders,Sonia Sunley,17.43,3,0,8.0178
5/22/2017,Central,Furniture,Chairs,Laurel Elliston,181.986,2,0.3,-54.5958
5/22/2017,Central,Office Supplies,Binders,Laurel Elliston,1.592,2,0.8,-2.6268
5/22/2017,Central,Office Supplies,Supplies,Laurel Elliston,22.344,3,0.2,2.5137
12/19/2016,West,Furniture,Tables,Erin Smith,455.97,6,0.5,-218.8656
12/19/2016,West,Office Supplies,Binders,Erin Smith,10.44,6,0.7,-7.656
12/19/2016,West,Office Supplies,Binders,Erin Smith,5.214,2,0.7,-4.1712
9/22/2017,East,Office Supplies,Storage,Michael Granlund,67.4,5,0,17.524
09-07-2017,West,Furniture,Furnishings,Justin MacKendrick,25.16,2,0,10.5672
09-07-2017,West,Technology,Phones,Justin MacKendrick,126.56,4,0.2,47.46
11/28/2014,West,Office Supplies,Appliances,Sheri Gordon,43.68,3,0,11.7936
11/28/2014,West,Technology,Accessories,Sheri Gordon,139.93,7,0,34.9825
11-12-2014,Central,Office Supplies,Art,Darren Budd,2.672,1,0.2,0.334
11-12-2014,Central,Office Supplies,Supplies,Darren Budd,16.656,6,0.2,-3.123
11-12-2014,Central,Technology,Accessories,Darren Budd,79.512,3,0.2,20.8719
11-12-2014,Central,Office Supplies,Paper,Darren Budd,36.288,7,0.2,12.7008
11-12-2014,Central,Furniture,Bookcases,Darren Budd,67.9932,1,0.32,-12.9987
10-02-2017,South,Furniture,Furnishings,Jane Waco,10.16,2,0,3.4544
12/14/2015,South,Furniture,Furnishings,Keith Dawkins,6.16,2,0,1.9712
12/14/2015,South,Office Supplies,Art,Keith Dawkins,56.3,2,0,15.764
12-06-2015,West,Office Supplies,Paper,Ivan Liston,6.48,1,0,3.1104
12-06-2015,West,Office Supplies,Storage,Ivan Liston,1325.85,5,0,238.653
12-06-2015,West,Office Supplies,Labels,Ivan Liston,14.94,3,0,6.8724
3/31/2017,South,Office Supplies,Binders,Jim Epp,34.54,1,0,17.27
3/31/2017,South,Technology,Copiers,Jim Epp,2999.95,5,0,1439.976
3/31/2017,South,Office Supplies,Binders,Jim Epp,64.12,4,0,30.7776
3/13/2017,Central,Office Supplies,Art,Stephanie Ulpright,19.456,4,0.2,2.1888
3/13/2017,Central,Technology,Machines,Stephanie Ulpright,209.986,2,0.3,8.9994
3/13/2017,Central,Office Supplies,Art,Stephanie Ulpright,29.76,5,0.2,1.86
3/13/2017,Central,Furniture,Chairs,Stephanie Ulpright,89.768,1,0.3,-2.5648
3/13/2017,Central,Technology,Copiers,Stephanie Ulpright,959.984,2,0.2,335.9944
3/13/2017,Central,Office Supplies,Paper,Stephanie Ulpright,15.552,3,0.2,5.6376
3/13/2017,Central,Technology,Phones,Stephanie Ulpright,34.36,1,0.2,-7.3015
12-05-2014,East,Office Supplies,Paper,Erin Ashbrook,98.376,3,0.2,35.6613
12-05-2014,East,Office Supplies,Binders,Erin Ashbrook,29.94,4,0.7,-23.952
12-05-2014,East,Office Supplies,Paper,Erin Ashbrook,17.472,3,0.2,5.6784
12-05-2014,East,Technology,Phones,Erin Ashbrook,36.738,1,0.4,-9.1845
12-05-2014,East,Technology,Phones,Erin Ashbrook,179.94,2,0.4,-44.985
12-12-2016,West,Furniture,Furnishings,Roy Französisch,383.64,6,0,122.7648
12-12-2016,West,Office Supplies,Appliances,Roy Französisch,56.52,3,0,15.8256
09-09-2017,West,Office Supplies,Art,Liz Carlisle,6.56,2,0,1.9024
09-09-2017,West,Furniture,Chairs,Liz Carlisle,243.92,5,0.2,-15.245
09-09-2017,West,Office Supplies,Paper,Liz Carlisle,47.52,9,0,22.8096
10-04-2017,East,Furniture,Furnishings,Paul Stevenson,19.98,1,0,8.5914
05-09-2016,East,Office Supplies,Art,Paul Stevenson,8,5,0,3.44
12/15/2014,West,Furniture,Furnishings,Jas O'Carroll,6.16,2,0,1.9712
11/30/2017,East,Office Supplies,Storage,Victor Preis,83.56,4,0,1.6712
11/30/2017,East,Technology,Phones,Victor Preis,546.06,3,0,163.818
11/30/2017,East,Office Supplies,Storage,Victor Preis,269.49,3,0,5.3898
3/19/2015,West,Office Supplies,Fasteners,Guy Armstrong,10.9,5,0,3.597
7/19/2014,West,Office Supplies,Binders,Eugene Moren,6.096,2,0.2,2.2098
12-08-2016,West,Office Supplies,Storage,Doug Bickford,34.05,3,0,9.534
12-08-2016,West,Office Supplies,Storage,Doug Bickford,352.38,2,0,81.0474
10/13/2014,East,Furniture,Chairs,Marina Lichtenstein,245.98,2,0,27.0578
10/13/2014,East,Office Supplies,Binders,Marina Lichtenstein,18.94,1,0,9.47
11/19/2017,East,Office Supplies,Binders,Jennifer Halladay,59.913,7,0.7,-45.9333
9/24/2017,East,Technology,Phones,Bart Pistole,391.98,2,0,109.7544
9/24/2017,East,Technology,Phones,Bart Pistole,437.85,3,0,131.355
9/25/2015,East,Office Supplies,Binders,Sarah Brown,68.62,2,0,32.2514
2/13/2017,East,Office Supplies,Supplies,Stewart Visinsky,25.02,3,0,6.5052
2/13/2017,East,Office Supplies,Art,Stewart Visinsky,10.71,3,0,2.7846
10-03-2014,East,Office Supplies,Art,Denny Ordway,55.984,2,0.2,4.1988
10-03-2014,East,Office Supplies,Envelopes,Denny Ordway,14.48,5,0.2,4.887
10-03-2014,East,Technology,Accessories,Denny Ordway,142.488,3,0.2,-3.5622
8/27/2016,Central,Office Supplies,Storage,Todd Boyes,14.16,1,0.2,1.062
8/27/2016,Central,Office Supplies,Paper,Todd Boyes,79.92,5,0.2,27.972
12-03-2015,East,Office Supplies,Binders,Bill Stewart,590.352,6,0.2,206.6232
9/20/2016,South,Furniture,Furnishings,Filia McAdams,17.088,2,0.2,1.068
9/20/2016,South,Furniture,Chairs,Filia McAdams,98.392,1,0.2,-11.0691
3/25/2017,East,Office Supplies,Art,John Lee,11.05,5,0,2.9835
12-06-2015,West,Office Supplies,Appliances,Art Ferguson,7.78,2,0,2.0228
8/31/2017,South,Technology,Accessories,Barry Gonzalez,659.9,2,0,217.767
10-05-2015,East,Technology,Accessories,Maria Bertelson,53.04,3,0.2,-4.641
8/18/2017,West,Technology,Accessories,Helen Wasserman,843.9,2,0,371.316
8/18/2017,West,Technology,Accessories,Helen Wasserman,1496.16,9,0,224.424
02-02-2016,East,Office Supplies,Storage,Adrian Barton,117.96,2,0,5.898
8/23/2016,East,Office Supplies,Art,Jennifer Patt,21.3,5,0,8.733
8/23/2016,East,Office Supplies,Appliances,Jennifer Patt,1040.8,5,0,281.016
8/23/2016,East,Office Supplies,Art,Jennifer Patt,29.34,6,0,7.9218
6/30/2017,South,Furniture,Furnishings,Darrin Van Huff,19.52,2,0.2,5.368
9/18/2015,West,Office Supplies,Storage,Charlotte Melton,443.92,4,0,8.8784
9/25/2016,Central,Technology,Accessories,Steve Chapman,499.95,5,0,174.9825
9/25/2016,Central,Office Supplies,Art,Steve Chapman,3.04,1,0,1.0336
9/25/2016,Central,Furniture,Chairs,Steve Chapman,201.96,2,0,50.49
9/25/2016,Central,Furniture,Furnishings,Steve Chapman,68.64,11,0,17.16
10/24/2016,West,Technology,Accessories,Victoria Wilson,100,4,0,21
10/24/2016,West,Technology,Accessories,Victoria Wilson,359.98,2,0,21.5988
9/29/2014,West,Furniture,Furnishings,Paul Prost,6.16,2,0,2.9568
9/29/2014,West,Furniture,Tables,Paul Prost,2348.82,9,0,399.2994
6/26/2017,South,Office Supplies,Labels,Dan Reichenbach,13.872,6,0.2,4.6818
6/26/2017,South,Furniture,Chairs,Dan Reichenbach,273.552,3,0.2,-13.6776
8/21/2016,East,Furniture,Tables,Rick Bensley,815.292,9,0.4,-339.705
02-11-2014,South,Technology,Accessories,Natalie Fritzler,234.45,3,0,103.158
02-11-2014,South,Furniture,Tables,Natalie Fritzler,1256.22,6,0,75.3732
02-11-2014,South,Office Supplies,Binders,Natalie Fritzler,17.46,2,0,8.2062
9/23/2016,East,Office Supplies,Binders,Clay Rozendal,10.528,7,0.2,3.6848
12-05-2015,Central,Office Supplies,Binders,Stephanie Ulpright,152.8,5,0,76.4
09-03-2017,West,Office Supplies,Binders,Sample Company A,82.56,5,0.2,28.896
09-03-2017,West,Technology,Accessories,Sample Company A,284.97,3,0,85.491
3/26/2017,Central,Furniture,Furnishings,Michelle Lonsdale,60.84,3,0,23.1192
12/21/2014,West,Furniture,Chairs,Gary McGarr,1325.76,6,0.2,149.148
12/21/2014,West,Furniture,Chairs,Gary McGarr,572.16,3,0.2,35.76
9/23/2014,East,Office Supplies,Paper,Jim Kriz,28.8,9,0.2,10.08
04-02-2017,East,Office Supplies,Art,Alyssa Tate,11.12,4,0,2.8912
04-01-2016,South,Furniture,Furnishings,Daniel Byrd,7.04,4,0,3.0976
5/15/2015,South,Office Supplies,Envelopes,Anna Häberlin,17.94,3,0,8.7906
3/23/2017,West,Office Supplies,Binders,Sanjit Jacobs,34.76,5,0.2,11.297
4/14/2017,East,Furniture,Furnishings,Harry Marie,74.45,5,0,20.1015
01-04-2015,South,Furniture,Furnishings,Andrew Gjertsen,192.22,14,0,69.1992
11-02-2017,West,Office Supplies,Paper,Joy Bell-,19.44,3,0,9.3312
7/17/2017,West,Office Supplies,Paper,Anthony Johnson,32.4,5,0,15.552
7/17/2017,West,Office Supplies,Envelopes,Anthony Johnson,57.9,5,0,28.95
7/17/2017,West,Office Supplies,Storage,Anthony Johnson,10.56,2,0,0
7/17/2017,West,Furniture,Bookcases,Anthony Johnson,1194.165,5,0.15,210.735
10-06-2017,East,Office Supplies,Paper,Muhammed MacIntyre,40.99,1,0,20.0851
11-04-2014,West,Office Supplies,Art,Tiffany House,2.94,1,0,0.7938
12/18/2016,West,Office Supplies,Binders,Adrian Hane,45.24,4,0.7,-30.16
12/18/2016,West,Office Supplies,Art,Adrian Hane,18.688,4,0.2,2.336
12/18/2016,West,Office Supplies,Paper,Adrian Hane,11.648,2,0.2,3.7856
12/18/2016,West,Technology,Accessories,Adrian Hane,112.776,3,0.2,-8.4582
12/18/2016,West,Furniture,Tables,Adrian Hane,377.45,5,0.5,-264.215
12/18/2016,West,Office Supplies,Labels,Adrian Hane,15.936,4,0.2,5.1792
12/18/2016,West,Technology,Phones,Adrian Hane,28.68,3,0.2,-7.17
9/24/2016,West,Furniture,Furnishings,Craig Leslie,21.44,2,0.2,7.504
9/24/2016,West,Office Supplies,Storage,Craig Leslie,511.056,9,0.2,-95.823
7/21/2016,East,Office Supplies,Art,Jason Gross,18.656,2,0.2,1.3992
7/21/2016,East,Office Supplies,Binders,Jason Gross,11.088,7,0.7,-8.1312
7/21/2016,East,Office Supplies,Storage,Jason Gross,66.688,1,0.2,4.168
7/21/2016,East,Office Supplies,Storage,Jason Gross,99.488,2,0.2,8.7052
06-11-2016,West,Office Supplies,Labels,Sanjit Engle,14.62,2,0,6.8714
06-11-2016,West,Office Supplies,Binders,Sanjit Engle,53.984,14,0.2,17.5448
06-11-2016,West,Technology,Accessories,Sanjit Engle,389.97,3,0,132.5898
06-09-2015,West,Furniture,Furnishings,Trudy Glocke,355.36,4,0,92.3936
06-09-2015,West,Technology,Phones,Trudy Glocke,140.376,3,0.2,8.7735
10/27/2017,Central,Office Supplies,Envelopes,Sally Hughsby,15.84,2,0.2,5.544
10/27/2017,Central,Office Supplies,Paper,Sally Hughsby,8.448,2,0.2,2.64
1/22/2016,West,Office Supplies,Paper,Marc Crier,12.96,2,0,6.2208
5/28/2014,West,Technology,Phones,Patrick Jones,57.408,6,0.2,5.7408
5/28/2014,West,Technology,Accessories,Patrick Jones,27.6,4,0,2.208
12/29/2014,Central,Furniture,Furnishings,Zuschuss Carroll,38.976,3,0.6,-50.6688
7/28/2016,Central,Office Supplies,Fasteners,Steve Carroll,20.44,7,0,9.198
7/28/2016,Central,Office Supplies,Paper,Steve Carroll,109.92,2,0,53.8608
9/24/2016,Central,Office Supplies,Binders,Benjamin Patterson,6.38,1,0,2.9348
9/24/2016,Central,Office Supplies,Paper,Benjamin Patterson,6.48,1,0,3.1104
04-02-2014,South,Office Supplies,Paper,Rob Dowd,15.84,3,0,7.128
04-02-2014,South,Technology,Phones,Rob Dowd,1049.93,7,0,293.9804
04-02-2014,South,Office Supplies,Appliances,Rob Dowd,154.9,5,0,40.274
11-05-2015,West,Office Supplies,Binders,Ken Lonsdale,98.352,3,0.2,35.6526
7/28/2014,South,Office Supplies,Fasteners,Chloris Kastensmidt,14.32,5,0.2,5.191
7/28/2014,South,Furniture,Furnishings,Chloris Kastensmidt,129.888,6,0.2,12.9888
7/28/2014,South,Office Supplies,Envelopes,Chloris Kastensmidt,48.944,7,0.2,16.5186
12/26/2015,Central,Furniture,Chairs,Roger Barcio,275.058,3,0.3,-90.3762
12-10-2015,East,Office Supplies,Art,Kalyca Meade,27.36,9,0,9.3024
12-10-2015,East,Office Supplies,Paper,Kalyca Meade,44.75,5,0,20.585
12-10-2015,East,Technology,Phones,Kalyca Meade,134.99,1,0,36.4473
12-10-2015,East,Office Supplies,Paper,Kalyca Meade,26.4,5,0,12.672
12-10-2015,East,Furniture,Chairs,Kalyca Meade,542.94,3,0,141.1644
05-05-2016,West,Furniture,Tables,Amy Hunt,71.088,2,0.2,-1.7772
10/14/2017,Central,Office Supplies,Binders,Anthony Garverick,27.396,9,0.8,-42.4638
10/14/2017,Central,Office Supplies,Binders,Anthony Garverick,13.456,1,0.8,-23.548
11-05-2016,Central,Office Supplies,Labels,Evan Bailliet,11.84,1,0.2,4.44
11-03-2017,West,Office Supplies,Paper,Paul Gonzalez,35.88,6,0,17.5812
11/24/2016,East,Office Supplies,Envelopes,Cathy Armstrong,40.752,3,0.2,15.282
11/24/2016,East,Technology,Accessories,Cathy Armstrong,139.96,5,0.2,-22.7435
12/14/2014,East,Office Supplies,Art,Sung Shariari,2.624,1,0.2,0.2952
12/14/2014,East,Furniture,Tables,Sung Shariari,136.53,1,0.4,-52.3365
12/14/2014,East,Technology,Accessories,Sung Shariari,263.96,1,0.2,42.8935
11-03-2014,East,Office Supplies,Supplies,Resi Pölking,11.64,3,0,3.3756
9/22/2017,East,Office Supplies,Binders,Shaun Chance,40.176,3,0.2,14.5638
05-08-2015,East,Furniture,Furnishings,Natalie Webber,79.44,3,0,30.1872
05-08-2015,East,Office Supplies,Supplies,Natalie Webber,357.93,3,0,7.1586
05-08-2015,East,Furniture,Chairs,Natalie Webber,127.764,2,0.1,21.294
05-08-2015,East,Technology,Copiers,Natalie Webber,2799.944,7,0.2,1014.9797
05-08-2015,East,Office Supplies,Paper,Natalie Webber,19.44,3,0,9.3312
7/31/2017,Central,Technology,Phones,Katrina Willman,36.792,1,0.2,4.1391
03-01-2014,East,Technology,Phones,Hallie Redmond,5.94,3,0,1.6038
9/25/2017,South,Office Supplies,Storage,Arthur Gainer,177.55,5,0,47.9385
10-09-2015,Central,Technology,Accessories,Brian Moss,619.95,5,0,111.591
10-09-2015,Central,Technology,Phones,Brian Moss,29.16,3,0,8.4564
10-09-2015,Central,Office Supplies,Envelopes,Brian Moss,57.96,7,0,27.2412
10-09-2015,Central,Office Supplies,Appliances,Brian Moss,29.403,3,0.1,5.2272
3/29/2017,Central,Office Supplies,Storage,Roger Demir,81.4,5,0,21.164
11/14/2015,West,Office Supplies,Fasteners,Ken Black,8.72,5,0.2,2.289
11/14/2015,West,Technology,Accessories,Ken Black,91.176,3,0.2,4.5588
11/14/2015,West,Technology,Accessories,Ken Black,159.968,4,0.2,29.994
9/26/2016,West,Office Supplies,Paper,Dorothy Wardle,12.96,2,0,6.2208
9/22/2014,Central,Office Supplies,Storage,Vivek Grady,331.536,3,0.2,-82.884
9/25/2015,East,Technology,Accessories,Dan Reichenbach,899.91,9,0,395.9604
05-04-2015,Central,Technology,Phones,Anna Häberlin,946.344,7,0.2,118.293
12-08-2017,Central,Technology,Accessories,Jeremy Pistek,178.11,3,0,32.0598
12-08-2017,Central,Office Supplies,Appliances,Jeremy Pistek,1089.75,3,0,305.13
12-08-2017,Central,Office Supplies,Labels,Jeremy Pistek,61.06,2,0,28.0876
12-08-2017,Central,Furniture,Bookcases,Jeremy Pistek,459.92,4,0,41.3928
12-08-2017,Central,Office Supplies,Paper,Jeremy Pistek,27.52,4,0,12.6592
6/29/2017,East,Furniture,Bookcases,Dan Reichenbach,638.82,9,0,185.2578
6/29/2017,East,Office Supplies,Supplies,Dan Reichenbach,30.69,3,0,7.9794
6/29/2017,East,Furniture,Furnishings,Dan Reichenbach,25.16,2,0,8.5544
6/29/2014,East,Office Supplies,Binders,Jim Karlsson,13.92,3,0.2,4.872
1/20/2014,West,Office Supplies,Paper,Mark Van Huff,19.36,2,0,9.2928
1/20/2014,West,Furniture,Furnishings,Mark Van Huff,19.3,2,0,5.79
12/31/2016,West,Office Supplies,Binders,Becky Pak,38.376,3,0.2,13.4316
3/28/2017,West,Office Supplies,Paper,Dave Hallsten,12.96,2,0,6.3504
3/28/2017,West,Furniture,Furnishings,Dave Hallsten,26.48,1,0,10.0624
3/28/2017,West,Technology,Machines,Dave Hallsten,532.72,2,0.2,53.272
3/28/2017,West,Office Supplies,Paper,Dave Hallsten,26.72,4,0,12.8256
3/28/2017,West,Office Supplies,Paper,Dave Hallsten,20.04,3,0,9.6192
3/28/2017,West,Office Supplies,Storage,Dave Hallsten,795.48,7,0,7.9548
3/28/2017,West,Furniture,Furnishings,Dave Hallsten,21.56,7,0,6.8992
12-08-2016,South,Technology,Phones,Lena Hernandez,249.584,2,0.2,31.198
12-08-2016,South,Technology,Accessories,Lena Hernandez,68.112,3,0.2,17.8794
12-08-2016,South,Technology,Accessories,Lena Hernandez,16.56,3,0.2,-2.484
11/18/2017,East,Technology,Phones,Dave Kipp,74.95,5,0,36.7255
5/30/2014,Central,Furniture,Tables,Shahid Shariari,355.455,3,0.5,-184.8366
1/22/2016,West,Office Supplies,Labels,Frank Preis,44.4,3,0,22.2
1/22/2016,West,Office Supplies,Labels,Frank Preis,20.65,5,0,9.499
02-03-2016,South,Furniture,Chairs,Liz Carlisle,866.4,4,0,225.264
3/29/2015,South,Office Supplies,Art,Alan Shonely,5.56,2,0,1.4456
10/14/2014,Central,Office Supplies,Appliances,Hunter Glantz,3.16,4,0.8,-8.532
10/14/2014,Central,Technology,Copiers,Hunter Glantz,1999.96,5,0.2,624.9875
08-11-2015,South,Furniture,Furnishings,Barry Weirich,46.152,3,0.2,12.1149
11/22/2015,South,Technology,Machines,Brosina Hoffman,32.985,3,0.5,-1.9791
12/30/2016,West,Office Supplies,Storage,Julie Prescott,481.32,4,0,125.1432
12/30/2016,West,Office Supplies,Binders,Julie Prescott,6.384,1,0.2,2.1546
08-12-2017,West,Office Supplies,Appliances,Justin MacKendrick,542.94,3,0,152.0232
08-12-2017,West,Furniture,Furnishings,Justin MacKendrick,54.92,4,0,19.7712
11-03-2015,East,Furniture,Chairs,Fred Hopkins,1448.82,10,0.1,209.274
09-10-2015,West,Office Supplies,Storage,Matt Collins,353.88,6,0,17.694
11-08-2014,West,Technology,Phones,Emily Burns,333.576,3,0.2,25.0182
10-08-2016,Central,Office Supplies,Labels,Peter McVee,60.144,6,0.2,20.2986
09-08-2017,Central,Technology,Accessories,Alex Russell,85.2,6,0.2,20.235
2/25/2015,East,Office Supplies,Labels,Sung Shariari,3.15,1,0,1.512
2/25/2015,East,Office Supplies,Paper,Sung Shariari,22.72,4,0,10.224
9/24/2015,West,Furniture,Furnishings,Shaun Chance,14.91,3,0,4.6221
9/24/2015,West,Office Supplies,Appliances,Shaun Chance,1158.12,4,0,335.8548
11/26/2015,Central,Technology,Copiers,Erin Ashbrook,599.99,1,0,233.9961
8/31/2016,Central,Office Supplies,Storage,Theone Pippenger,23.968,2,0.2,2.3968
04-12-2016,West,Furniture,Chairs,Beth Paige,638.288,7,0.2,-31.9144
04-12-2016,West,Office Supplies,Binders,Beth Paige,13.208,1,0.2,4.6228
12-04-2016,East,Office Supplies,Binders,Liz MacKendrick,15.528,3,0.2,5.823
12-04-2016,West,Office Supplies,Paper,Kean Takahito,104.85,1,0,50.328
11-11-2014,West,Office Supplies,Art,Arthur Prichep,30.48,3,0,7.9248
11-11-2014,West,Furniture,Chairs,Arthur Prichep,112.648,1,0.2,11.2648
04-02-2015,West,Technology,Machines,John Dryer,71.976,3,0.2,24.2919
12-12-2015,West,Office Supplies,Art,Xylona Preis,2.21,1,0,0.5967
12-12-2015,West,Office Supplies,Envelopes,Xylona Preis,15.52,4,0,7.4496
12-12-2015,West,Office Supplies,Paper,Xylona Preis,36.44,4,0,16.398
10-02-2017,West,Furniture,Bookcases,Juliana Krohn,217.764,6,0.7,-384.7164
10-02-2017,West,Office Supplies,Supplies,Juliana Krohn,39.072,6,0.2,4.3956
10-02-2017,West,Office Supplies,Binders,Juliana Krohn,22.638,7,0.7,-16.6012
10-02-2017,West,Office Supplies,Art,Juliana Krohn,95.144,7,0.2,10.7037
04-10-2017,South,Furniture,Furnishings,Mitch Gastineau,12.32,5,0.2,1.848
04-10-2017,South,Office Supplies,Binders,Mitch Gastineau,4.419,3,0.7,-3.0933
9/29/2017,West,Office Supplies,Fasteners,Patrick Gardner,35,7,0,16.8
9/29/2017,West,Furniture,Chairs,Patrick Gardner,72.784,1,0.2,0
9/29/2017,West,Office Supplies,Appliances,Patrick Gardner,97.84,2,0,25.4384
9/29/2017,West,Furniture,Furnishings,Patrick Gardner,51.75,1,0,15.525
9/29/2017,West,Office Supplies,Binders,Patrick Gardner,46.672,2,0.2,16.3352
9/29/2014,East,Office Supplies,Storage,Lisa DeCherney,1395.54,9,0,362.8404
9/29/2014,East,Furniture,Furnishings,Lisa DeCherney,117.36,4,0,36.3816
9/29/2014,East,Office Supplies,Labels,Lisa DeCherney,18.9,3,0,8.694
9/29/2014,East,Office Supplies,Paper,Lisa DeCherney,77.52,2,0,37.9848
8/20/2014,Central,Furniture,Chairs,Craig Reiter,421.372,2,0.3,-6.0196
07-11-2014,Central,Technology,Phones,Michael Nguyen,575.968,4,0.2,43.1976
07-11-2014,Central,Office Supplies,Paper,Michael Nguyen,10.368,2,0.2,3.6288
3/22/2015,West,Technology,Phones,Ruben Dartt,15.984,2,0.2,1.1988
05-12-2017,East,Office Supplies,Art,Julie Prescott,10.272,3,0.2,1.1556
11/13/2017,Central,Office Supplies,Storage,Katrina Edelman,61.792,4,0.2,6.1792
11/13/2017,Central,Furniture,Bookcases,Katrina Edelman,205.9992,3,0.32,-27.2646
09-04-2016,South,Office Supplies,Paper,Delfina Latchford,12.192,3,0.2,4.1148
09-04-2016,South,Office Supplies,Appliances,Delfina Latchford,87.168,2,0.2,8.7168
09-04-2016,South,Office Supplies,Art,Delfina Latchford,31.744,2,0.2,8.3328
02-06-2016,South,Furniture,Furnishings,Karen Bern,132.224,4,0.2,-18.1808
3/22/2015,West,Office Supplies,Paper,Justin Deggeller,105.52,4,0,48.5392
3/22/2015,West,Furniture,Furnishings,Justin Deggeller,91.96,2,0,15.6332
3/22/2015,West,Technology,Phones,Justin Deggeller,1487.976,3,0.2,185.997
07-02-2015,East,Office Supplies,Paper,Steven Roelle,19.44,3,0,9.3312
6/15/2015,South,Technology,Accessories,Amy Cox,11.672,1,0.2,-0.7295
11/26/2014,East,Technology,Phones,Lynn Smith,279.96,4,0,78.3888
11/26/2014,East,Office Supplies,Binders,Lynn Smith,12.912,3,0.2,4.6806
11/26/2014,East,Office Supplies,Binders,Lynn Smith,17.088,4,0.2,5.7672
11/26/2014,East,Office Supplies,Labels,Lynn Smith,93.15,9,0,44.712
11/26/2014,East,Office Supplies,Labels,Lynn Smith,11.52,4,0,5.6448
05-12-2017,West,Office Supplies,Supplies,Charles Sheldon,238.62,2,0,4.7724
05-12-2017,West,Office Supplies,Appliances,Charles Sheldon,7.77,1,0,2.0979
05-12-2017,West,Furniture,Tables,Charles Sheldon,285.48,5,0.2,-10.7055
05-12-2017,West,Office Supplies,Binders,Charles Sheldon,19.168,4,0.2,6.4692
05-02-2014,East,Office Supplies,Appliances,Andrew Roberts,26.136,3,0.2,1.9602
09-03-2017,East,Office Supplies,Paper,Katrina Bavinger,419.4,4,0,201.312
09-03-2017,East,Furniture,Chairs,Katrina Bavinger,90.801,1,0.1,14.1246
09-03-2017,East,Furniture,Chairs,Katrina Bavinger,181.764,2,0.1,-8.0784
09-03-2017,East,Office Supplies,Art,Katrina Bavinger,5.56,2,0,2.224
12-03-2016,Central,Furniture,Tables,Michael Moore,581.96,2,0,104.7528
12-03-2016,Central,Furniture,Chairs,Michael Moore,29.98,1,0,8.0946
7/18/2015,West,Technology,Accessories,Roland Fjeld,519.96,4,0,176.7864
7/21/2016,South,Office Supplies,Labels,Beth Paige,6.264,3,0.2,2.0358
7/21/2016,South,Furniture,Chairs,Beth Paige,363.92,5,0.2,0
06-09-2015,South,Office Supplies,Binders,Max Jones,64.2,5,0.7,-42.8
06-09-2015,South,Office Supplies,Binders,Max Jones,38.52,3,0.7,-26.964
06-09-2015,South,Technology,Accessories,Max Jones,72.6,5,0.2,-8.1675
11/27/2017,West,Technology,Phones,Doug O'Connell,57.568,4,0.2,5.7568
3/27/2015,West,Office Supplies,Storage,Mark Van Huff,83.7,5,0,3.348
9/22/2015,South,Office Supplies,Paper,Michael Grace,32.4,5,0,15.552
9/22/2015,South,Furniture,Furnishings,Michael Grace,47.98,2,0,11.0354
11/17/2015,West,Technology,Phones,Brian Stugart,415.968,4,0.2,51.996
11/17/2015,West,Office Supplies,Storage,Brian Stugart,304.9,5,0,6.098
11/17/2015,West,Furniture,Furnishings,Brian Stugart,80.96,4,0,29.1456
11/17/2015,West,Office Supplies,Storage,Brian Stugart,777.21,7,0,54.4047
11/17/2015,West,Office Supplies,Paper,Brian Stugart,32.4,5,0,15.552
11/17/2015,West,Furniture,Chairs,Brian Stugart,225.568,2,0.2,2.8196
11/17/2015,West,Furniture,Furnishings,Brian Stugart,36.6,3,0,15.372
11-10-2015,Central,Office Supplies,Appliances,Philisse Overcash,715.64,2,0,178.91
11-10-2015,Central,Office Supplies,Storage,Philisse Overcash,795.51,3,0,143.1918
11-10-2015,Central,Technology,Copiers,Philisse Overcash,549.99,1,0,274.995
11-10-2015,Central,Office Supplies,Binders,Philisse Overcash,74.76,3,0,34.3896
11-10-2015,Central,Furniture,Furnishings,Philisse Overcash,29.22,3,0,12.8568
09-10-2014,South,Office Supplies,Binders,Dianna Arnett,9.64,2,0,4.7236
08-05-2015,Central,Office Supplies,Storage,Anna Häberlin,33.488,7,0.2,-1.2558
08-05-2015,Central,Office Supplies,Supplies,Anna Häberlin,23.04,3,0.2,-4.896
08-05-2015,Central,Office Supplies,Binders,Anna Häberlin,1.362,1,0.8,-2.1792
08-05-2015,Central,Furniture,Furnishings,Anna Häberlin,14.76,5,0.6,-11.439
09-03-2017,West,Furniture,Bookcases,Joe Kamberova,239.666,2,0.15,14.098
11-01-2015,South,Furniture,Tables,MaryBeth Skach,301.96,2,0,45.294
4/29/2015,East,Office Supplies,Paper,Jim Kriz,7.968,2,0.2,2.8884
05-01-2016,South,Office Supplies,Paper,Chris McAfee,109.92,2,0,53.8608
05-01-2016,South,Office Supplies,Paper,Chris McAfee,19.44,3,0,9.3312
05-01-2016,South,Office Supplies,Art,Chris McAfee,11.16,2,0,4.3524
08-05-2014,East,Office Supplies,Appliances,Ricardo Sperren,79.47,3,0,22.2516
08-05-2014,East,Office Supplies,Art,Ricardo Sperren,4.56,2,0,2.0064
08-05-2014,East,Furniture,Chairs,Ricardo Sperren,1133.35,5,0,294.671
01-04-2016,East,Office Supplies,Art,Ben Peterman,4.672,1,0.2,0.584
01-04-2016,East,Office Supplies,Binders,Ben Peterman,104.58,6,0.7,-80.178
11-07-2016,West,Furniture,Chairs,Michelle Arnett,1603.136,4,0.2,100.196
6/14/2016,West,Furniture,Tables,Ed Braxton,1293.488,7,0.2,80.843
9/24/2016,Central,Furniture,Furnishings,Ruben Dartt,127.95,3,0,21.7515
3/30/2017,South,Office Supplies,Storage,Maria Etezadi,59.76,1,0,16.7328
06-04-2017,South,Office Supplies,Binders,Erica Hernandez,108.08,7,0,54.04
06-04-2017,South,Office Supplies,Binders,Erica Hernandez,9.54,3,0,4.3884
04-07-2015,East,Office Supplies,Art,Frank Merwin,11.736,3,0.2,1.0269
5/21/2014,East,Office Supplies,Binders,Frank Gastineau,447.86,7,0,219.4514
5/21/2014,East,Office Supplies,Paper,Frank Gastineau,17.94,3,0,8.7906
5/21/2014,East,Office Supplies,Appliances,Frank Gastineau,245.88,6,0,68.8464
09-05-2016,East,Office Supplies,Paper,Mark Van Huff,192.16,4,0,92.2368
9/18/2016,West,Furniture,Chairs,Jane Waco,801.568,2,0.2,50.098
9/18/2016,West,Office Supplies,Paper,Jane Waco,368.91,9,0,180.7659
9/18/2016,West,Furniture,Chairs,Jane Waco,885.528,9,0.2,-99.6219
3/13/2016,West,Furniture,Furnishings,Edward Hooks,28.28,2,0,7.3528
3/13/2016,West,Office Supplies,Supplies,Edward Hooks,4912.59,3,0,196.5036
10/16/2014,West,Office Supplies,Binders,Lynn Smith,14.352,3,0.2,5.0232
10/16/2014,West,Technology,Accessories,Lynn Smith,179.97,3,0,86.3856
10-08-2017,East,Office Supplies,Storage,Barry Pond,42.76,1,0,11.1176
05-07-2015,South,Office Supplies,Paper,Chris Cortes,45.68,2,0,21.0128
4/14/2016,East,Office Supplies,Binders,Jill Matthias,25.06,2,0,11.7782
11/21/2016,Central,Office Supplies,Paper,Roger Demir,38.432,1,0.2,13.4512
11/21/2016,Central,Office Supplies,Storage,Roger Demir,21.568,2,0.2,1.6176
11/21/2016,Central,Technology,Accessories,Roger Demir,81.576,3,0.2,2.0394
09-10-2017,South,Office Supplies,Binders,Shahid Shariari,2.78,1,0,1.3622
09-09-2017,West,Office Supplies,Storage,Keith Dawkins,99.87,3,0,23.9688
11-01-2014,West,Office Supplies,Labels,Paul Lucas,44.4,3,0,22.2
11-01-2014,West,Office Supplies,Paper,Paul Lucas,21.4,5,0,9.63
04-03-2016,Central,Furniture,Furnishings,Zuschuss Donatelli,71.12,4,0,22.0472
04-03-2016,Central,Technology,Phones,Zuschuss Donatelli,259.96,4,0,124.7808
01-12-2017,West,Office Supplies,Envelopes,Linda Southworth,9.78,1,0,4.89
11/20/2015,West,Office Supplies,Binders,Patrick Bzostek,24.192,9,0.2,7.56
11/27/2016,East,Furniture,Furnishings,Pamela Coakley,31.56,3,0,10.4148
11-06-2017,West,Office Supplies,Paper,Frank Merwin,59.94,3,0,28.1718
11-06-2017,West,Office Supplies,Paper,Frank Merwin,45.36,4,0,22.2264
11-06-2017,West,Office Supplies,Paper,Frank Merwin,26.4,5,0,12.672
11-06-2017,West,Office Supplies,Labels,Frank Merwin,41.4,4,0,19.872
11-06-2017,West,Technology,Accessories,Frank Merwin,16.95,1,0,1.017
12-02-2016,West,Office Supplies,Binders,Keith Dawkins,24.704,2,0.2,9.264
12-02-2016,West,Office Supplies,Appliances,Keith Dawkins,59.7,3,0,26.865
12-02-2016,West,Furniture,Furnishings,Keith Dawkins,14.52,3,0,5.6628
12-02-2016,West,Office Supplies,Binders,Keith Dawkins,104.184,3,0.2,33.8598
12/17/2016,West,Office Supplies,Storage,Steve Carroll,46.53,3,0,13.0284
8/24/2014,South,Office Supplies,Supplies,Dorothy Wardle,25.5,3,0,6.63
9/17/2015,East,Office Supplies,Storage,Peter Fuller,14.9,5,0,1.043
9/17/2015,East,Office Supplies,Labels,Peter Fuller,87.71,7,0,41.2237
9/17/2015,East,Furniture,Chairs,Peter Fuller,199.764,2,0.1,8.8784
9/17/2015,East,Office Supplies,Storage,Peter Fuller,94.6,4,0,27.434
9/17/2015,East,Furniture,Bookcases,Peter Fuller,4228.704,6,0.2,158.5764
9/17/2015,East,Furniture,Bookcases,Peter Fuller,2003.92,5,0.2,-25.049
9/17/2015,East,Technology,Phones,Peter Fuller,209.97,3,0,58.7916
9/17/2015,East,Technology,Accessories,Peter Fuller,659.9,2,0,217.767
9/17/2015,East,Office Supplies,Paper,Peter Fuller,110.96,2,0,53.2608
9/17/2015,East,Technology,Phones,Peter Fuller,67.8,4,0,1.356
11/26/2016,East,Furniture,Tables,Dean Katz,313.176,2,0.4,-120.0508
11/19/2017,South,Office Supplies,Art,Richard Bierner,22.96,7,0,6.6584
06-03-2017,West,Technology,Accessories,Giulietta Dortch,1099.5,10,0,362.835
04-08-2014,South,Furniture,Tables,Ruben Ausman,1215.92,8,0,316.1392
10-11-2014,South,Office Supplies,Labels,Dorothy Badders,7.31,1,0,3.4357
10-11-2014,South,Furniture,Furnishings,Dorothy Badders,8.92,4,0,3.9248
07-07-2017,East,Furniture,Bookcases,Rob Lucas,87.21,3,0.5,-45.3492
07-07-2017,East,Office Supplies,Paper,Rob Lucas,15.552,3,0.2,5.4432
07-07-2017,East,Technology,Phones,Rob Lucas,683.988,2,0.4,-113.998
07-07-2017,East,Office Supplies,Storage,Rob Lucas,13.392,3,0.2,1.0044
07-07-2017,East,Technology,Accessories,Rob Lucas,16.776,3,0.2,4.8231
07-07-2017,East,Technology,Accessories,Rob Lucas,527.92,2,0.2,85.787
07-04-2016,West,Furniture,Furnishings,Rick Bensley,25.4,5,0,8.636
07-04-2016,West,Technology,Phones,Rick Bensley,177.48,3,0.2,19.9665
07-04-2016,West,Technology,Phones,Rick Bensley,71.976,3,0.2,8.997
5/19/2017,Central,Technology,Phones,Jason Fortune-,95.992,1,0.2,9.5992
5/19/2017,Central,Office Supplies,Labels,Jason Fortune-,13.216,4,0.2,4.2952
10-12-2017,West,Technology,Accessories,Robert Waldorf,435.84,12,0,130.752
10-12-2017,West,Office Supplies,Art,Robert Waldorf,5.88,2,0,1.5876
08-06-2016,West,Technology,Phones,Vivek Gonzalez,211.168,4,0.2,18.4772
8/25/2014,West,Furniture,Furnishings,Janet Molinari,6.28,1,0,2.6376
8/25/2014,West,Technology,Accessories,Janet Molinari,95.1,5,0,30.432
8/25/2014,West,Office Supplies,Paper,Janet Molinari,25.92,4,0,12.4416
8/25/2014,West,Office Supplies,Storage,Janet Molinari,48.84,4,0,13.1868
9/14/2015,Central,Office Supplies,Binders,Brad Eason,25.9,5,0,12.691
03-05-2017,South,Office Supplies,Envelopes,Claudia Bergmann,42.68,4,0,19.6328
03-05-2017,South,Technology,Accessories,Claudia Bergmann,299.97,3,0,125.9874
03-05-2017,South,Office Supplies,Appliances,Claudia Bergmann,262.24,2,0,78.672
03-05-2017,South,Office Supplies,Binders,Claudia Bergmann,234.36,6,0,112.4928
4/15/2017,Central,Office Supplies,Paper,Shirley Daniels,20.736,4,0.2,7.2576
3/30/2014,East,Office Supplies,Art,Susan Gilcrest,10.5,5,0,2.94
11-11-2014,East,Furniture,Furnishings,Tom Stivers,23.968,2,0.2,7.7896
11-11-2014,East,Furniture,Bookcases,Tom Stivers,521.96,4,0.5,-250.5408
03-12-2016,West,Office Supplies,Storage,Dean Katz,676.55,5,0,6.7655
03-12-2016,West,Office Supplies,Appliances,Dean Katz,154.9,5,0,40.274
03-12-2016,West,Office Supplies,Envelopes,Dean Katz,30.56,4,0,14.9744
03-12-2016,West,Furniture,Chairs,Dean Katz,770.352,3,0.2,77.0352
02-09-2017,West,Furniture,Furnishings,Marina Lichtenstein,21.12,4,0,6.5472
11-11-2014,West,Technology,Phones,Matt Abelman,575.928,9,0.2,57.5928
11-11-2014,West,Office Supplies,Appliances,Matt Abelman,7.78,2,0,2.0228
11-11-2014,West,Office Supplies,Paper,Matt Abelman,123.92,4,0,55.764
8/20/2017,West,Office Supplies,Supplies,Lisa Ryan,17.22,3,0,5.166
8/20/2017,West,Office Supplies,Storage,Lisa Ryan,226.56,6,0,63.4368
8/20/2017,West,Technology,Phones,Lisa Ryan,107.88,3,0.2,10.788
1/15/2016,East,Office Supplies,Paper,Bill Eplett,81.98,2,0,40.1702
7/20/2014,West,Office Supplies,Paper,Charles Crestani,104.85,1,0,50.328
7/20/2014,West,Office Supplies,Binders,Charles Crestani,8.704,2,0.2,3.1552
7/20/2014,West,Office Supplies,Paper,Charles Crestani,19.92,4,0,9.7608
7/20/2014,West,Furniture,Furnishings,Charles Crestani,43.02,3,0,15.4872
02-06-2017,East,Furniture,Bookcases,Bryan Davis,240.784,1,0.2,30.098
12/25/2015,East,Office Supplies,Appliances,Jim Kriz,414.96,2,0,124.488
10-08-2016,South,Office Supplies,Storage,Doug Bickford,387.72,5,0.2,-67.851
7/13/2017,Central,Office Supplies,Storage,Rick Reed,360.38,2,0,93.6988
7/13/2017,Central,Office Supplies,Paper,Rick Reed,13.56,2,0,6.2376
4/24/2017,West,Technology,Phones,Susan Vittorini,552,10,0.2,34.5
09-07-2014,Central,Furniture,Tables,Rick Bensley,429.9,5,0,111.774
09-07-2014,Central,Office Supplies,Binders,Rick Bensley,32.06,2,0,15.3888
09-07-2014,Central,Furniture,Chairs,Rick Bensley,161.96,2,0,45.3488
09-07-2014,Central,Office Supplies,Storage,Rick Bensley,19.86,2,0,5.7594
11/21/2016,East,Office Supplies,Paper,Mike Vittorini,12.96,2,0,6.3504
9/16/2017,East,Office Supplies,Paper,Evan Henry,20.544,6,0.2,6.42
7/19/2016,South,Furniture,Furnishings,Joy Smith,185.58,6,0,76.0878
7/19/2016,South,Office Supplies,Binders,Joy Smith,77.56,2,0,35.6776
7/19/2016,South,Office Supplies,Storage,Joy Smith,87.92,4,0,0.8792
7/19/2016,South,Office Supplies,Paper,Joy Smith,245.94,6,0,120.5106
7/19/2016,South,Office Supplies,Binders,Joy Smith,8.6,1,0,4.042
7/19/2016,South,Furniture,Bookcases,Joy Smith,504.9,5,0,126.225
9/15/2017,West,Office Supplies,Binders,Erica Smith,2357.488,7,0.2,884.058
9/15/2017,West,Technology,Phones,Erica Smith,369.544,7,0.2,32.3351
9/15/2017,West,Furniture,Chairs,Erica Smith,184.752,3,0.2,-20.7846
12-11-2016,East,Office Supplies,Storage,Noel Staavos,64.96,5,0.2,-4.06
12-11-2016,East,Office Supplies,Supplies,Noel Staavos,13.52,2,0.2,1.69
12-11-2016,East,Furniture,Chairs,Noel Staavos,458.43,5,0.3,-137.529
12-11-2016,East,Office Supplies,Appliances,Noel Staavos,387.136,4,0.2,24.196
12-11-2016,East,Furniture,Tables,Noel Staavos,328.59,3,0.4,-147.8655
12-10-2014,West,Furniture,Chairs,Sally Hughsby,338.352,3,0.2,4.2294
12-10-2014,West,Office Supplies,Paper,Sally Hughsby,25.92,4,0,12.4416
12-10-2014,West,Office Supplies,Paper,Sally Hughsby,91.36,4,0,42.0256
12/13/2014,West,Furniture,Furnishings,Randy Ferguson,87.96,3,0.2,7.6965
12/13/2014,West,Office Supplies,Binders,Randy Ferguson,5.214,2,0.7,-4.1712
9/21/2017,South,Office Supplies,Binders,Dan Lawera,12.294,1,0.7,-8.6058
09-07-2017,West,Furniture,Furnishings,Allen Goldenen,19.76,4,0,8.2992
11-02-2015,East,Furniture,Chairs,Scot Wooten,109.764,2,0.1,8.5372
12-11-2017,East,Technology,Phones,Katherine Nockton,128.85,3,0,3.8655
04-01-2017,South,Furniture,Furnishings,George Bell,127.95,3,0,21.7515
12/30/2015,West,Office Supplies,Paper,Clay Ludtke,68.52,3,0,31.5192
12/30/2015,West,Office Supplies,Storage,Clay Ludtke,74.94,3,0,14.2386
12/30/2015,West,Technology,Machines,Clay Ludtke,2548.56,6,0.2,286.713
12/30/2015,West,Office Supplies,Envelopes,Clay Ludtke,271.44,3,0,122.148
12/30/2015,West,Technology,Phones,Clay Ludtke,287.88,3,0.2,35.985
03-10-2016,West,Office Supplies,Paper,Karen Ferguson,14.9,5,0,7.152
03-10-2016,West,Technology,Phones,Karen Ferguson,4158.912,8,0.2,363.9048
04-06-2014,West,Furniture,Furnishings,Andy Yotov,91.96,2,0,15.6332
04-06-2014,West,Furniture,Furnishings,Andy Yotov,33.11,7,0,12.9129
04-06-2014,West,Office Supplies,Paper,Andy Yotov,19.44,3,0,9.3312
04-06-2014,West,Office Supplies,Paper,Andy Yotov,55.48,1,0,26.6304
10-05-2014,East,Office Supplies,Appliances,Brian Derr,91.92,5,0.2,11.49
8/13/2016,South,Office Supplies,Appliances,Hunter Glantz,17.34,2,0,4.6818
8/13/2016,South,Technology,Accessories,Hunter Glantz,71.98,2,0,15.1158
11/17/2014,Central,Office Supplies,Envelopes,Cassandra Brandow,7.08,3,0.2,2.478
4/24/2017,East,Technology,Accessories,Linda Southworth,69.98,2,0,4.8986
8/24/2017,East,Office Supplies,Appliances,Darrin Martin,646.272,8,0.2,64.6272
8/24/2017,East,Office Supplies,Paper,Darrin Martin,10.368,2,0.2,3.7584
2/23/2017,West,Office Supplies,Fasteners,Ann Chong,8.4,5,0,0.336
2/23/2017,West,Technology,Phones,Ann Chong,71.96,5,0.2,25.186
11/19/2016,South,Office Supplies,Art,Liz Thompson,18.48,2,0.2,6.006
11/14/2016,West,Office Supplies,Art,Tim Brockman,9.84,3,0,2.8536
07-06-2017,South,Furniture,Chairs,Angele Hood,239.24,1,0.2,23.924
12/25/2016,East,Furniture,Furnishings,Saphhira Shifley,21.12,4,0,6.5472
4/23/2017,East,Office Supplies,Supplies,Tamara Dahlen,54.9,5,0,15.372
12/14/2015,West,Furniture,Furnishings,Paul Prost,15.24,3,0,5.1816
4/19/2015,Central,Office Supplies,Appliances,Patrick Gardner,19.568,2,0.8,-52.8336
4/19/2015,Central,Office Supplies,Binders,Patrick Gardner,310.392,4,0.8,-512.1468
09-04-2016,South,Furniture,Furnishings,Anna Andreadi,42.6,3,0,16.614
09-04-2016,South,Office Supplies,Binders,Anna Andreadi,113.94,6,0,54.6912
09-04-2016,South,Office Supplies,Storage,Anna Andreadi,129.92,4,0,5.1968
09-04-2016,South,Office Supplies,Art,Anna Andreadi,5.28,3,0,2.5344
9/24/2017,West,Technology,Phones,Frank Atkinson,859.2,3,0.2,75.18
9/24/2017,West,Technology,Machines,Frank Atkinson,506.28,3,0.2,177.198
02-04-2016,West,Furniture,Furnishings,Tracy Blumstein,14.368,2,0.2,3.9512
5/19/2017,South,Furniture,Chairs,Adam Hart,314.352,3,0.2,-35.3646
5/19/2017,South,Office Supplies,Paper,Adam Hart,27.888,7,0.2,10.1094
09-03-2015,West,Furniture,Furnishings,Cathy Prescott,238.152,3,0.2,89.307
06-09-2016,Central,Furniture,Tables,Benjamin Farhat,692.94,3,0,173.235
11-07-2015,South,Office Supplies,Binders,Christine Phan,16.146,9,0.7,-12.9168
11-07-2015,South,Office Supplies,Binders,Christine Phan,1345.485,5,0.7,-1031.5385
6/15/2016,Central,Office Supplies,Paper,Lynn Smith,173.488,7,0.2,54.215
4/25/2015,Central,Office Supplies,Art,Trudy Schmidt,57.75,5,0,16.17
4/25/2015,Central,Office Supplies,Appliances,Trudy Schmidt,272.4,5,0,76.272
9/23/2016,East,Office Supplies,Paper,Joni Sundaresam,11.952,3,0.2,4.0338
9/23/2016,East,Furniture,Furnishings,Joni Sundaresam,28,4,0.2,7.7
9/23/2016,East,Office Supplies,Binders,Joni Sundaresam,12.201,7,0.7,-9.7608
8/18/2016,Central,Office Supplies,Binders,Natalie Fritzler,2.068,1,0.8,-3.4122
8/18/2016,Central,Office Supplies,Paper,Natalie Fritzler,83.84,8,0.2,30.392
03-02-2014,East,Office Supplies,Envelopes,Kristina Nunn,11.36,2,0,5.3392
03-02-2014,East,Office Supplies,Paper,Kristina Nunn,36.4,5,0,17.472
12/30/2014,East,Technology,Accessories,Guy Armstrong,27.968,2,0.2,6.992
04-10-2015,East,Office Supplies,Storage,Eugene Hildebrand,142.04,4,0,38.3508
04-10-2015,East,Office Supplies,Art,Eugene Hildebrand,14.67,3,0,6.0147
12/25/2015,West,Technology,Copiers,Ralph Arnett,1199.96,5,0.2,224.9925
12/25/2015,West,Office Supplies,Paper,Ralph Arnett,12.6,3,0,6.174
12/25/2015,West,Office Supplies,Paper,Ralph Arnett,17.94,3,0,8.073
04-05-2015,East,Office Supplies,Labels,Ted Trevino,23.904,6,0.2,7.7688
1/17/2015,South,Office Supplies,Supplies,Amy Hunt,88.96,8,0.2,10.008
5/20/2017,West,Furniture,Chairs,Chuck Clark,518.272,8,0.2,-97.176
5/20/2017,West,Furniture,Furnishings,Chuck Clark,6.98,1,0,3.3504
5/20/2017,West,Technology,Machines,Chuck Clark,343.2,1,0.2,38.61
8/13/2017,East,Office Supplies,Labels,Keith Dawkins,17.544,3,0.2,5.9211
12/31/2015,Central,Office Supplies,Storage,Barry Gonzalez,152.688,2,0.2,-26.7204
12/31/2015,Central,Office Supplies,Fasteners,Barry Gonzalez,3.488,2,0.2,0.5668
12/31/2015,Central,Office Supplies,Supplies,Barry Gonzalez,5.888,2,0.2,-1.3248
12/25/2017,West,Office Supplies,Binders,Fred Hopkins,153.552,3,0.2,51.8238
12/25/2017,West,Office Supplies,Storage,Fred Hopkins,270.62,2,0,2.7062
09-01-2016,East,Technology,Accessories,Patrick Gardner,468.9,6,0,206.316
09-01-2016,East,Technology,Accessories,Patrick Gardner,72.48,2,0,30.4416
09-01-2016,East,Office Supplies,Supplies,Patrick Gardner,10.95,3,0,3.285
09-01-2016,East,Furniture,Furnishings,Patrick Gardner,191.82,3,0,61.3824
08-05-2017,Central,Office Supplies,Storage,Nick Zandusky,151.056,9,0.2,7.5528
2/18/2014,Central,Furniture,Furnishings,Troy Blackwell,25.16,5,0.6,-11.322
11/22/2016,Central,Office Supplies,Binders,Jeremy Ellison,6.216,6,0.8,-9.6348
11/22/2016,Central,Office Supplies,Art,Jeremy Ellison,23.616,9,0.2,2.6568
11/22/2016,Central,Technology,Accessories,Jeremy Ellison,24.032,2,0.2,-0.6008
11/22/2016,Central,Office Supplies,Labels,Jeremy Ellison,2.088,1,0.2,0.6786
11/22/2016,Central,Office Supplies,Binders,Jeremy Ellison,4.488,6,0.8,-6.732
12/14/2015,West,Furniture,Furnishings,Eric Hoffmann,29.22,3,0,12.8568
6/13/2015,South,Office Supplies,Paper,Barbara Fisher,6.48,1,0,3.1104
12/28/2017,West,Office Supplies,Binders,Pamela Coakley,1.188,2,0.7,-0.99
9/20/2017,East,Furniture,Chairs,Seth Vernon,272.646,3,0.1,18.1764
9/20/2017,East,Technology,Accessories,Seth Vernon,212.8,2,0,95.76
9/20/2017,East,Office Supplies,Paper,Seth Vernon,38.52,9,0,18.1044
9/20/2017,East,Technology,Accessories,Seth Vernon,72.64,2,0,21.792
9/20/2017,East,Office Supplies,Storage,Seth Vernon,45.4,4,0,12.712
9/20/2017,East,Office Supplies,Paper,Seth Vernon,13.76,2,0,6.3296
9/20/2017,East,Furniture,Chairs,Seth Vernon,80.991,1,0.1,8.0991
9/20/2017,East,Office Supplies,Binders,Seth Vernon,11.784,3,0.2,3.9771
9/20/2017,East,Office Supplies,Fasteners,Seth Vernon,4.36,2,0,1.7876
9/20/2017,East,Furniture,Chairs,Seth Vernon,2888.127,11,0.1,609.7157
9/20/2017,East,Technology,Phones,Seth Vernon,1299.66,2,0,350.9082
9/20/2017,East,Furniture,Chairs,Seth Vernon,2254.41,5,0.1,375.735
9/20/2017,East,Technology,Phones,Seth Vernon,104.85,3,0,28.3095
9/20/2017,East,Technology,Accessories,Seth Vernon,59.97,3,0,20.3898
8/22/2017,East,Furniture,Tables,Dean percer,314.532,2,0.4,-83.8752
6/18/2015,South,Office Supplies,Art,Harold Ryan,13.632,4,0.2,3.5784
12/20/2014,Central,Office Supplies,Appliances,William Brown,19.432,2,0.8,-49.5516
12/20/2014,Central,Technology,Accessories,William Brown,65.44,5,0.2,-8.18
09-11-2016,Central,Office Supplies,Labels,Adam Shillingsburg,6,2,0.2,2.1
09-11-2016,Central,Office Supplies,Binders,Adam Shillingsburg,1.908,3,0.8,-3.2436
11-12-2016,East,Furniture,Chairs,Susan Pistek,1474.802,7,0.3,-21.0686
11-12-2016,East,Office Supplies,Appliances,Susan Pistek,110.096,2,0.2,33.0288
11-12-2016,East,Office Supplies,Fasteners,Susan Pistek,16.752,6,0.2,5.4444
11-12-2016,East,Furniture,Chairs,Susan Pistek,1537.074,9,0.3,0
11-12-2016,East,Furniture,Chairs,Susan Pistek,449.372,2,0.3,-12.8392
3/14/2016,West,Office Supplies,Binders,Stephanie Phelps,41.904,6,0.2,14.1426
11/13/2016,East,Technology,Phones,Corinna Mitchell,2279.96,4,0,592.7896
11/13/2016,East,Office Supplies,Labels,Corinna Mitchell,14.94,3,0,6.8724
9/19/2017,West,Technology,Phones,Justin Ritter,191.976,3,0.2,19.1976
9/19/2017,West,Office Supplies,Art,Justin Ritter,23.832,3,0.2,6.5538
9/19/2017,West,Furniture,Furnishings,Justin Ritter,409.216,8,0.2,61.3824
9/19/2017,West,Furniture,Bookcases,Justin Ritter,72.588,2,0.7,-128.2388
12-04-2017,Central,Office Supplies,Storage,Christy Brittain,61.568,2,0.2,4.6176
8/31/2015,Central,Office Supplies,Paper,Shirley Daniels,20.96,4,0.2,6.812
06-03-2017,West,Technology,Accessories,Saphhira Shifley,44.75,5,0,8.5025
06-03-2017,West,Office Supplies,Paper,Saphhira Shifley,11.96,2,0,5.382
06-03-2017,West,Office Supplies,Binders,Saphhira Shifley,3.912,1,0.2,1.2714
3/31/2016,East,Furniture,Chairs,Erica Hackney,327.996,6,0.1,54.666
10/25/2014,West,Office Supplies,Binders,Aaron Hawkins,49.408,4,0.2,18.528
3/26/2017,South,Technology,Accessories,Evan Minnotte,53.25,3,0,20.7675
3/26/2017,South,Office Supplies,Fasteners,Evan Minnotte,3.76,2,0,1.316
12/27/2014,East,Furniture,Chairs,Thomas Brumley,767.214,14,0.1,161.9674
9/15/2017,South,Office Supplies,Paper,Alan Barnes,163.96,5,0.2,59.4355
8/16/2016,West,Furniture,Tables,Anthony O'Donnell,161.28,2,0.2,12.096
11-04-2016,West,Office Supplies,Art,Thomas Thornton,192.8,4,0,55.912
10/18/2015,Central,Technology,Accessories,Kristina Nunn,27.696,3,0.2,3.462
10/18/2015,Central,Office Supplies,Appliances,Kristina Nunn,73.164,6,0.8,-186.5682
10/31/2016,South,Office Supplies,Paper,Frank Olsen,32.064,6,0.2,11.2224
3/30/2014,West,Furniture,Bookcases,Guy Armstrong,205.666,2,0.15,-12.098
4/18/2015,West,Office Supplies,Storage,Nathan Cano,115.44,3,0,30.0144
07-09-2017,East,Office Supplies,Paper,Jamie Frazer,274.8,5,0,134.652
07-09-2017,East,Office Supplies,Storage,Jamie Frazer,195.64,4,0,3.9128
07-09-2017,East,Technology,Phones,Jamie Frazer,257.98,2,0,74.8142
07-09-2017,East,Office Supplies,Art,Jamie Frazer,119.04,6,0,48.8064
6/27/2017,Central,Office Supplies,Paper,Greg Tran,20.07,3,0,9.2322
12/22/2014,West,Office Supplies,Art,Khloe Miller,11.76,4,0,3.1752
11/21/2017,West,Office Supplies,Art,Patrick Jones,11.76,4,0,3.1752
11/21/2017,West,Office Supplies,Binders,Patrick Jones,40.736,2,0.2,14.7668
6/27/2016,West,Technology,Phones,Anna Chung,201.584,2,0.2,12.599
12/28/2017,West,Furniture,Chairs,Jason Gross,340.704,6,0.2,-34.0704
04-08-2016,South,Furniture,Bookcases,Raymond Messe,354.9,5,0,88.725
3/18/2014,West,Furniture,Bookcases,Eileen Kiefer,1198.33,10,0.15,70.49
07-03-2017,West,Office Supplies,Storage,Rob Dowd,87.92,4,0,0.8792
4/20/2017,East,Furniture,Furnishings,Cynthia Voltz,51.968,2,0.2,10.3936
4/20/2017,East,Office Supplies,Storage,Cynthia Voltz,51.336,3,0.2,5.7753
4/20/2017,East,Office Supplies,Storage,Cynthia Voltz,332.704,1,0.2,33.2704
4/20/2017,East,Furniture,Furnishings,Cynthia Voltz,42.408,3,0.2,9.5418
08-03-2016,Central,Office Supplies,Envelopes,Alex Grayson,81.54,3,0,38.3238
08-03-2016,Central,Technology,Accessories,Alex Grayson,167.28,12,0,23.4192
12-03-2016,West,Office Supplies,Storage,Gary McGarr,772.68,4,0,108.1752
3/19/2014,South,Technology,Phones,Matt Connell,323.976,3,0.2,28.3479
3/19/2014,South,Office Supplies,Labels,Matt Connell,11.808,4,0.2,3.9852
3/19/2014,South,Office Supplies,Storage,Matt Connell,26.16,3,0.2,1.962
3/19/2014,South,Office Supplies,Binders,Matt Connell,33.57,5,0.7,-25.737
3/19/2014,South,Furniture,Furnishings,Matt Connell,4.992,3,0.2,1.3728
3/19/2014,South,Furniture,Furnishings,Matt Connell,20.016,3,0.2,5.5044
3/19/2014,South,Technology,Accessories,Matt Connell,170.24,2,0.2,53.2
4/20/2015,Central,Office Supplies,Paper,Erica Smith,117.456,3,0.2,44.046
9/19/2015,West,Office Supplies,Paper,Rick Wilson,22.96,2,0,11.2504
8/27/2014,South,Office Supplies,Paper,Michael Moore,13.36,2,0,6.4128
12/19/2016,East,Office Supplies,Binders,Mark Haberlin,34.248,3,0.2,11.5587
12/19/2016,East,Office Supplies,Art,Mark Haberlin,3.52,2,0,1.0208
08-02-2014,Central,Office Supplies,Binders,Nick Zandusky,26.7,5,0,12.549
08-02-2014,Central,Technology,Accessories,Nick Zandusky,21.2,2,0,9.116
08-02-2014,Central,Office Supplies,Storage,Nick Zandusky,838.38,2,0,226.3626
9/21/2015,South,Furniture,Chairs,Giulietta Baptist,1690.04,4,0,422.51
9/21/2015,South,Office Supplies,Storage,Giulietta Baptist,85.96,7,0,24.0688
9/21/2015,South,Office Supplies,Envelopes,Giulietta Baptist,121.96,2,0,57.3212
9/21/2015,South,Office Supplies,Paper,Giulietta Baptist,23.92,4,0,11.7208
9/21/2015,South,Office Supplies,Storage,Giulietta Baptist,63.96,2,0,6.396
9/21/2015,South,Technology,Phones,Giulietta Baptist,629.95,5,0,176.386
9/21/2015,South,Technology,Phones,Giulietta Baptist,113.73,3,0,32.9817
9/21/2015,South,Office Supplies,Binders,Giulietta Baptist,14.6,2,0,6.862
9/21/2015,South,Office Supplies,Storage,Giulietta Baptist,887.84,8,0,17.7568
12-11-2016,West,Furniture,Chairs,Deborah Brumfield,403.92,5,0.2,25.245
08-07-2015,East,Office Supplies,Art,Jim Karlsson,106.8,10,0.2,10.68
11/15/2015,East,Office Supplies,Storage,Maya Herman,70.95,3,0,20.5755
11/15/2015,East,Office Supplies,Binders,Maya Herman,34.944,6,0.2,11.7936
11/15/2015,East,Office Supplies,Art,Maya Herman,119.04,6,0,35.712
04-04-2017,Central,Technology,Phones,Anne McFarland,383.84,4,0.2,47.98
12/24/2016,East,Furniture,Furnishings,Jessica Myrick,799.56,9,0,207.8856
12/13/2017,West,Office Supplies,Storage,Mitch Webber,31.44,3,0,8.4888
12/22/2017,Central,Office Supplies,Paper,Alex Grayson,25.92,5,0.2,9.072
12/22/2017,Central,Office Supplies,Binders,Alex Grayson,6.33,5,0.8,-9.8115
12/22/2017,Central,Office Supplies,Paper,Alex Grayson,75.88,5,0.2,26.558
10/21/2017,East,Technology,Phones,Charles McCrossin,329.988,2,0.4,-76.9972
10/21/2017,East,Office Supplies,Storage,Charles McCrossin,71.376,3,0.2,-4.461
11/13/2015,Central,Office Supplies,Paper,Russell Applegate,63.77,7,0,28.6965
11/13/2015,Central,Technology,Phones,Russell Applegate,50.97,3,0,13.2522
11/13/2015,Central,Office Supplies,Paper,Russell Applegate,96.08,2,0,46.1184
4/16/2015,Central,Technology,Copiers,Sarah Brown,1439.968,4,0.2,485.9892
4/16/2015,Central,Technology,Accessories,Sarah Brown,43.56,3,0.2,-4.9005
12/16/2016,West,Furniture,Chairs,Pete Kriz,563.92,5,0.2,7.049
10/21/2016,East,Technology,Phones,Susan Vittorini,235.152,8,0.4,-47.0304
12-01-2017,East,Furniture,Furnishings,Matthew Grinstein,7.712,2,0.2,1.7352
10/20/2016,Central,Office Supplies,Paper,Chuck Magee,51.016,7,0.2,15.9425
10/20/2016,Central,Office Supplies,Fasteners,Chuck Magee,25.248,4,0.2,7.89
10/20/2016,Central,Furniture,Chairs,Chuck Magee,56.686,1,0.3,-14.5764
9/29/2017,East,Office Supplies,Storage,Michelle Ellison,51.168,2,0.2,-6.396
8/18/2017,West,Office Supplies,Binders,Yana Sorensen,2793.528,9,0.2,942.8157
8/18/2017,West,Office Supplies,Storage,Yana Sorensen,1000.02,7,0,290.0058
8/18/2017,West,Furniture,Furnishings,Yana Sorensen,65.94,3,0,22.4196
11-12-2017,West,Office Supplies,Fasteners,Maria Bertelson,18.24,3,0,9.12
11-12-2017,West,Office Supplies,Appliances,Maria Bertelson,76.12,2,0,22.0748
10-11-2014,West,Office Supplies,Envelopes,Alan Shonely,7.64,1,0,3.7436
11/28/2015,East,Furniture,Furnishings,Mark Cousins,68.16,3,0,27.9456
11/28/2015,East,Office Supplies,Envelopes,Mark Cousins,62.24,8,0,29.2528
7/27/2015,South,Technology,Phones,Patrick Gardner,29.97,3,0,0.2997
10/20/2016,Central,Technology,Phones,Joy Smith,125.7,6,0,35.196
10/20/2016,Central,Technology,Phones,Joy Smith,191.98,2,0,51.8346
10/20/2016,Central,Office Supplies,Storage,Joy Smith,20.86,7,0,1.4602
9/14/2017,West,Office Supplies,Labels,Joy Bell-,56.7,9,0,26.082
12/23/2017,South,Furniture,Furnishings,Darren Koutras,72.704,4,0.2,19.0848
12/23/2017,South,Office Supplies,Art,Darren Koutras,12.264,7,0.2,1.0731
12/23/2017,South,Office Supplies,Storage,Darren Koutras,218.352,3,0.2,-54.588
10-05-2015,West,Furniture,Bookcases,Jeremy Farry,66.294,1,0.7,-103.8606
10-05-2015,West,Furniture,Chairs,Jeremy Farry,291.168,4,0.2,-14.5584
11-02-2014,Central,Technology,Phones,Patrick O'Brill,88.776,3,0.2,7.7679
1/22/2016,East,Technology,Phones,Bradley Talbott,110.376,4,0.4,-20.2356
1/22/2016,East,Technology,Accessories,Bradley Talbott,55.176,3,0.2,15.8631
07-11-2017,Central,Office Supplies,Art,Natalie Webber,30.32,4,0,11.8248
09-11-2017,West,Furniture,Chairs,Jennifer Ferguson,177.568,2,0.2,8.8784
09-11-2017,West,Office Supplies,Paper,Jennifer Ferguson,19.44,3,0,9.3312
09-11-2017,West,Office Supplies,Paper,Jennifer Ferguson,71.28,11,0,34.2144
09-11-2017,West,Office Supplies,Binders,Jennifer Ferguson,1471.96,5,0.2,459.9875
09-11-2017,West,Technology,Phones,Jennifer Ferguson,79.96,5,0.2,-17.991
2/23/2016,East,Office Supplies,Envelopes,Alyssa Crouse,57.576,3,0.2,21.591
1/22/2016,East,Office Supplies,Binders,Toby Braunhardt,26.336,4,0.2,9.2176
12-12-2015,West,Furniture,Furnishings,Helen Abelman,166.5,3,0,21.645
12-12-2015,West,Office Supplies,Storage,Helen Abelman,360.38,2,0,93.6988
10/29/2016,West,Office Supplies,Binders,Logan Haushalter,11.744,1,0.2,3.8168
5/28/2017,East,Furniture,Furnishings,Lori Olson,247.44,8,0,101.4504
12/21/2014,South,Office Supplies,Binders,Dennis Pardue,18.24,2,0.7,-14.592
11/24/2016,West,Office Supplies,Supplies,Clay Rozendal,25.35,3,0,7.605
11/20/2015,West,Office Supplies,Art,Katrina Bavinger,119.04,6,0,30.9504
11/20/2015,West,Furniture,Furnishings,Katrina Bavinger,22.14,3,0,6.4206
11/20/2015,West,Technology,Accessories,Katrina Bavinger,13.98,2,0,6.0114
5/29/2017,Central,Office Supplies,Binders,Maris LaWare,43.41,1,0,19.9686
5/29/2017,Central,Furniture,Furnishings,Maris LaWare,6.24,3,0,2.6208
5/29/2017,Central,Office Supplies,Appliances,Maris LaWare,465.16,2,0,120.9416
5/29/2017,Central,Office Supplies,Paper,Maris LaWare,7.98,1,0,3.99
12-02-2014,Central,Office Supplies,Appliances,Matt Collins,2.394,1,0.8,-6.3441
04-07-2014,South,Office Supplies,Paper,Valerie Mitchum,58.32,9,0,27.9936
04-07-2014,South,Technology,Phones,Valerie Mitchum,200.97,3,0,50.2425
09-08-2015,South,Furniture,Furnishings,Victoria Wilson,21.36,8,0,8.1168
09-09-2017,Central,Office Supplies,Labels,Grace Kelly,9.856,4,0.2,3.4496
09-06-2015,South,Office Supplies,Binders,Alyssa Tate,3.444,1,0.7,-2.5256
11-02-2017,East,Office Supplies,Supplies,Anthony Rawles,384.592,2,0.2,-81.7258
3/28/2015,East,Office Supplies,Envelopes,John Huston,22.92,3,0,11.2308
8/13/2015,Central,Office Supplies,Binders,Ralph Arnett,11.36,4,0,5.5664
05-12-2015,West,Office Supplies,Binders,Rose O'Brian,14.592,3,0.2,4.9248
7/23/2017,East,Office Supplies,Labels,Lisa Ryan,41.4,4,0,19.872
9/24/2016,Central,Office Supplies,Binders,Michael Kennedy,442.372,7,0.8,-729.9138
05-05-2017,South,Office Supplies,Binders,Yana Sorensen,34.5,3,0,15.525
10-06-2016,Central,Office Supplies,Binders,Jonathan Howell,28.85,5,0,14.425
11-03-2014,South,Office Supplies,Paper,Annie Thurman,3.488,2,0.2,1.1772
11-03-2014,South,Office Supplies,Paper,Annie Thurman,143.856,9,0.2,48.5514
10-01-2015,East,Technology,Phones,Robert Marley,311.98,2,0,93.594
10-01-2015,East,Office Supplies,Binders,Robert Marley,22.45,5,0,10.327
12-02-2017,West,Technology,Phones,Brenda Bowman,39.992,1,0.2,-7.9984
12-02-2017,West,Furniture,Chairs,Brenda Bowman,1159.056,9,0.2,43.4646
12-02-2017,West,Office Supplies,Art,Brenda Bowman,179.9,5,0,44.975
12-11-2017,Central,Technology,Accessories,Alejandro Savely,116.312,7,0.2,23.2624
7/17/2016,West,Furniture,Furnishings,Dennis Kane,12.42,3,0,4.4712
7/17/2016,West,Technology,Accessories,Dennis Kane,428.4,3,0,89.964
7/17/2016,West,Furniture,Furnishings,Dennis Kane,24.75,5,0,10.89
7/17/2016,West,Office Supplies,Labels,Dennis Kane,87.71,7,0,41.2237
7/17/2016,West,Office Supplies,Storage,Dennis Kane,69.52,2,0,17.38
7/17/2016,West,Technology,Phones,Dennis Kane,20.784,2,0.2,-4.6764
7/17/2016,West,Office Supplies,Binders,Dennis Kane,12.816,3,0.2,4.1652
05-12-2017,East,Office Supplies,Labels,Jonathan Howell,5.904,2,0.2,1.9926
11/20/2015,East,Furniture,Furnishings,Jamie Kunitz,63.824,2,0.2,9.5736
11/20/2015,East,Office Supplies,Storage,Jamie Kunitz,141.552,3,0.2,-26.541
9/24/2016,West,Office Supplies,Envelopes,Edward Hooks,304.9,5,0,143.303
9/24/2016,West,Furniture,Chairs,Edward Hooks,563.24,5,0.2,56.324
10/21/2016,East,Furniture,Tables,Victoria Wilson,661.176,2,0.4,-231.4116
10/24/2016,South,Technology,Phones,Catherine Glotzbach,239.976,3,0.2,17.9982
07-08-2014,West,Furniture,Tables,Ed Braxton,502.488,3,0.2,-87.9354
07-08-2014,West,Office Supplies,Binders,Ed Braxton,196.704,6,0.2,68.8464
3/13/2015,West,Furniture,Chairs,Nicole Fjeld,915.136,4,0.2,102.9528
3/13/2015,West,Furniture,Furnishings,Nicole Fjeld,327.76,8,0,91.7728
12-02-2017,South,Furniture,Chairs,Max Engle,701.96,2,0,168.4704
4/22/2015,West,Technology,Phones,Annie Zypern,88.776,3,0.2,7.7679
4/22/2015,West,Office Supplies,Art,Annie Zypern,64.14,3,0,16.6764
9/16/2014,East,Office Supplies,Binders,Randy Ferguson,33.552,1,0.2,12.582
12/28/2014,East,Office Supplies,Appliances,Anthony Jacobs,1737.18,6,0,503.7822
12/28/2014,East,Office Supplies,Storage,Anthony Jacobs,704.25,5,0,84.51
12/28/2014,East,Office Supplies,Paper,Anthony Jacobs,141.76,4,0,66.6272
10/21/2014,West,Office Supplies,Binders,Sylvia Foulston,36.36,3,0.2,12.2715
11/30/2017,West,Furniture,Furnishings,Maria Zettner,25.83,3,0,9.5571
06-06-2014,Central,Office Supplies,Binders,Sarah Bern,24.588,3,0.8,-38.1114
06-06-2014,Central,Office Supplies,Envelopes,Sarah Bern,13.984,2,0.2,4.7196
11/23/2017,Central,Technology,Phones,Alan Hwang,195.96,5,0.2,19.596
6/18/2017,Central,Office Supplies,Paper,Neil Knudson,74.352,3,0.2,23.235
05-05-2017,East,Office Supplies,Paper,Arianne Irving,6.68,1,0,3.2064
11-04-2016,West,Office Supplies,Supplies,Tracy Poddar,17.584,7,0.2,-4.1762
11-04-2016,West,Furniture,Chairs,Tracy Poddar,104.784,1,0.2,-14.4078
11-04-2016,West,Office Supplies,Paper,Tracy Poddar,47.952,3,0.2,16.7832
11-04-2016,West,Furniture,Chairs,Tracy Poddar,650.352,3,0.2,-97.5528
11-04-2016,West,Office Supplies,Labels,Tracy Poddar,629.184,8,0.2,228.0792
11-04-2016,West,Office Supplies,Paper,Tracy Poddar,15.176,1,0.2,5.3116
09-11-2014,West,Furniture,Furnishings,Liz Willingham,127.95,3,0,21.7515
2/16/2017,East,Office Supplies,Storage,Nat Gilpin,579.51,3,0,81.1314
2/16/2017,East,Technology,Phones,Nat Gilpin,14.99,1,0,7.3451
11/24/2014,Central,Office Supplies,Art,Nat Gilpin,151.92,4,0,45.576
11/24/2014,Central,Office Supplies,Labels,Nat Gilpin,196.62,2,0,96.3438
11/24/2014,Central,Office Supplies,Paper,Nat Gilpin,144.12,3,0,69.1776
11/24/2014,Central,Office Supplies,Paper,Nat Gilpin,15.96,2,0,7.98
11/25/2017,West,Technology,Phones,Edward Becker,39.96,5,0.2,3.4965
11/25/2017,West,Office Supplies,Paper,Edward Becker,34.08,6,0,15.336
9/28/2017,South,Office Supplies,Paper,Sung Pak,10.368,2,0.2,3.6288
10/13/2014,East,Office Supplies,Binders,Sibella Parks,7.752,3,0.2,2.8101
06-03-2014,Central,Office Supplies,Envelopes,Ross Baird,15.28,2,0,7.4872
6/17/2014,East,Technology,Machines,Duane Benoit,65.97,3,0,31.0059
10/29/2015,West,Office Supplies,Paper,Nona Balk,33.4,5,0,16.032
10/29/2015,West,Office Supplies,Envelopes,Nona Balk,210.84,4,0,103.3116
1/20/2014,Central,Office Supplies,Storage,Xylona Preis,13.98,1,0,4.0542
1/20/2014,Central,Furniture,Furnishings,Xylona Preis,272.94,3,0,30.0234
1/20/2014,Central,Office Supplies,Binders,Xylona Preis,19.05,5,0,8.9535
1/20/2014,Central,Office Supplies,Appliances,Xylona Preis,247.716,4,0.1,93.5816
1/20/2014,Central,Office Supplies,Storage,Xylona Preis,66.58,2,0,15.9792
1/20/2014,Central,Office Supplies,Art,Xylona Preis,43.92,3,0,12.7368
1/20/2014,Central,Furniture,Furnishings,Xylona Preis,14.73,3,0,4.8609
1/20/2014,Central,Office Supplies,Binders,Xylona Preis,29.7,5,0,13.365
07-11-2014,East,Office Supplies,Paper,Mark Hamilton,49.12,4,0,23.0864
07-11-2014,East,Office Supplies,Binders,Mark Hamilton,18.28,5,0.2,6.398
8/30/2016,West,Furniture,Furnishings,Bruce Geld,47.04,4,0,15.9936
8/30/2016,West,Technology,Phones,Bruce Geld,339.96,5,0.2,42.495
10-05-2017,East,Technology,Phones,Todd Sumrall,87.8,4,0,43.9
10-05-2017,East,Furniture,Chairs,Todd Sumrall,221.382,2,0.1,2.4598
10-05-2017,East,Technology,Machines,Todd Sumrall,5199.96,4,0,1351.9896
12/31/2016,East,Office Supplies,Storage,Duane Benoit,156.512,4,0.2,-35.2152
03-07-2015,East,Technology,Accessories,Eugene Moren,119.85,3,0,52.734
03-07-2015,East,Office Supplies,Binders,Eugene Moren,30.44,2,0,14.9156
03-07-2015,East,Office Supplies,Binders,Eugene Moren,69.28,2,0,33.2544
03-07-2015,East,Technology,Phones,Eugene Moren,587.97,3,0,170.5113
10/20/2017,East,Office Supplies,Labels,Rick Bensley,24.55,5,0,12.0295
05-01-2015,West,Office Supplies,Binders,Patrick O'Brill,12.176,1,0.2,4.4138
05-01-2015,West,Office Supplies,Storage,Patrick O'Brill,37.32,3,0,10.4496
05-01-2015,West,Office Supplies,Supplies,Patrick O'Brill,35.06,2,0,10.518
09-03-2017,Central,Furniture,Furnishings,Arthur Gainer,108.4,5,0.6,-105.69
11-03-2017,South,Technology,Phones,Beth Fritzler,361.376,2,0.2,27.1032
9/13/2015,East,Office Supplies,Binders,Harry Greene,2.412,1,0.7,-2.01
09-06-2015,East,Office Supplies,Appliances,Brendan Sweed,8.39,1,0,2.0975
09-06-2015,East,Technology,Phones,Brendan Sweed,337.98,2,0,101.394
10-06-2014,East,Office Supplies,Storage,Joy Daniels,83.92,5,0.2,-13.637
1/23/2017,West,Office Supplies,Binders,Chris Selesnick,19.68,5,0.2,6.888
1/23/2017,West,Office Supplies,Paper,Chris Selesnick,25.92,4,0,12.4416
1/23/2017,West,Office Supplies,Paper,Chris Selesnick,6.48,1,0,3.1104
1/23/2017,West,Technology,Phones,Chris Selesnick,86.352,6,0.2,8.6352
12-10-2015,West,Office Supplies,Art,Frank Carlisle,56.3,2,0,15.764
11/25/2014,West,Office Supplies,Art,Sanjit Engle,51.016,7,0.2,8.2901
11/21/2017,West,Office Supplies,Binders,Chloris Kastensmidt,150.8,5,0.2,56.55
11/21/2017,West,Technology,Machines,Chloris Kastensmidt,1039.992,1,0.2,103.9992
11/21/2017,West,Office Supplies,Paper,Chloris Kastensmidt,51.84,8,0,24.8832
04-04-2017,East,Technology,Phones,Darrin Sayre,41.22,1,0,11.1294
04-04-2017,East,Office Supplies,Supplies,Darrin Sayre,240.37,1,0,7.2111
04-04-2017,East,Technology,Phones,Darrin Sayre,119.02,2,0,33.3256
5/19/2017,West,Office Supplies,Binders,Sue Ann Reed,133.12,5,0.2,49.92
10-03-2016,Central,Furniture,Furnishings,Tracy Poddar,38.08,5,0.6,-29.512
11/21/2016,East,Furniture,Bookcases,Julie Kriz,113.568,2,0.2,12.7764
10-03-2017,East,Furniture,Furnishings,Chuck Clark,83.92,4,0,21.8192
10-03-2017,East,Office Supplies,Art,Chuck Clark,6.63,3,0,3.1161
10-03-2017,East,Technology,Accessories,Chuck Clark,371.97,3,0,66.9546
4/29/2014,South,Furniture,Chairs,Laura Armstrong,561.584,2,0.2,70.198
4/29/2014,South,Office Supplies,Storage,Laura Armstrong,99.92,5,0.2,-1.249
10-07-2016,East,Office Supplies,Labels,Arthur Wiediger,4.928,2,0.2,1.7248
12/15/2016,West,Furniture,Furnishings,Benjamin Patterson,14.76,2,0,4.2804
04-10-2017,East,Technology,Accessories,Dennis Bolton,99.99,1,0,41.9958
04-10-2017,East,Office Supplies,Storage,Dennis Bolton,286.15,5,0,71.5375
04-08-2014,West,Office Supplies,Fasteners,Pauline Chand,49.792,8,0.2,-11.8256
3/29/2016,East,Furniture,Bookcases,Troy Blackwell,299.975,5,0.5,-167.986
3/29/2016,East,Technology,Phones,Troy Blackwell,158.376,4,0.4,-36.9544
1/15/2017,Central,Office Supplies,Binders,Tim Brockman,32.784,4,0.8,-52.4544
1/15/2017,Central,Technology,Accessories,Tim Brockman,47.984,2,0.2,14.3952
1/15/2017,Central,Technology,Accessories,Tim Brockman,62.592,8,0.2,13.3008
1/15/2017,Central,Office Supplies,Binders,Tim Brockman,4.276,1,0.8,-6.6278
1/30/2014,Central,Office Supplies,Paper,Mike Vittorini,10.56,2,0,4.752
1/30/2014,Central,Office Supplies,Storage,Mike Vittorini,229.94,2,0,6.8982
02-07-2015,South,Office Supplies,Envelopes,Damala Kotsonis,311.15,5,0,146.2405
02-07-2015,South,Office Supplies,Paper,Damala Kotsonis,12.96,2,0,6.3504
12/14/2016,East,Office Supplies,Paper,Pete Kriz,14.62,2,0,6.7252
12/14/2016,East,Office Supplies,Labels,Pete Kriz,5.76,2,0,2.8224
12/14/2016,East,Office Supplies,Fasteners,Pete Kriz,21.48,6,0,10.5252
12/14/2016,East,Furniture,Furnishings,Pete Kriz,396.92,4,0,198.46
12/14/2016,East,Office Supplies,Storage,Pete Kriz,17.15,1,0,4.6305
12/14/2016,East,Office Supplies,Binders,Pete Kriz,23.12,2,0.2,7.803
10/31/2017,Central,Office Supplies,Art,Adrian Hane,5.248,2,0.2,0.5904
08-06-2017,East,Technology,Phones,Gary Mitchum,824.95,5,0,247.485
08-06-2017,East,Office Supplies,Labels,Gary Mitchum,24.64,8,0,11.8272
08-06-2017,East,Office Supplies,Art,Gary Mitchum,227.88,6,0,68.364
5/30/2017,South,Furniture,Bookcases,Bruce Degenhardt,241.96,2,0,33.8744
5/30/2017,South,Office Supplies,Binders,Bruce Degenhardt,3.89,1,0,1.8672
5/30/2017,South,Furniture,Furnishings,Bruce Degenhardt,8.01,3,0,3.0438
11/30/2015,South,Technology,Phones,Raymond Messe,177.48,3,0.2,19.9665
8/31/2017,West,Furniture,Chairs,Bart Watters,569.568,2,0.2,7.1196
8/31/2017,West,Office Supplies,Storage,Bart Watters,149.73,7,0,43.4217
5/14/2017,Central,Furniture,Chairs,Greg Tran,899.43,5,0.3,-12.849
5/14/2017,Central,Office Supplies,Art,Greg Tran,46.2,5,0.2,5.775
5/14/2017,Central,Office Supplies,Paper,Greg Tran,47.952,3,0.2,16.1838
5/14/2017,Central,Technology,Phones,Greg Tran,7.992,1,0.2,0.6993
5/14/2017,Central,Office Supplies,Paper,Greg Tran,76.864,2,0.2,26.9024
8/17/2017,South,Office Supplies,Binders,Adrian Hane,102.93,3,0,48.3771
8/17/2017,South,Technology,Accessories,Adrian Hane,98.16,6,0,9.816
11-10-2017,South,Office Supplies,Binders,Daniel Raglin,11.52,5,0.7,-7.68
8/21/2017,West,Office Supplies,Paper,Dionis Lloyd,83.88,1,0.2,29.358
03-08-2016,East,Technology,Phones,Brian DeCherney,108.576,4,0.4,-25.3344
03-08-2016,East,Office Supplies,Fasteners,Brian DeCherney,5.984,2,0.2,-1.3464
10/31/2016,Central,Office Supplies,Supplies,Helen Wasserman,21.96,2,0,6.1488
10/31/2016,Central,Furniture,Chairs,Helen Wasserman,368.97,3,0,81.1734
10/31/2016,Central,Office Supplies,Art,Helen Wasserman,12.39,3,0,3.4692
10/31/2016,Central,Office Supplies,Storage,Helen Wasserman,332.94,3,0,9.9882
7/26/2014,West,Technology,Accessories,Jack O'Briant,111.93,7,0,34.6983
10/24/2015,West,Furniture,Chairs,Robert Dilbeck,454.272,8,0.2,-73.8192
8/19/2017,East,Office Supplies,Paper,Doug O'Connell,19.44,3,0,9.3312
5/23/2016,East,Technology,Copiers,Christopher Conant,8399.976,4,0.4,1119.9968
5/23/2016,East,Office Supplies,Binders,Christopher Conant,6.294,1,0.7,-4.196
5/23/2016,East,Office Supplies,Paper,Christopher Conant,10.368,2,0.2,3.6288
5/23/2016,East,Technology,Phones,Christopher Conant,122.382,3,0.4,-24.4764
11-03-2014,South,Office Supplies,Storage,Shahid Hopkins,25.984,2,0.2,-1.624
11-03-2014,South,Furniture,Tables,Shahid Hopkins,945.036,6,0.4,-299.2614
11-03-2014,South,Office Supplies,Binders,Shahid Hopkins,14.301,7,0.7,-10.4874
11-03-2014,South,Furniture,Furnishings,Shahid Hopkins,410.352,3,0.2,-51.294
3/30/2015,Central,Office Supplies,Paper,Fred Chung,23.52,5,0.2,8.526
3/30/2015,Central,Technology,Phones,Fred Chung,180.96,5,0.2,13.572
5/27/2017,West,Furniture,Furnishings,James Galang,35,4,0,14.7
5/27/2017,West,Office Supplies,Storage,James Galang,477.15,5,0,28.629
5/27/2017,West,Technology,Phones,James Galang,302.376,3,0.2,22.6782
12/14/2017,Central,Furniture,Tables,Lena Creighton,974.988,4,0.3,-97.4988
10-04-2014,East,Furniture,Chairs,Chris Cortes,589.41,5,0.1,-6.549
10/13/2016,East,Office Supplies,Art,Bart Watters,34.7,5,0,12.492
10/13/2016,East,Office Supplies,Storage,Bart Watters,99.87,3,0,23.9688
10/13/2016,East,Office Supplies,Paper,Bart Watters,37.94,2,0,18.2112
10/13/2016,East,Office Supplies,Labels,Bart Watters,24.9,5,0,11.454
10/13/2016,East,Furniture,Furnishings,Bart Watters,82.26,3,0,33.7266
03-05-2015,Central,Office Supplies,Fasteners,Jennifer Jackson,7.104,6,0.2,2.4864
03-04-2017,Central,Furniture,Furnishings,Tonja Turnell,103.5,5,0.6,-77.625
03-04-2017,Central,Office Supplies,Labels,Tonja Turnell,2.464,1,0.2,0.8624
03-04-2017,Central,Office Supplies,Storage,Tonja Turnell,8.72,1,0.2,0.654
9/25/2015,East,Office Supplies,Binders,Erica Hackney,10.76,2,0,5.1648
9/25/2015,East,Office Supplies,Paper,Erica Hackney,45.68,2,0,21.0128
9/25/2015,East,Office Supplies,Art,Erica Hackney,6.7,1,0,2.211
12/19/2015,Central,Technology,Phones,Patrick Ryan,158.376,3,0.2,13.8579
10-08-2015,Central,Office Supplies,Art,Brian Thompson,3.44,2,0.2,0.559
7/31/2017,West,Office Supplies,Storage,Erin Creighton,56.56,2,0,15.2712
7/31/2017,West,Furniture,Furnishings,Erin Creighton,36.96,7,0,11.4576
08-05-2014,East,Technology,Phones,Stephanie Phelps,135.99,1,0,36.7173
08-05-2014,East,Office Supplies,Art,Stephanie Phelps,15.96,7,0,7.0224
5/14/2017,East,Office Supplies,Art,Anthony Jacobs,3.76,2,0,1.0904
5/14/2017,East,Office Supplies,Art,Anthony Jacobs,14.7,5,0,6.615
5/14/2017,East,Office Supplies,Art,Anthony Jacobs,37.2,5,0,9.3
5/14/2017,East,Technology,Accessories,Anthony Jacobs,89.97,3,0,18.8937
5/14/2017,East,Furniture,Chairs,Anthony Jacobs,261.96,2,0,23.5764
5/14/2017,East,Office Supplies,Labels,Anthony Jacobs,74,5,0,37
9/22/2016,South,Furniture,Furnishings,Ann Steele,13.28,2,0,6.3744
11/13/2015,South,Office Supplies,Storage,Allen Armold,84.96,6,0.2,6.372
5/22/2017,West,Technology,Accessories,Eric Hoffmann,68.46,7,0,25.3302
12-02-2016,East,Office Supplies,Storage,Deborah Brumfield,2079.4,5,0,582.232
12-02-2016,East,Technology,Phones,Deborah Brumfield,629.95,5,0,176.386
12-02-2016,East,Furniture,Furnishings,Deborah Brumfield,72.42,6,0,23.8986
8/29/2015,Central,Technology,Phones,Chad Cunningham,131.98,2,0,35.6346
8/29/2015,Central,Technology,Accessories,Chad Cunningham,114.52,7,0,11.452
06-06-2014,Central,Office Supplies,Labels,Valerie Takahito,100.24,10,0.2,33.831
3/18/2016,South,Office Supplies,Appliances,Dave Brooks,871.8,3,0.2,87.18
1/14/2014,East,Furniture,Bookcases,Brendan Sweed,61.96,4,0.5,-53.2856
06-03-2017,South,Office Supplies,Binders,Nick Radford,4.554,3,0.7,-3.4914
06-03-2017,South,Office Supplies,Appliances,Nick Radford,5.2,2,0.2,0.585
06-03-2017,South,Technology,Accessories,Nick Radford,205.992,1,0.2,-2.5749
06-03-2017,South,Office Supplies,Paper,Nick Radford,15.552,3,0.2,5.4432
06-03-2017,South,Technology,Phones,Nick Radford,503.96,5,0.2,50.396
06-03-2017,South,Office Supplies,Appliances,Nick Radford,24.472,7,0.2,1.8354
06-03-2017,South,Furniture,Bookcases,Nick Radford,241.568,2,0.2,0
06-03-2017,South,Technology,Accessories,Nick Radford,110.4,2,0.2,-4.14
06-03-2017,East,Furniture,Tables,Katherine Nockton,384.768,2,0.4,-115.4304
06-03-2017,East,Technology,Machines,Katherine Nockton,78.66,6,0,36.1836
06-03-2017,East,Office Supplies,Paper,Katherine Nockton,45.36,4,0,22.2264
3/21/2015,South,Office Supplies,Appliances,Julia West,962.08,4,0.2,156.338
3/21/2015,South,Office Supplies,Binders,Julia West,12.843,3,0.7,-9.8463
3/21/2015,South,Office Supplies,Paper,Julia West,295.456,14,0.2,96.0232
9/19/2017,East,Office Supplies,Paper,Jessica Myrick,32.4,5,0,15.552
9/15/2014,East,Furniture,Furnishings,Monica Federle,103.936,4,0.2,16.8896
11/20/2016,South,Furniture,Bookcases,Frank Atkinson,289.568,2,0.2,10.8588
11/20/2016,South,Office Supplies,Storage,Frank Atkinson,39.72,5,0.2,4.4685
11/20/2016,South,Technology,Phones,Frank Atkinson,244.768,4,0.2,24.4768
10/28/2017,Central,Technology,Accessories,Keith Herrera,24,2,0.2,-2.7
10/28/2017,Central,Office Supplies,Paper,Keith Herrera,15.552,3,0.2,5.4432
10/28/2017,Central,Technology,Accessories,Keith Herrera,26.176,2,0.2,-3.272
7/24/2015,South,Furniture,Furnishings,Shirley Schmidt,20.94,3,0,6.0726
7/24/2015,South,Office Supplies,Binders,Shirley Schmidt,135.09,9,0,62.1414
7/24/2015,South,Technology,Accessories,Shirley Schmidt,279.86,14,0,64.3678
7/24/2015,South,Office Supplies,Binders,Shirley Schmidt,90.06,6,0,41.4276
11-02-2014,East,Technology,Phones,Liz Carlisle,539.964,6,0.4,-107.9928
11-02-2014,East,Technology,Phones,Liz Carlisle,50.232,7,0.4,-10.0464
11-02-2014,East,Office Supplies,Binders,Liz Carlisle,19.242,3,0.7,-13.4694
11/17/2017,East,Office Supplies,Storage,Victoria Wilson,1247.64,3,0,349.3392
6/26/2016,Central,Office Supplies,Art,Lela Donovan,5.304,3,0.2,0.4641
10-09-2016,East,Office Supplies,Paper,Sibella Parks,19.136,4,0.2,5.98
10-09-2016,East,Furniture,Furnishings,Sibella Parks,332.832,4,0.2,-24.9624
12/20/2017,East,Office Supplies,Paper,David Kendrick,279.9,5,0,137.151
12/20/2017,East,Office Supplies,Binders,David Kendrick,50.352,3,0.2,17.6232
12/20/2017,East,Office Supplies,Paper,David Kendrick,34.02,3,0,16.6698
03-06-2017,West,Office Supplies,Art,Frank Carlisle,23.88,6,0,8.1192
03-06-2017,West,Office Supplies,Labels,Frank Carlisle,11.52,4,0,5.6448
03-06-2017,West,Office Supplies,Paper,Frank Carlisle,286.93,7,0,140.5957
03-06-2017,West,Technology,Phones,Frank Carlisle,206.384,2,0.2,23.2182
9/15/2017,West,Furniture,Chairs,Rick Duston,218.352,3,0.2,0
9/15/2017,West,Furniture,Furnishings,Rick Duston,529.9,5,0,105.98
9/15/2017,West,Office Supplies,Art,Rick Duston,99.3,10,0,41.706
9/15/2017,West,Office Supplies,Appliances,Rick Duston,108.96,2,0,30.5088
9/15/2017,West,Office Supplies,Binders,Rick Duston,2.688,1,0.2,0.84
1/16/2017,Central,Office Supplies,Binders,Andy Reiter,5443.96,4,0,2504.2216
1/16/2017,Central,Furniture,Chairs,Andy Reiter,302.67,3,0,72.6408
1/16/2017,Central,Office Supplies,Paper,Andy Reiter,56.07,7,0,25.2315
07-07-2016,East,Office Supplies,Labels,Chad Cunningham,10.08,2,0.2,3.276
07-07-2016,East,Technology,Phones,Chad Cunningham,59.994,1,0.4,-12.9987
07-07-2016,East,Office Supplies,Binders,Chad Cunningham,5.715,5,0.7,-4.7625
07-07-2016,East,Office Supplies,Binders,Chad Cunningham,9.42,5,0.7,-7.85
12/23/2016,East,Technology,Copiers,Carol Adams,1999.96,4,0,899.982
12/22/2014,East,Office Supplies,Storage,Bradley Talbott,216.4,4,0,56.264
2/23/2014,Central,Office Supplies,Labels,Michael Grace,6.936,3,0.2,2.3409
2/23/2014,Central,Office Supplies,Binders,Michael Grace,4.428,3,0.8,-6.8634
12-04-2017,Central,Office Supplies,Art,Theone Pippenger,8.8,5,0,2.552
12-04-2017,Central,Technology,Accessories,Theone Pippenger,142.8,1,0,29.988
12-04-2017,Central,Technology,Accessories,Theone Pippenger,399.95,5,0,143.982
11/17/2014,East,Office Supplies,Binders,Greg Tran,2152.776,3,0.2,726.5619
11/17/2014,East,Furniture,Bookcases,Greg Tran,4007.84,10,0.2,-50.098
10/20/2014,South,Furniture,Tables,Fred Hopkins,328.59,3,0.4,-147.8655
10/20/2014,South,Office Supplies,Storage,Fred Hopkins,98.352,3,0.2,-24.588
10/25/2015,East,Technology,Phones,Heather Kirkland,158.99,1,0,41.3374
10/25/2015,East,Furniture,Chairs,Heather Kirkland,291.1,5,0,75.686
11/16/2017,West,Office Supplies,Paper,Chris Cortes,73.68,6,0,34.6296
11/16/2017,West,Furniture,Furnishings,Chris Cortes,139.92,2,0,23.7864
11/16/2017,West,Technology,Phones,Chris Cortes,107.88,3,0.2,10.788
11/16/2017,West,Office Supplies,Storage,Chris Cortes,33.29,1,0,7.9896
5/14/2017,East,Office Supplies,Binders,Darren Powers,58.17,5,0.7,-46.536
5/14/2017,East,Office Supplies,Labels,Darren Powers,5.04,2,0.2,1.764
5/14/2017,East,Office Supplies,Paper,Darren Powers,24.784,1,0.2,7.745
03-01-2014,Central,Furniture,Chairs,Vicky Freymann,634.116,6,0.3,-172.1172
03-01-2014,Central,Office Supplies,Paper,Vicky Freymann,17.472,3,0.2,5.6784
7/30/2015,Central,Furniture,Chairs,Gary Hansen,155.88,6,0,38.97
11-01-2015,East,Furniture,Chairs,Justin Hirsh,327.564,4,0.1,21.8376
12/16/2017,West,Office Supplies,Paper,Rick Bensley,13.36,2,0,6.4128
12/16/2017,West,Office Supplies,Storage,Rick Bensley,158.9,5,0,7.945
10/20/2014,Central,Technology,Accessories,Lindsay Shagiari,319.968,4,0.2,71.9928
10/20/2014,Central,Office Supplies,Storage,Lindsay Shagiari,505.32,3,0.2,31.5825
10/20/2014,Central,Office Supplies,Paper,Lindsay Shagiari,3.808,1,0.2,1.2376
10/20/2014,Central,Office Supplies,Binders,Lindsay Shagiari,8.682,1,0.8,-14.7594
10/20/2014,Central,Office Supplies,Labels,Lindsay Shagiari,24.424,1,0.2,7.9378
06-05-2015,East,Furniture,Chairs,Edward Becker,1522.638,9,0.1,169.182
7/21/2016,West,Office Supplies,Envelopes,Damala Kotsonis,419.9,5,0,197.353
7/21/2016,West,Office Supplies,Labels,Damala Kotsonis,3.15,1,0,1.512
3/31/2017,Central,Office Supplies,Appliances,Scott Cohen,33.62,5,0.8,-90.774
05-07-2014,East,Office Supplies,Binders,Carol Triggs,16.14,3,0,7.9086
05-07-2014,East,Furniture,Tables,Carol Triggs,194.25,2,0.3,-38.85
05-07-2014,East,Office Supplies,Art,Carol Triggs,8.64,3,0,2.5056
05-07-2014,East,Furniture,Chairs,Carol Triggs,872.32,4,0,244.2496
02-05-2017,Central,Office Supplies,Binders,Cassandra Brandow,243.992,4,0.8,-426.986
02-05-2017,Central,Office Supplies,Art,Cassandra Brandow,7.12,5,0.2,0.712
4/18/2014,Central,Office Supplies,Art,Kunst Miller,2.688,2,0.2,1.008
4/18/2014,Central,Furniture,Chairs,Kunst Miller,317.058,3,0.3,-18.1176
4/18/2014,Central,Office Supplies,Envelopes,Kunst Miller,149.352,3,0.2,50.4063
4/18/2014,Central,Technology,Accessories,Kunst Miller,227.976,3,0.2,28.497
05-10-2016,West,Office Supplies,Paper,Roger Demir,11.96,2,0,5.8604
11/25/2016,East,Office Supplies,Storage,Barry Pond,563.4,4,0,67.608
11/25/2016,East,Technology,Machines,Barry Pond,319.92,8,0,118.3704
03-03-2017,West,Technology,Accessories,Ed Jacobs,1049.44,8,0,440.7648
03-03-2017,West,Furniture,Chairs,Ed Jacobs,170.352,3,0.2,-17.0352
12-06-2015,South,Technology,Phones,Rose O'Brian,173.94,6,0,50.4426
8/25/2014,West,Technology,Phones,Mitch Webber,1007.944,7,0.2,75.5958
10/22/2016,West,Office Supplies,Paper,MaryBeth Skach,6.68,1,0,3.2064
10/22/2016,West,Office Supplies,Art,MaryBeth Skach,8.34,3,0,2.2518
10/22/2016,West,Furniture,Furnishings,MaryBeth Skach,101.94,3,0,30.582
08-07-2016,West,Technology,Accessories,Dorothy Wardle,179.97,3,0,86.3856
7/21/2017,South,Office Supplies,Art,Anne McFarland,101.94,6,0,29.5626
7/21/2017,South,Technology,Phones,Anne McFarland,271.96,4,0,67.99
7/21/2017,South,Furniture,Furnishings,Anne McFarland,8.8,5,0,3.872
7/21/2017,South,Office Supplies,Art,Anne McFarland,19.68,6,0,5.7072
7/21/2017,South,Furniture,Bookcases,Anne McFarland,302.94,3,0,69.6762
7/21/2017,South,Office Supplies,Binders,Anne McFarland,14.94,3,0,7.1712
7/21/2017,South,Office Supplies,Supplies,Anne McFarland,231.72,2,0,11.586
3/23/2014,South,Office Supplies,Labels,Bruce Geld,9.912,3,0.2,3.2214
4/30/2015,West,Office Supplies,Art,Ken Black,34.65,3,0,9.702
4/30/2015,West,Technology,Phones,Ken Black,19.8,5,0.2,1.7325
6/13/2016,East,Office Supplies,Binders,Greg Tran,33.568,2,0.2,11.7488
05-04-2015,Central,Office Supplies,Art,Stuart Van,125.93,7,0,35.2604
4/23/2017,East,Office Supplies,Binders,Greg Guthrie,11.76,5,0.7,-7.84
4/23/2017,East,Office Supplies,Paper,Greg Guthrie,5.344,1,0.2,1.8704
06-06-2014,South,Office Supplies,Binders,Stewart Visinsky,1.365,1,0.7,-0.91
06-06-2014,South,Office Supplies,Paper,Stewart Visinsky,62.016,2,0.2,22.4808
12-02-2014,East,Furniture,Furnishings,Odella Nelson,60.72,3,0,23.6808
12-02-2014,East,Office Supplies,Paper,Odella Nelson,146.82,3,0,73.41
12-02-2014,East,Furniture,Chairs,Odella Nelson,239.84,8,0,64.7568
12-02-2014,East,Office Supplies,Labels,Odella Nelson,15.66,6,0,7.2036
6/17/2017,West,Office Supplies,Storage,Ryan Akin,146.352,3,0.2,-32.9292
5/26/2016,West,Office Supplies,Fasteners,Stewart Visinsky,5.94,3,0,0
5/26/2016,West,Office Supplies,Paper,Stewart Visinsky,45.36,7,0,21.7728
5/26/2016,West,Technology,Phones,Stewart Visinsky,211.168,4,0.2,23.7564
5/26/2016,West,Furniture,Chairs,Stewart Visinsky,484.704,6,0.2,-84.8232
5/26/2016,West,Technology,Machines,Stewart Visinsky,371.976,3,0.2,116.2425
03-10-2015,East,Office Supplies,Storage,Ken Black,89.82,6,0,25.1496
10/20/2016,West,Office Supplies,Binders,Andrew Gjertsen,19.296,3,0.2,6.03
4/21/2015,South,Furniture,Chairs,Juliana Krohn,191.96,2,0,51.8292
4/21/2015,South,Office Supplies,Binders,Juliana Krohn,21.3,3,0,9.798
4/21/2015,South,Technology,Phones,Juliana Krohn,469.95,5,0,131.586
4/21/2015,South,Furniture,Furnishings,Juliana Krohn,209.88,3,0,35.6796
6/17/2016,West,Furniture,Bookcases,Mike Vittorini,239.666,2,0.15,14.098
6/17/2016,West,Office Supplies,Labels,Mike Vittorini,22.5,6,0,10.8
6/17/2016,West,Office Supplies,Paper,Mike Vittorini,219.84,4,0,107.7216
1/13/2017,Central,Office Supplies,Paper,Cathy Prescott,32.4,5,0,15.552
1/13/2017,Central,Office Supplies,Art,Cathy Prescott,209.94,6,0,54.5844
1/13/2017,Central,Office Supplies,Supplies,Cathy Prescott,4164.05,5,0,83.281
1/13/2017,Central,Furniture,Bookcases,Cathy Prescott,212.94,3,0,53.235
09-06-2014,West,Furniture,Furnishings,Victoria Pisteka,41.88,6,0,12.1452
09-06-2014,West,Office Supplies,Labels,Victoria Pisteka,58.48,8,0,27.4856
1/19/2015,Central,Furniture,Tables,Paul MacIntyre,102.438,1,0.3,-13.1706
1/19/2015,Central,Furniture,Chairs,Paul MacIntyre,199.304,4,0.3,-8.5416
12/14/2014,East,Technology,Machines,Tom Boeckenhauer,6999.96,4,0,2239.9872
5/23/2014,West,Office Supplies,Paper,Erica Hackney,12.96,2,0,6.2208
9/19/2015,East,Technology,Phones,Giulietta Weimer,279.86,14,0,134.3328
10-02-2015,South,Office Supplies,Binders,Nora Pelletier,7.38,5,0.7,-5.412
12/25/2016,West,Furniture,Chairs,Joe Elijah,698.352,3,0.2,52.3764
12/25/2016,West,Furniture,Tables,Joe Elijah,1747.25,5,0,629.01
05-06-2016,Central,Office Supplies,Appliances,Brad Eason,54.48,1,0,15.2544
10/24/2016,West,Technology,Accessories,Sonia Sunley,199.99,1,0,85.9957
05-06-2017,South,Office Supplies,Binders,Mick Brown,68.541,11,0.7,-52.5481
05-06-2017,South,Technology,Phones,Mick Brown,627.168,4,0.2,70.5564
05-06-2017,South,Office Supplies,Labels,Mick Brown,122.12,5,0.2,39.689
11/27/2017,East,Office Supplies,Art,Resi Pölking,6.99,3,0,2.0271
11/27/2017,East,Office Supplies,Binders,Resi Pölking,107.424,6,0.2,36.2556
10/31/2014,East,Furniture,Tables,Anthony Jacobs,1421.664,8,0.4,-734.5264
08-05-2017,Central,Office Supplies,Binders,Patrick O'Donnell,125.88,6,0,60.4224
08-05-2017,Central,Technology,Accessories,Patrick O'Donnell,79.78,2,0,29.5186
08-05-2017,Central,Office Supplies,Labels,Patrick O'Donnell,133.2,9,0,66.6
08-10-2015,West,Technology,Phones,William Brown,438.368,4,0.2,38.3572
08-10-2015,West,Technology,Phones,William Brown,139.944,7,0.2,-31.4874
08-10-2015,West,Office Supplies,Appliances,William Brown,133.472,4,0.2,15.0156
12/15/2016,West,Furniture,Tables,Mike Pelletier,564.195,3,0.5,-304.6653
12/15/2016,West,Office Supplies,Appliances,Mike Pelletier,87.168,2,0.2,8.7168
09-08-2017,Central,Office Supplies,Binders,Barry Französisch,42.616,7,0.8,-68.1856
09-08-2017,Central,Technology,Copiers,Barry Französisch,319.984,2,0.2,107.9946
09-08-2017,Central,Office Supplies,Fasteners,Barry Französisch,45.92,5,0.2,15.498
09-08-2017,Central,Furniture,Furnishings,Barry Französisch,21.184,2,0.6,-11.6512
09-08-2017,Central,Office Supplies,Paper,Barry Französisch,20.736,4,0.2,7.2576
09-08-2017,Central,Furniture,Chairs,Barry Französisch,213.43,5,0.3,-39.637
2/20/2017,West,Technology,Phones,Katherine Murray,333.576,3,0.2,25.0182
2/20/2017,West,Technology,Accessories,Katherine Murray,31.992,1,0.2,4.7988
2/20/2017,West,Office Supplies,Storage,Katherine Murray,51.168,2,0.2,-6.396
2/20/2017,West,Office Supplies,Envelopes,Katherine Murray,10.64,5,0.2,3.857
2/20/2017,West,Furniture,Furnishings,Katherine Murray,68.704,2,0.2,16.3172
2/20/2017,West,Furniture,Tables,Katherine Murray,386.91,9,0.5,-185.7168
08-08-2015,East,Office Supplies,Art,Denny Blanton,39.66,2,0,11.898
08-08-2015,East,Office Supplies,Appliances,Denny Blanton,113.92,2,0,33.0368
08-08-2015,East,Office Supplies,Binders,Denny Blanton,447.86,7,0,210.4942
10/26/2017,South,Furniture,Tables,Olvera Toch,356.85,5,0,60.6645
10/26/2017,South,Office Supplies,Envelopes,Olvera Toch,251.58,7,0,113.211
7/14/2016,Central,Office Supplies,Paper,John Stevenson,219.84,5,0.2,79.692
05-12-2017,East,Furniture,Furnishings,Cynthia Arntzen,42.85,5,0,15.426
05-12-2017,East,Office Supplies,Labels,Cynthia Arntzen,6.16,2,0,2.9568
05-12-2017,East,Office Supplies,Supplies,Cynthia Arntzen,17,2,0,4.42
05-12-2017,East,Technology,Accessories,Cynthia Arntzen,87.4,5,0,34.96
5/25/2017,South,Office Supplies,Binders,Mick Hernandez,29.84,2,0,13.428
8/23/2014,West,Office Supplies,Binders,Robert Barroso,49.568,2,0.2,17.3488
09-11-2015,West,Office Supplies,Art,Sean Braxton,265.86,7,0,79.758
09-05-2015,South,Furniture,Furnishings,Tamara Willingham,67.96,4,0,12.2328
11/21/2015,Central,Office Supplies,Art,Denise Leinenbach,10.92,6,0,4.914
11/21/2015,Central,Technology,Machines,Denise Leinenbach,83.9,2,0,22.653
11/21/2015,Central,Office Supplies,Appliances,Denise Leinenbach,19.75,5,0,5.135
11/21/2015,Central,Technology,Accessories,Denise Leinenbach,393.54,3,0,165.2868
10-10-2014,West,Furniture,Furnishings,Shirley Daniels,46.872,7,0.2,3.5154
09-02-2017,East,Office Supplies,Storage,Ted Butterfield,10.9,1,0,2.834
09-02-2017,East,Office Supplies,Paper,Ted Butterfield,79.92,4,0,37.5624
09-02-2017,East,Office Supplies,Paper,Ted Butterfield,146.82,3,0,73.41
01-01-2017,Central,Office Supplies,Binders,Dennis Pardue,3.6,2,0,1.728
11-05-2014,West,Furniture,Furnishings,Deanra Eno,20.04,6,0,8.8176
12/17/2015,Central,Office Supplies,Storage,Mick Crebagga,180.016,1,0.2,-15.7514
12/17/2015,Central,Furniture,Furnishings,Mick Crebagga,41.552,2,0.6,-19.7372
12/17/2015,Central,Office Supplies,Art,Mick Crebagga,13.12,5,0.2,1.476
5/14/2015,West,Office Supplies,Storage,Hunter Glantz,1117.92,4,0,55.896
03-10-2017,West,Technology,Accessories,Candace McMahon,111.96,4,0,21.2724
12-02-2017,Central,Office Supplies,Art,Roy Phan,12.16,5,0.2,2.128
7/31/2017,Central,Office Supplies,Binders,Luke Schmidt,17.52,4,0,8.4096
7/31/2017,Central,Office Supplies,Appliances,Luke Schmidt,155.88,6,0,54.558
08-11-2017,South,Office Supplies,Binders,Daniel Raglin,477.51,11,0,219.6546
9/30/2017,East,Office Supplies,Paper,Cindy Chapman,164.88,3,0,80.7912
8/26/2016,Central,Technology,Accessories,Shirley Schmidt,47.97,3,0,14.8707
12-02-2016,East,Office Supplies,Binders,Jamie Frazer,415.176,3,0.2,134.9322
12-02-2016,East,Office Supplies,Binders,Jamie Frazer,35.232,3,0.2,11.4504
12-02-2016,East,Office Supplies,Paper,Jamie Frazer,54.96,1,0,26.9304
7/21/2017,West,Office Supplies,Paper,Shaun Weien,16.34,2,0,7.6798
7/21/2017,West,Furniture,Chairs,Shaun Weien,225.296,2,0.2,22.5296
7/21/2017,West,Office Supplies,Binders,Shaun Weien,50.352,3,0.2,17.6232
5/20/2015,South,Furniture,Furnishings,Sheri Gordon,163.136,4,0.2,20.392
5/20/2015,South,Office Supplies,Binders,Sheri Gordon,6.408,4,0.7,-4.9128
6/23/2015,West,Technology,Phones,Christine Sundaresam,217.584,2,0.2,19.0386
6/23/2015,West,Office Supplies,Fasteners,Christine Sundaresam,5.43,3,0,1.7919
6/23/2015,West,Technology,Phones,Christine Sundaresam,143.976,3,0.2,8.9985
09-10-2016,South,Technology,Phones,Steve Chapman,519.68,7,0.2,58.464
4/13/2014,East,Office Supplies,Labels,Ben Ferrer,7.83,3,0,3.6018
11/14/2015,West,Furniture,Chairs,Gary Zandusky,883.84,4,0.2,99.432
11/14/2015,West,Furniture,Chairs,Gary Zandusky,230.352,3,0.2,20.1558
12-09-2016,West,Office Supplies,Binders,Stephanie Phelps,273.92,8,0.2,99.296
8/18/2017,East,Office Supplies,Art,Pauline Johnson,9.912,3,0.2,1.239
12/14/2017,Central,Furniture,Furnishings,Dave Brooks,266.352,6,0.6,-292.9872
12/14/2017,Central,Furniture,Furnishings,Dave Brooks,56.328,3,0.6,-26.7558
12/14/2017,Central,Technology,Accessories,Dave Brooks,39.264,3,0.2,-4.908
12/14/2017,Central,Office Supplies,Art,Dave Brooks,95.232,6,0.2,24.9984
04-08-2016,South,Office Supplies,Fasteners,Christine Kargatis,30,6,0,14.4
04-08-2016,South,Office Supplies,Paper,Christine Kargatis,25.92,4,0,12.7008
04-08-2016,South,Furniture,Furnishings,Christine Kargatis,159.92,4,0,31.984
12/16/2016,South,Office Supplies,Appliances,Sandra Flanagan,34.944,3,0.2,3.0576
9/19/2017,West,Technology,Accessories,Dave Poirier,149.95,5,0,31.4895
9/19/2017,West,Office Supplies,Art,Dave Poirier,23.32,2,0,6.0632
9/19/2017,West,Office Supplies,Art,Dave Poirier,16.74,3,0,4.8546
09-04-2017,East,Office Supplies,Fasteners,Vivian Mathis,14.82,6,0,6.9654
09-12-2016,West,Office Supplies,Fasteners,Sarah Foster,10.47,3,0,4.8162
09-12-2016,West,Office Supplies,Labels,Sarah Foster,11.07,3,0,5.2029
09-12-2016,West,Office Supplies,Binders,Sarah Foster,20.704,4,0.2,7.764
08-10-2017,Central,Office Supplies,Paper,Steve Chapman,177.2,5,0,83.284
11-04-2016,South,Furniture,Furnishings,Maureen Fritzler,50.496,6,0.2,8.2056
6/18/2015,South,Office Supplies,Binders,Benjamin Venier,6.129,3,0.7,-4.4946
6/18/2015,South,Furniture,Chairs,Benjamin Venier,643.136,4,0.2,56.2744
6/18/2015,South,Office Supplies,Paper,Benjamin Venier,20.736,4,0.2,7.2576
07-04-2014,West,Office Supplies,Paper,Katrina Edelman,177.536,4,0.2,62.1376
07-04-2014,West,Office Supplies,Appliances,Katrina Edelman,32.432,2,0.2,3.2432
12/20/2015,South,Office Supplies,Labels,Evan Minnotte,11.696,2,0.2,3.9474
04-10-2016,West,Office Supplies,Appliances,Brian Thompson,113.76,3,0,44.3664
04-10-2016,West,Office Supplies,Storage,Brian Thompson,579.51,3,0,81.1314
04-10-2016,West,Office Supplies,Storage,Brian Thompson,150.66,9,0,6.0264
04-10-2016,West,Office Supplies,Binders,Brian Thompson,48.032,4,0.2,15.6104
5/26/2014,Central,Office Supplies,Storage,Michelle Moray,102.624,3,0.2,7.6968
5/26/2014,Central,Furniture,Chairs,Michelle Moray,359.772,2,0.3,-5.1396
5/26/2014,Central,Office Supplies,Art,Michelle Moray,13.392,3,0.2,3.1806
07-06-2017,West,Furniture,Chairs,Patrick O'Brill,122.136,3,0.2,-13.7403
2/16/2015,East,Office Supplies,Paper,Sung Pak,35.88,6,0,16.146
6/16/2017,East,Technology,Accessories,Christine Sundaresam,479.952,6,0.2,107.9892
6/16/2017,East,Office Supplies,Art,Christine Sundaresam,23.92,5,0.2,1.794
11/13/2017,East,Technology,Phones,Ken Brennan,629.95,5,0,163.787
12-11-2017,East,Office Supplies,Binders,Allen Armold,14.952,1,0.2,5.0463
12-11-2017,East,Office Supplies,Paper,Allen Armold,17.94,3,0,8.073
12-11-2017,East,Technology,Phones,Allen Armold,116.98,2,0,29.245
6/28/2016,East,Furniture,Chairs,Becky Pak,121.96,2,0,20.7332
6/28/2016,East,Office Supplies,Appliances,Becky Pak,8.74,2,0,2.2724
6/28/2016,East,Office Supplies,Paper,Becky Pak,61.96,2,0,27.882
6/28/2016,East,Office Supplies,Binders,Becky Pak,7.96,2,0,3.7412
6/28/2016,East,Office Supplies,Appliances,Becky Pak,275.24,4,0,121.1056
9/15/2017,East,Furniture,Furnishings,Theresa Coyne,47.4,5,0,18.96
9/15/2017,East,Furniture,Chairs,Theresa Coyne,512.96,4,0,143.6288
9/15/2017,East,Technology,Phones,Theresa Coyne,395.94,6,0,102.9444
9/15/2017,East,Office Supplies,Storage,Theresa Coyne,81.96,2,0,0
12-02-2017,South,Office Supplies,Art,Barry Gonzalez,32.776,1,0.2,2.4582
6/26/2017,East,Office Supplies,Storage,Denny Ordway,272.94,3,0,0
7/24/2016,East,Furniture,Chairs,Darren Budd,253.764,2,0.1,31.0156
09-02-2016,Central,Office Supplies,Labels,Rob Lucas,29.24,5,0.2,9.8685
09-02-2016,Central,Office Supplies,Storage,Rob Lucas,35.168,2,0.2,-8.3524
09-02-2016,Central,Technology,Machines,Rob Lucas,1362.9,3,0.3,-19.47
4/20/2017,Central,Furniture,Chairs,Sarah Jordon,317.058,3,0.3,-18.1176
4/20/2017,Central,Office Supplies,Art,Sarah Jordon,15.76,2,0.2,3.546
4/20/2017,Central,Furniture,Furnishings,Sarah Jordon,14.56,5,0.6,-6.188
08-12-2014,East,Office Supplies,Binders,Charles Sheldon,196.21,7,0,98.105
9/19/2017,South,Office Supplies,Art,Julie Prescott,35.4,5,0,13.452
12-09-2017,West,Office Supplies,Paper,Nick Crebassa,419.4,5,0.2,146.79
12-09-2017,West,Office Supplies,Binders,Nick Crebassa,13.005,3,0.7,-9.9705
11-04-2016,West,Office Supplies,Binders,Carl Weiss,7.712,2,0.2,2.7956
11-04-2016,West,Office Supplies,Binders,Carl Weiss,4.176,1,0.2,1.305
11-04-2016,West,Office Supplies,Paper,Carl Weiss,38.88,6,0,18.6624
3/29/2015,East,Office Supplies,Paper,Chad McGuire,17.64,4,0,8.1144
09-05-2016,Central,Office Supplies,Storage,Pete Takahito,93.456,3,0.2,-17.523
1/28/2017,East,Technology,Accessories,Craig Leslie,449.91,9,0,157.4685
09-03-2016,East,Furniture,Bookcases,Herbert Flentye,344.94,3,0,31.0446
09-03-2016,East,Furniture,Furnishings,Herbert Flentye,14.76,2,0,4.2804
09-03-2016,East,Office Supplies,Binders,Herbert Flentye,12.76,2,0,5.8696
09-03-2016,East,Office Supplies,Labels,Herbert Flentye,58.48,8,0,27.4856
7/25/2017,East,Furniture,Furnishings,John Castell,20.096,4,0.2,3.0144
7/25/2017,East,Office Supplies,Supplies,John Castell,37.752,3,0.2,4.2471
7/25/2017,East,Furniture,Tables,John Castell,138.588,1,0.4,-34.647
7/25/2017,East,Office Supplies,Storage,John Castell,259.92,5,0.2,-25.992
7/25/2017,East,Office Supplies,Paper,John Castell,20.736,4,0.2,7.2576
9/13/2015,South,Furniture,Furnishings,Jonathan Howell,129.93,3,0,12.993
9/13/2015,South,Office Supplies,Paper,Jonathan Howell,69.93,7,0,31.4685
09-07-2015,South,Office Supplies,Art,Corey Catlett,140.736,4,0.2,12.3144
11/16/2016,West,Office Supplies,Binders,Ionia McGrath,8.32,5,0.2,2.808
11-10-2016,West,Furniture,Furnishings,Ben Ferrer,9.98,1,0,2.7944
8/15/2014,East,Office Supplies,Binders,Christine Sundaresam,62.94,3,0,30.2112
11/16/2015,Central,Office Supplies,Storage,Matt Connell,21.488,2,0.2,1.6116
11/16/2015,Central,Technology,Phones,Matt Connell,239.976,3,0.2,26.9973
11/16/2015,Central,Furniture,Furnishings,Matt Connell,34.504,2,0.6,-15.5268
8/25/2015,Central,Furniture,Furnishings,Mick Crebagga,20.104,2,0.6,-16.5858
8/25/2015,Central,Office Supplies,Binders,Mick Crebagga,3.798,1,0.8,-6.0768
8/25/2015,Central,Furniture,Furnishings,Mick Crebagga,7.88,5,0.6,-3.94
12/25/2016,West,Furniture,Tables,Laurel Workman,35.445,1,0.5,-24.1026
12/25/2016,West,Technology,Machines,Laurel Workman,269.97,2,0.7,-386.957
12/25/2016,West,Technology,Accessories,Laurel Workman,45.12,3,0.2,-7.896
12/25/2016,West,Technology,Accessories,Laurel Workman,100.8,2,0.2,21.42
12/25/2016,West,Furniture,Chairs,Laurel Workman,47.968,2,0.2,4.1972
10-05-2014,West,Technology,Accessories,Keith Herrera,99.98,2,0,34.993
11/22/2014,South,Office Supplies,Paper,Robert Barroso,9.96,2,0,4.8804
12/25/2017,West,Office Supplies,Binders,Giulietta Dortch,3.856,1,0.2,1.3978
3/31/2015,Central,Office Supplies,Paper,Ed Braxton,98.376,3,0.2,35.6613
3/31/2015,Central,Furniture,Furnishings,Ed Braxton,22.38,3,0.6,-7.833
9/14/2017,East,Office Supplies,Binders,Pamela Stobb,3.882,2,0.7,-2.588
9/14/2017,East,Technology,Machines,Pamela Stobb,12.585,1,0.7,-18.0385
9/14/2017,East,Furniture,Chairs,Pamela Stobb,113.372,2,0.3,-29.1528
9/14/2017,East,Office Supplies,Binders,Pamela Stobb,18.312,4,0.7,-12.208
9/14/2017,East,Furniture,Furnishings,Pamela Stobb,127.936,8,0.2,4.7976
9/14/2017,East,Technology,Machines,Pamela Stobb,241.17,2,0.7,-168.819
6/17/2014,West,Furniture,Furnishings,Gary Hwang,6.24,3,0,2.6208
6/17/2014,West,Office Supplies,Fasteners,Gary Hwang,17.9,5,0,8.95
6/17/2014,West,Office Supplies,Binders,Gary Hwang,3266.376,3,0.2,1061.5722
12/28/2017,Central,Office Supplies,Binders,Lori Olson,1.68,5,0.8,-2.688
12/28/2017,Central,Furniture,Furnishings,Lori Olson,7.968,3,0.6,-2.3904
12/28/2017,Central,Furniture,Chairs,Lori Olson,113.372,2,0.3,-3.2392
12/28/2017,Central,Furniture,Furnishings,Lori Olson,2.96,2,0.6,-1.406
11-02-2017,West,Office Supplies,Appliances,Cindy Stewart,168.1,5,0,43.706
7/25/2015,South,Office Supplies,Envelopes,Yana Sorensen,98.46,9,0,49.23
7/25/2015,South,Furniture,Tables,Yana Sorensen,358.58,2,0,39.4438
10-02-2016,Central,Office Supplies,Storage,Tamara Chand,32.48,2,0,4.872
10-02-2016,Central,Technology,Copiers,Tamara Chand,17499.95,5,0,8399.976
10-02-2016,Central,Office Supplies,Binders,Tamara Chand,735.98,2,0,331.191
10-02-2016,Central,Office Supplies,Binders,Tamara Chand,34.37,7,0,16.8413
10-02-2016,Central,Office Supplies,Art,Tamara Chand,33.96,2,0,9.5088
12/24/2016,East,Technology,Phones,Pauline Webber,197.97,3,0,53.4519
7/21/2017,East,Office Supplies,Appliances,Cari Schnelling,17.48,4,0,4.5448
10-10-2015,Central,Office Supplies,Art,David Philippe,8.016,3,0.2,1.002
09-08-2016,West,Furniture,Tables,Pauline Johnson,146.04,1,0.2,-12.7785
11/20/2016,West,Technology,Accessories,Brendan Murry,27.88,2,0,3.9032
10/15/2017,West,Office Supplies,Labels,Dionis Lloyd,152.65,5,0,70.219
10/15/2017,West,Furniture,Furnishings,Dionis Lloyd,22.72,1,0,9.3152
07-06-2015,East,Office Supplies,Art,Barbara Fisher,11.12,4,0,2.8912
02-05-2017,West,Office Supplies,Appliances,Fred Chung,1640.7,5,0,459.396
02-05-2017,West,Technology,Phones,Fred Chung,371.2,5,0.2,41.76
12-06-2015,East,Office Supplies,Binders,Mike Pelletier,14.832,3,0.7,-10.3824
09-12-2016,South,Technology,Accessories,Anthony Johnson,20.7,3,0,1.656
09-12-2016,South,Office Supplies,Fasteners,Anthony Johnson,11.34,3,0,5.2164
09-12-2016,South,Office Supplies,Storage,Anthony Johnson,67.9,5,0,0.679
09-12-2016,South,Furniture,Chairs,Anthony Johnson,1059.12,4,0,307.1448
07-06-2014,West,Furniture,Chairs,Becky Castell,478.48,2,0.2,47.848
05-09-2016,West,Office Supplies,Paper,Ricardo Sperren,32.04,4,0,14.418
7/18/2016,West,Technology,Phones,Nora Paige,55.992,1,0.2,3.4995
6/18/2016,Central,Office Supplies,Paper,Bobby Trafton,76.864,2,0.2,26.9024
4/20/2014,West,Furniture,Furnishings,Benjamin Patterson,59.92,4,0,27.5632
01-08-2016,Central,Furniture,Bookcases,Jack O'Briant,1565.88,6,0,407.1288
01-08-2016,Central,Office Supplies,Binders,Jack O'Briant,106.05,7,0,49.8435
12/23/2017,South,Office Supplies,Storage,Monica Federle,62.04,4,0,17.3712
12/23/2017,South,Technology,Phones,Monica Federle,494.97,3,0,148.491
12/23/2017,South,Office Supplies,Storage,Monica Federle,367.96,4,0,14.7184
12/23/2017,South,Office Supplies,Paper,Monica Federle,44.96,2,0,20.6816
12/23/2017,South,Office Supplies,Envelopes,Monica Federle,182.94,3,0,85.9818
4/17/2017,West,Office Supplies,Paper,Pamela Stobb,28.14,3,0,13.5072
4/17/2017,West,Office Supplies,Labels,Pamela Stobb,7.38,2,0,3.4686
4/17/2017,West,Office Supplies,Fasteners,Pamela Stobb,10.9,5,0,3.597
4/17/2017,West,Technology,Accessories,Pamela Stobb,274.89,11,0,46.7313
4/17/2017,West,Office Supplies,Labels,Pamela Stobb,23.04,8,0,11.2896
4/17/2017,West,Furniture,Chairs,Pamela Stobb,218.352,3,0.2,-19.1058
12-01-2017,Central,Office Supplies,Paper,Maribeth Yedwab,10.368,2,0.2,3.6288
8/21/2016,West,Office Supplies,Binders,Scot Coram,12.672,2,0.2,4.752
8/21/2016,West,Technology,Phones,Scot Coram,91.96,5,0.2,-20.691
8/21/2016,West,Technology,Accessories,Scot Coram,254.97,3,0,91.7892
8/21/2016,West,Technology,Phones,Scot Coram,31.984,2,0.2,-7.996
8/21/2016,West,Furniture,Tables,Scot Coram,2887.056,9,0.2,180.441
8/21/2016,West,Office Supplies,Paper,Scot Coram,12.96,2,0,6.2208
8/21/2016,West,Office Supplies,Paper,Scot Coram,47.52,9,0,21.384
12-05-2016,Central,Office Supplies,Labels,Randy Ferguson,11.952,3,0.2,3.8844
12/16/2015,West,Office Supplies,Paper,Sandra Glassco,4.98,1,0,2.3406
10/17/2014,Central,Office Supplies,Binders,Tracy Blumstein,10.78,5,0.8,-17.248
10/17/2014,Central,Technology,Accessories,Tracy Blumstein,119.976,3,0.2,-17.9964
09-05-2016,South,Office Supplies,Labels,Michael Moore,25.06,2,0,11.7782
09-05-2016,South,Furniture,Tables,Michael Moore,1652.94,3,0,314.0586
10/15/2015,Central,Furniture,Furnishings,Claire Gute,131.376,6,0.6,-95.2476
10/15/2015,Central,Office Supplies,Paper,Claire Gute,5.344,1,0.2,1.8704
12-01-2015,West,Furniture,Chairs,Tamara Willingham,2003.92,5,0.2,125.245
12-01-2015,West,Office Supplies,Paper,Tamara Willingham,32.4,5,0,15.552
12-01-2015,West,Furniture,Tables,Tamara Willingham,1913.4,9,0,401.814
12-01-2015,West,Office Supplies,Storage,Tamara Willingham,146.73,3,0,2.9346
12-01-2015,West,Office Supplies,Paper,Tamara Willingham,114.2,5,0,52.532
5/31/2015,Central,Furniture,Chairs,Bill Donatelli,2567.84,8,0,770.352
09-10-2017,East,Technology,Accessories,Helen Abelman,37.056,4,0.2,8.8008
09-10-2017,East,Technology,Phones,Helen Abelman,259.896,2,0.4,-56.3108
4/25/2017,West,Office Supplies,Paper,Lauren Leatherbury,19.05,3,0,8.763
4/25/2017,West,Office Supplies,Binders,Lauren Leatherbury,73.344,3,0.2,27.504
9/18/2017,South,Technology,Phones,Saphhira Shifley,95.68,8,0,26.7904
9/18/2017,South,Office Supplies,Paper,Saphhira Shifley,50.96,7,0,24.4608
9/18/2017,South,Office Supplies,Art,Saphhira Shifley,113.94,3,0,34.182
9/18/2017,South,Office Supplies,Paper,Saphhira Shifley,25.92,4,0,12.4416
9/18/2017,South,Furniture,Furnishings,Saphhira Shifley,20.32,4,0,6.9088
9/18/2017,South,Technology,Phones,Saphhira Shifley,411.98,2,0,119.4742
9/18/2017,South,Office Supplies,Supplies,Saphhira Shifley,34.48,2,0,9.9992
9/18/2017,South,Office Supplies,Paper,Saphhira Shifley,244.55,5,0,114.9385
8/18/2017,East,Office Supplies,Binders,Chloris Kastensmidt,10.782,3,0.7,-7.9068
5/24/2015,Central,Furniture,Chairs,Vivek Sundaresam,602.651,7,0.3,-163.5767
5/24/2015,Central,Office Supplies,Binders,Vivek Sundaresam,7.656,6,0.8,-13.0152
09-07-2015,East,Technology,Accessories,Tanja Norvell,559.93,7,0,167.979
7/24/2017,West,Technology,Copiers,Harold Ryan,2399.96,5,0.2,839.986
09-02-2017,Central,Office Supplies,Fasteners,Jill Stevenson,16,4,0.2,5.6
09-02-2017,Central,Office Supplies,Appliances,Jill Stevenson,5.588,2,0.8,-15.0876
09-02-2017,Central,Office Supplies,Storage,Jill Stevenson,235.92,5,0.2,-44.235
12-06-2017,West,Office Supplies,Storage,Brad Norvell,10.68,1,0,2.8836
5/20/2017,Central,Office Supplies,Binders,Allen Rosenblatt,41.28,2,0,19.8144
9/27/2016,West,Technology,Phones,Shaun Weien,1001.584,2,0.2,125.198
12-10-2017,South,Furniture,Furnishings,Justin Ellison,14.76,2,0,4.2804
9/13/2014,East,Office Supplies,Binders,Lena Hernandez,2.502,3,0.7,-2.0016
7/29/2017,West,Furniture,Bookcases,Vivek Gonzalez,115.96,2,0,25.5112
08-01-2017,West,Office Supplies,Storage,Eric Murdock,186.54,3,0,50.3658
05-02-2017,West,Technology,Accessories,Elizabeth Moffitt,159.56,4,0,59.0372
06-12-2015,South,Technology,Phones,Jonathan Howell,55.984,2,0.2,4.1988
12/22/2014,Central,Office Supplies,Storage,Nora Preis,132.16,1,0.2,9.912
12/22/2014,Central,Office Supplies,Binders,Nora Preis,17.904,6,0.8,-31.332
12/22/2014,Central,Office Supplies,Paper,Nora Preis,124.032,4,0.2,44.9616
12/16/2014,West,Furniture,Chairs,Stefanie Holloman,1403.92,5,0.2,70.196
4/16/2016,West,Office Supplies,Supplies,Bryan Mills,28.8,3,0,0.864
5/21/2015,East,Office Supplies,Binders,Henry Goldwyn,24.588,2,0.7,-18.0312
2/26/2017,West,Office Supplies,Appliances,Becky Martin,356.79,7,0,99.9012
04-04-2017,East,Office Supplies,Envelopes,Penelope Sewall,16.98,1,0,8.49
3/16/2015,South,Office Supplies,Labels,Maurice Satty,491.55,5,0,240.8595
3/16/2015,South,Office Supplies,Envelopes,Maurice Satty,7.38,2,0,3.3948
11/30/2015,East,Office Supplies,Paper,Janet Lee,23.66,7,0,10.8836
11/30/2015,East,Furniture,Bookcases,Janet Lee,681.408,12,0.2,42.588
7/28/2016,West,Office Supplies,Labels,Khloe Miller,18.9,3,0,8.694
6/23/2016,West,Office Supplies,Storage,Ruben Dartt,93.68,4,0,25.2936
6/23/2016,West,Office Supplies,Labels,Ruben Dartt,21.93,3,0,10.3071
6/23/2016,West,Technology,Phones,Ruben Dartt,862.344,7,0.2,97.0137
6/23/2016,West,Office Supplies,Paper,Ruben Dartt,19.98,1,0,9.3906
7/14/2014,East,Technology,Phones,Shui Tom,13.494,1,0.4,-2.249
7/14/2014,East,Technology,Phones,Shui Tom,23.988,2,0.4,-13.993
7/14/2014,East,Furniture,Furnishings,Shui Tom,31.984,2,0.2,1.1994
7/14/2014,East,Office Supplies,Art,Shui Tom,41.584,2,0.2,4.6782
11/30/2017,Central,Technology,Accessories,Bart Pistole,95.976,3,0.2,-10.7973
09-02-2016,Central,Furniture,Furnishings,Tom Ashbrook,84.272,2,0.6,-75.8448
6/15/2014,Central,Office Supplies,Paper,Pamela Stobb,36.544,2,0.2,11.8768
11-05-2016,West,Technology,Accessories,Nora Preis,479.72,4,0,52.7692
6/26/2017,East,Office Supplies,Binders,Scott Cohen,102.368,2,0.2,37.1084
6/26/2017,East,Office Supplies,Supplies,Scott Cohen,28.4,5,0,8.236
6/26/2017,East,Office Supplies,Storage,Scott Cohen,713.88,4,0,214.164
6/26/2017,East,Office Supplies,Paper,Scott Cohen,68.52,3,0,31.5192
7/25/2015,West,Technology,Phones,Russell D'Ascenzo,623.96,5,0.2,38.9975
9/23/2014,East,Office Supplies,Binders,Thea Hudgings,11.12,4,0,5.4488
9/30/2016,East,Furniture,Bookcases,Greg Matthias,523.92,5,0.2,-26.196
11-09-2015,West,Office Supplies,Fasteners,Jesus Ocampo,2.48,2,0,1.1656
4/25/2015,Central,Office Supplies,Storage,Zuschuss Carroll,221.024,2,0.2,-55.256
4/25/2015,Central,Furniture,Chairs,Zuschuss Carroll,128.058,3,0.3,-23.7822
11/19/2017,East,Office Supplies,Binders,Anne Pryor,58.408,7,0.2,18.2525
11/19/2017,East,Furniture,Tables,Anne Pryor,79.974,3,0.4,-29.3238
11/20/2015,Central,Technology,Machines,Grace Kelly,479.988,2,0.4,55.9986
10-02-2015,West,Office Supplies,Binders,Henry MacAllister,11.808,3,0.2,4.1328
10-02-2015,West,Office Supplies,Binders,Henry MacAllister,53.568,4,0.2,19.4184
10-02-2015,West,Technology,Phones,Henry MacAllister,503.96,5,0.2,50.396
4/25/2015,West,Office Supplies,Envelopes,Linda Southworth,21.34,2,0,9.8164
7/14/2016,South,Office Supplies,Binders,Anemone Ratner,36.4,5,0,17.108
7/14/2016,South,Furniture,Furnishings,Anemone Ratner,51.75,1,0,15.525
9/27/2015,West,Office Supplies,Storage,Rick Huthwaite,15.51,1,0,4.3428
9/27/2015,West,Office Supplies,Paper,Rick Huthwaite,146.82,3,0,73.41
9/27/2015,West,Office Supplies,Paper,Rick Huthwaite,12.96,2,0,6.2208
11-10-2017,West,Office Supplies,Art,Thomas Brumley,7.8,3,0,2.106
7/16/2016,South,Office Supplies,Envelopes,Jonathan Doherty,10.2,5,0,4.794
7/16/2016,South,Office Supplies,Art,Jonathan Doherty,22.32,3,0,5.58
7/16/2016,South,Office Supplies,Binders,Jonathan Doherty,24.1,5,0,11.086
7/16/2016,South,Technology,Accessories,Jonathan Doherty,75.98,2,0,18.2352
7/16/2016,South,Office Supplies,Binders,Jonathan Doherty,6.46,2,0,3.1654
7/16/2016,South,Office Supplies,Paper,Jonathan Doherty,60.12,9,0,28.8576
10/16/2015,East,Technology,Phones,Michael Paige,824.97,3,0,214.4922
01-10-2016,West,Furniture,Furnishings,Joy Bell-,24.85,5,0,7.7035
9/19/2017,West,Office Supplies,Storage,Adrian Barton,12.624,2,0.2,-2.5248
9/19/2017,West,Technology,Accessories,Adrian Barton,89.584,2,0.2,4.4792
9/19/2017,West,Technology,Phones,Adrian Barton,471.92,2,0.2,29.495
9/19/2017,West,Office Supplies,Binders,Adrian Barton,18.18,4,0.7,-13.938
9/15/2017,Central,Office Supplies,Art,Charles Crestani,31.744,2,0.2,8.3328
6/28/2015,West,Office Supplies,Labels,Craig Yedwab,5.904,2,0.2,1.9926
6/28/2015,West,Furniture,Furnishings,Craig Yedwab,621.76,4,0.2,46.632
11/25/2016,South,Technology,Phones,Emily Phan,59.98,2,0,17.994
11/25/2017,South,Office Supplies,Paper,Delfina Latchford,48.87,9,0,23.9463
1/14/2017,West,Office Supplies,Paper,Sean O'Donnell,154.9,5,0,69.705
11-07-2014,East,Office Supplies,Fasteners,Bart Pistole,5.92,4,0,2.8416
11-07-2014,East,Office Supplies,Paper,Bart Pistole,30.18,3,0,13.8828
09-01-2016,Central,Office Supplies,Binders,Joseph Airdo,24.1,5,0,11.086
09-01-2016,Central,Technology,Phones,Joseph Airdo,8.78,1,0,2.2828
09-01-2016,Central,Office Supplies,Appliances,Joseph Airdo,376.74,4,0.1,71.162
09-01-2016,Central,Office Supplies,Binders,Joseph Airdo,29.52,4,0,14.4648
09-01-2016,Central,Office Supplies,Art,Joseph Airdo,11.96,2,0,2.99
09-01-2016,Central,Office Supplies,Binders,Joseph Airdo,26.4,5,0,12.672
11-11-2017,South,Office Supplies,Appliances,Brenda Bowman,1158.12,5,0.2,130.2885
12-11-2017,Central,Office Supplies,Appliances,Dennis Kane,1.392,2,0.8,-3.7584
11-08-2015,South,Office Supplies,Appliances,Rob Haberlin,44.43,3,0,18.6606
11-08-2015,South,Technology,Phones,Rob Haberlin,226.2,5,0,58.812
11-08-2015,South,Furniture,Furnishings,Rob Haberlin,186.54,3,0,41.0388
11-08-2015,South,Office Supplies,Art,Rob Haberlin,265.86,7,0,79.758
11-08-2015,South,Office Supplies,Art,Rob Haberlin,27.9,5,0,6.975
11/19/2015,West,Office Supplies,Appliances,Aleksandra Gannaway,31.08,4,0,8.3916
12/23/2017,Central,Office Supplies,Binders,Jennifer Braxton,13.84,4,0.8,-22.144
12/23/2017,Central,Office Supplies,Paper,Jennifer Braxton,175.872,4,0.2,63.7536
9/16/2016,West,Office Supplies,Paper,Becky Castell,12.96,2,0,6.3504
5/26/2017,South,Office Supplies,Appliances,Kimberly Carter,208.44,3,0,62.532
5/26/2017,South,Office Supplies,Supplies,Kimberly Carter,25.76,2,0,0.7728
3/30/2015,Central,Furniture,Chairs,Daniel Raglin,366.744,4,0.3,-110.0232
8/19/2014,West,Furniture,Furnishings,David Wiener,289.24,7,0,26.0316
8/19/2014,West,Office Supplies,Binders,David Wiener,69.456,2,0.2,22.5732
12/23/2014,Central,Office Supplies,Paper,Michelle Ellison,5.184,1,0.2,1.8144
11-01-2015,East,Furniture,Chairs,Jeremy Farry,205.164,2,0.1,13.6776
12/15/2014,Central,Furniture,Furnishings,Sung Pak,8.544,2,0.6,-7.476
8/21/2015,East,Office Supplies,Binders,Katherine Nockton,12.828,2,0.7,-8.9796
8/21/2015,East,Furniture,Chairs,Katherine Nockton,598.458,3,0.3,-42.747
8/21/2015,East,Furniture,Furnishings,Katherine Nockton,25.984,1,0.2,-3.8976
5/23/2014,East,Office Supplies,Binders,Greg Tran,17.96,5,0.2,5.837
5/23/2014,East,Office Supplies,Supplies,Greg Tran,5.04,2,0,0.1512
5/23/2014,East,Office Supplies,Appliances,Greg Tran,208.16,1,0,56.2032
12-09-2017,West,Furniture,Bookcases,Daniel Byrd,148.257,3,0.15,15.6978
03-11-2014,South,Office Supplies,Appliances,Filia McAdams,146.76,3,0,38.1576
03-11-2014,South,Technology,Accessories,Filia McAdams,32.96,2,0,14.1728
03-11-2014,South,Technology,Phones,Filia McAdams,587.97,3,0,164.6316
03-11-2014,South,Office Supplies,Paper,Filia McAdams,14.94,3,0,7.0218
6/23/2016,East,Office Supplies,Labels,Sally Matthias,25.83,7,0,12.1401
8/23/2014,West,Office Supplies,Paper,Arthur Prichep,15.552,3,0.2,5.4432
8/23/2014,West,Office Supplies,Supplies,Arthur Prichep,6.8,1,0.2,0.51
8/23/2014,West,Furniture,Furnishings,Arthur Prichep,4.224,3,0.2,1.2672
8/23/2014,West,Technology,Phones,Arthur Prichep,143.64,9,0.2,10.773
8/23/2014,West,Office Supplies,Paper,Arthur Prichep,31.104,6,0.2,10.8864
8/23/2014,West,Office Supplies,Paper,Arthur Prichep,223.056,9,0.2,69.705
02-06-2017,East,Technology,Phones,Sibella Parks,227.46,6,0,65.9634
02-06-2017,East,Office Supplies,Binders,Sibella Parks,46.24,4,0.2,15.606
1/29/2017,East,Office Supplies,Labels,Rob Dowd,5.22,2,0,2.4012
12/20/2016,Central,Office Supplies,Paper,Matt Collins,33.9,5,0,15.594
11-11-2016,East,Office Supplies,Storage,Edward Becker,28.14,3,0,7.8792
11-11-2016,East,Technology,Accessories,Edward Becker,36,2,0,6.48
11-11-2016,East,Office Supplies,Art,Edward Becker,92.94,3,0,25.0938
11-11-2016,East,Furniture,Chairs,Edward Becker,245.646,3,0.1,8.1882
11-11-2016,East,Office Supplies,Binders,Edward Becker,55.008,3,0.2,17.19
11-11-2016,East,Office Supplies,Binders,Edward Becker,35.232,3,0.2,11.4504
11-09-2017,West,Furniture,Chairs,Jim Epp,523.392,3,0.2,52.3392
05-02-2014,South,Technology,Copiers,Cari Schnelling,479.984,2,0.2,89.997
9/22/2017,South,Office Supplies,Paper,Peter Bühler,12.96,2,0,6.2208
9/22/2017,South,Office Supplies,Art,Peter Bühler,17.94,3,0,6.4584
12/17/2017,East,Office Supplies,Storage,Annie Thurman,166.72,2,0,41.68
12/17/2017,East,Office Supplies,Binders,Annie Thurman,24.816,3,0.2,8.3754
12/17/2017,East,Furniture,Furnishings,Annie Thurman,124.36,2,0,27.3592
7/18/2017,East,Technology,Copiers,Seth Vernon,599.97,5,0.4,69.9965
7/18/2017,East,Furniture,Chairs,Seth Vernon,198.744,4,0.3,-14.196
7/18/2017,East,Office Supplies,Supplies,Seth Vernon,9.184,2,0.2,1.148
11-03-2016,Central,Office Supplies,Paper,Patrick Jones,9.248,2,0.2,3.3524
04-08-2014,West,Furniture,Tables,Nathan Mautz,99.592,1,0.2,2.4898
04-08-2014,West,Technology,Accessories,Nathan Mautz,399.96,4,0,139.986
8/14/2016,South,Office Supplies,Paper,Toby Ritter,15.552,3,0.2,5.4432
9/25/2014,West,Office Supplies,Art,Barry Franz,14.576,2,0.2,2.3686
12-11-2016,West,Office Supplies,Binders,William Brown,209.6,5,0.2,68.12
12-11-2016,West,Office Supplies,Art,William Brown,23.32,2,0,6.0632
12-11-2016,West,Office Supplies,Paper,William Brown,30.98,1,0,13.941
12-11-2016,West,Technology,Accessories,William Brown,119.96,4,0,25.1916
12-11-2016,West,Furniture,Chairs,William Brown,363.92,5,0.2,-31.843
12-11-2016,West,Office Supplies,Binders,William Brown,35.808,3,0.2,11.19
12-11-2016,West,Office Supplies,Binders,William Brown,122.688,9,0.2,39.8736
12-11-2016,West,Furniture,Tables,William Brown,892.136,7,0.2,111.517
12-11-2016,West,Office Supplies,Storage,William Brown,50.22,3,0,2.0088
12-11-2016,West,Office Supplies,Appliances,William Brown,83.42,2,0,24.1918
12-11-2016,West,Office Supplies,Binders,William Brown,5.872,2,0.2,2.1286
02-03-2015,West,Office Supplies,Binders,Ken Heidel,12.144,3,0.2,4.0986
12/29/2016,West,Office Supplies,Envelopes,Ken Lonsdale,27.792,3,0.2,10.422
8/31/2017,West,Office Supplies,Supplies,Michael Granlund,6.208,2,0.2,0.6984
02-04-2017,East,Office Supplies,Appliances,Jay Fein,32.67,3,0,8.4942
12-06-2014,West,Office Supplies,Storage,Roland Schwarz,1261.33,7,0,327.9458
5/30/2016,West,Office Supplies,Paper,Nancy Lomonaco,38.88,6,0,18.6624
5/21/2016,Central,Office Supplies,Binders,Alejandro Savely,1.964,2,0.8,-3.2406
5/21/2016,Central,Office Supplies,Paper,Alejandro Savely,82.656,9,0.2,30.996
08-09-2014,West,Office Supplies,Paper,Gene McClure,5.98,1,0,2.691
09-05-2016,Central,Office Supplies,Paper,Stephanie Ulpright,9.248,2,0.2,3.3524
7/23/2016,Central,Office Supplies,Art,Chloris Kastensmidt,4.448,2,0.2,0.3336
7/23/2016,Central,Office Supplies,Paper,Chloris Kastensmidt,5.184,1,0.2,1.8144
7/23/2016,Central,Office Supplies,Art,Chloris Kastensmidt,175.92,5,0.2,15.393
7/23/2016,Central,Office Supplies,Binders,Chloris Kastensmidt,4.752,4,0.8,-8.316
7/23/2016,Central,Office Supplies,Supplies,Chloris Kastensmidt,13.344,2,0.2,1.0008
05-12-2016,West,Office Supplies,Envelopes,Jill Matthias,54.9,5,0,26.901
09-02-2016,South,Office Supplies,Binders,Joe Elijah,22.911,7,0.7,-17.5651
09-02-2016,South,Office Supplies,Appliances,Joe Elijah,309.456,9,0.2,34.8138
09-02-2016,South,Office Supplies,Art,Joe Elijah,19.456,4,0.2,3.4048
09-02-2016,South,Furniture,Tables,Joe Elijah,472.518,3,0.4,-149.6307
09-02-2016,South,Technology,Accessories,Joe Elijah,1012.68,3,0.2,303.804
09-02-2016,South,Office Supplies,Binders,Joe Elijah,17.22,5,0.7,-12.628
7/21/2017,West,Office Supplies,Art,Anthony Rawles,3.52,2,0,1.6896
7/21/2017,West,Technology,Phones,Anthony Rawles,1626.192,9,0.2,121.9644
9/25/2017,East,Office Supplies,Binders,Adam Hart,8.595,5,0.7,-6.303
9/25/2017,East,Office Supplies,Supplies,Adam Hart,190.896,2,0.2,-42.9516
08-03-2017,West,Office Supplies,Storage,George Ashbrook,99.87,3,0,23.9688
10/25/2015,West,Office Supplies,Art,Jennifer Ferguson,79.36,4,0,23.808
6/15/2017,West,Technology,Phones,Kristen Hastings,119.96,1,0.2,7.4975
01-09-2015,South,Office Supplies,Paper,Craig Carroll,106.32,3,0,49.9704
01-09-2015,South,Office Supplies,Appliances,Craig Carroll,163.44,3,0,45.7632
01-09-2015,South,Office Supplies,Art,Craig Carroll,42.76,2,0,11.1176
01-09-2015,South,Office Supplies,Paper,Craig Carroll,51.55,5,0,24.2285
02-09-2015,Central,Technology,Accessories,Jill Fjeld,479.952,6,0.2,89.991
8/19/2016,East,Office Supplies,Binders,Resi Pölking,146.688,6,0.2,55.008
8/19/2016,East,Office Supplies,Binders,Resi Pölking,276.784,2,0.2,89.9548
8/19/2016,East,Office Supplies,Binders,Resi Pölking,25.32,5,0.2,9.1785
11-06-2017,East,Office Supplies,Paper,Carol Darley,318.96,9,0,149.9112
12/26/2015,East,Office Supplies,Paper,David Flashing,212.64,6,0,99.9408
11/23/2014,West,Office Supplies,Envelopes,Sally Matthias,23.472,3,0.2,8.802
08-01-2016,Central,Office Supplies,Paper,Susan Gilcrest,19.648,2,0.2,6.6312
9/21/2014,East,Office Supplies,Binders,Larry Hughes,6.57,3,0.7,-5.037
09-04-2017,West,Office Supplies,Storage,Eva Jacobs,421.1,2,0,105.275
6/19/2017,East,Furniture,Chairs,Katharine Harms,760.116,6,0.3,-43.4352
6/19/2017,East,Furniture,Furnishings,Katharine Harms,38.784,3,0.2,7.272
6/19/2017,East,Technology,Accessories,Katharine Harms,122.328,9,0.2,1.5291
4/19/2016,East,Technology,Phones,Kunst Miller,25.98,2,0,0.7794
4/19/2016,East,Office Supplies,Art,Kunst Miller,3.28,2,0,1.476
4/19/2016,East,Office Supplies,Storage,Kunst Miller,459.88,4,0,13.7964
4/19/2016,East,Office Supplies,Supplies,Kunst Miller,7.76,2,0,2.2504
4/19/2016,East,Office Supplies,Art,Kunst Miller,71.96,2,0,17.99
4/19/2016,East,Office Supplies,Supplies,Kunst Miller,54.9,5,0,15.372
4/19/2016,East,Office Supplies,Binders,Kunst Miller,9.28,2,0.2,3.248
05-05-2016,West,Furniture,Tables,Lindsay Williams,1685.88,6,0,320.3172
05-05-2016,West,Office Supplies,Binders,Lindsay Williams,5.728,2,0.2,2.0048
10/18/2014,West,Office Supplies,Paper,Ivan Gibson,61.96,2,0,27.882
10/18/2014,West,Office Supplies,Binders,Ivan Gibson,1.344,1,0.2,0.4704
2/13/2017,East,Office Supplies,Paper,Jennifer Patt,17.94,3,0,8.7906
11/17/2017,West,Office Supplies,Binders,Greg Guthrie,13.904,2,0.2,4.5188
1/20/2014,South,Office Supplies,Binders,Muhammed MacIntyre,67.194,1,0.7,-51.5154
12-01-2017,West,Office Supplies,Paper,Sean O'Donnell,41.86,7,0,18.837
12-01-2017,West,Furniture,Bookcases,Sean O'Donnell,141.96,2,0,41.1684
08-09-2015,East,Furniture,Furnishings,Monica Federle,10.02,3,0,4.4088
08-09-2015,East,Office Supplies,Paper,Monica Federle,144.12,3,0,69.1776
9/27/2016,South,Office Supplies,Paper,James Galang,17.94,3,0,8.7906
9/27/2016,South,Office Supplies,Art,James Galang,13.89,3,0,4.5837
11/14/2016,East,Office Supplies,Paper,Justin MacKendrick,16.45,5,0,7.567
11/14/2016,East,Furniture,Furnishings,Justin MacKendrick,19.92,4,0,6.5736
4/16/2016,South,Technology,Accessories,Pete Kriz,35.168,4,0.2,8.3524
4/16/2016,South,Office Supplies,Paper,Pete Kriz,123.088,7,0.2,40.0036
11/26/2017,Central,Furniture,Tables,Tonja Turnell,257.94,3,0,67.0644
11/26/2017,Central,Technology,Phones,Tonja Turnell,1879.96,4,0,545.1884
11/26/2017,Central,Furniture,Furnishings,Tonja Turnell,27.46,2,0,9.8856
11/26/2017,Central,Technology,Phones,Tonja Turnell,89.98,2,0,43.1904
11/26/2017,Central,Furniture,Chairs,Tonja Turnell,828.6,3,0,240.294
11/20/2015,South,Office Supplies,Binders,Sung Shariari,7.23,5,0.7,-5.784
11/20/2015,South,Office Supplies,Storage,Sung Shariari,17.44,2,0.2,1.308
11/20/2015,South,Office Supplies,Binders,Sung Shariari,62.88,4,0.7,-50.304
11/20/2015,South,Furniture,Bookcases,Sung Shariari,290.352,3,0.2,-36.294
09-07-2017,Central,Technology,Accessories,Trudy Glocke,113.52,4,0,46.5432
09-07-2017,Central,Furniture,Furnishings,Trudy Glocke,135.3,5,0,37.884
11/24/2014,South,Furniture,Furnishings,Harold Pawlan,111.15,5,0,48.906
03-11-2017,East,Technology,Phones,Marc Harrigan,776.85,5,0.4,-181.265
03-11-2017,East,Office Supplies,Binders,Marc Harrigan,12.294,1,0.7,-8.6058
03-11-2017,East,Furniture,Tables,Marc Harrigan,154.764,3,0.4,-46.4292
03-11-2017,East,Office Supplies,Storage,Marc Harrigan,43.28,1,0.2,3.246
06-12-2016,East,Office Supplies,Paper,Christy Brittain,92.94,3,0,41.823
06-12-2016,East,Office Supplies,Appliances,Christy Brittain,52.56,3,0,18.396
6/26/2015,Central,Technology,Phones,Valerie Dominguez,971.88,3,0.2,109.3365
12/22/2017,South,Furniture,Chairs,Sharelle Roach,141.96,2,0,35.49
12/22/2017,West,Furniture,Tables,Alex Grayson,182.55,2,0.5,-135.087
10-09-2014,South,Office Supplies,Paper,Bart Pistole,88.768,2,0.2,31.0688
12-10-2015,Central,Office Supplies,Appliances,Julia West,53.088,7,0.8,-108.8304
12/25/2015,South,Furniture,Furnishings,Lena Hernandez,275.88,6,0,46.8996
12/25/2015,South,Office Supplies,Binders,Lena Hernandez,157.9,5,0,74.213
4/29/2017,East,Office Supplies,Labels,Kean Thornton,4.91,1,0,2.4059
3/28/2016,West,Office Supplies,Storage,Chris Cortes,87.92,4,0,0.8792
3/28/2016,West,Office Supplies,Paper,Chris Cortes,5.98,1,0,2.9302
5/13/2015,Central,Technology,Phones,Ben Ferrer,222.384,2,0.2,16.6788
5/13/2015,Central,Office Supplies,Fasteners,Ben Ferrer,16,4,0.2,5.6
07-04-2014,South,Office Supplies,Paper,Maxwell Schwartz,21.84,3,0,10.92
07-04-2014,South,Office Supplies,Binders,Maxwell Schwartz,15.6,5,0,7.644
4/22/2014,East,Office Supplies,Envelopes,Aaron Hawkins,247.84,8,0,121.4416
4/22/2014,East,Office Supplies,Binders,Aaron Hawkins,9.912,3,0.2,3.3453
9/19/2016,East,Office Supplies,Storage,Clytie Kelty,69.52,2,0,17.38
7/22/2014,West,Office Supplies,Art,Naresj Patel,11.52,4,0,3.2256
7/22/2014,West,Furniture,Chairs,Naresj Patel,717.72,3,0.2,71.772
7/22/2014,West,Office Supplies,Storage,Naresj Patel,236.5,10,0,68.585
7/22/2014,West,Furniture,Tables,Naresj Patel,170.352,3,0.2,19.1646
10-08-2017,East,Furniture,Chairs,Gary McGarr,145.764,2,0.1,3.2392
4/25/2017,West,Technology,Accessories,Speros Goranitis,107.97,3,0,22.6737
3/26/2017,Central,Technology,Accessories,Heather Kirkland,143.96,5,0.2,1.7995
3/26/2017,Central,Technology,Copiers,Heather Kirkland,2399.96,5,0.2,569.9905
3/26/2017,Central,Office Supplies,Paper,Heather Kirkland,74.352,3,0.2,23.235
3/26/2017,Central,Office Supplies,Appliances,Heather Kirkland,87.168,8,0.8,-226.6368
3/26/2017,Central,Office Supplies,Storage,Heather Kirkland,32.232,3,0.2,2.4174
05-04-2017,East,Office Supplies,Binders,Muhammed Yedwab,2.202,2,0.7,-1.5414
05-04-2017,East,Office Supplies,Binders,Muhammed Yedwab,9.396,3,0.7,-7.5168
11/14/2016,East,Technology,Phones,Ryan Crowe,89.97,3,0,25.1916
01-06-2014,South,Office Supplies,Art,Jack O'Briant,12.78,3,0,5.2398
12/27/2016,East,Technology,Accessories,Mitch Webber,40,2,0.2,0.5
4/30/2017,West,Office Supplies,Binders,Nick Zandusky,23.24,5,0.2,7.553
4/21/2017,East,Furniture,Chairs,Janet Martin,908.82,9,0,227.205
8/17/2017,Central,Office Supplies,Supplies,Emily Ducich,5.552,2,0.2,-1.041
8/17/2017,Central,Office Supplies,Art,Emily Ducich,8.016,3,0.2,1.002
8/17/2017,Central,Furniture,Chairs,Emily Ducich,74.592,4,0.3,-2.1312
8/17/2017,Central,Furniture,Furnishings,Emily Ducich,16.784,2,0.6,-22.2388
8/17/2017,Central,Office Supplies,Appliances,Emily Ducich,38.864,4,0.8,-99.1032
11-12-2016,West,Technology,Phones,Dianna Wilson,203.976,3,0.2,25.497
11-12-2016,West,Furniture,Tables,Dianna Wilson,674.352,3,0.2,-8.4294
10-01-2016,South,Office Supplies,Binders,Jamie Kunitz,5.388,4,0.7,-4.49
10-01-2016,South,Office Supplies,Art,Jamie Kunitz,30.976,8,0.2,5.0336
02-12-2016,South,Office Supplies,Storage,John Stevenson,1350.12,6,0,175.5156
02-12-2016,South,Office Supplies,Binders,John Stevenson,15.92,4,0,7.4824
11/13/2016,West,Furniture,Furnishings,Philisse Overcash,19.54,2,0,7.2298
4/26/2014,West,Office Supplies,Art,Marc Harrigan,21.4,5,0,6.206
4/26/2014,West,Office Supplies,Labels,Marc Harrigan,12.6,2,0,5.796
08-11-2015,East,Office Supplies,Art,Philisse Overcash,11.96,2,0,3.1096
08-11-2015,East,Technology,Phones,Philisse Overcash,138,2,0,34.5
11/27/2016,South,Technology,Phones,Herbert Flentye,116.76,1,0.2,14.595
11/27/2016,South,Furniture,Tables,Herbert Flentye,331.023,7,0.45,-114.3534
10/28/2016,East,Furniture,Furnishings,Victoria Brennan,756.8,5,0,75.68
12/29/2014,Central,Furniture,Furnishings,Michael Granlund,8.736,3,0.6,-4.8048
09-10-2015,East,Office Supplies,Art,Bobby Odegard,6.08,2,0,2.0672
10-02-2017,West,Furniture,Furnishings,Chad McGuire,17.46,2,0,5.9364
10-02-2017,West,Technology,Machines,Chad McGuire,369.16,11,0.2,32.3015
09-11-2016,West,Office Supplies,Art,Linda Cazamias,2.912,2,0.2,0.91
09-11-2016,West,Office Supplies,Paper,Linda Cazamias,20.736,4,0.2,7.2576
09-11-2016,West,Office Supplies,Paper,Linda Cazamias,9.568,2,0.2,2.99
06-02-2016,West,Office Supplies,Paper,Edward Hooks,30.18,3,0,13.8828
06-02-2016,West,Office Supplies,Binders,Edward Hooks,51.648,12,0.2,18.7224
06-02-2016,West,Office Supplies,Binders,Edward Hooks,11.232,3,0.2,3.9312
10/15/2017,West,Office Supplies,Labels,Marc Crier,14.73,3,0,7.2177
9/27/2015,Central,Office Supplies,Art,Helen Wasserman,16.4,5,0,4.756
9/27/2015,Central,Office Supplies,Paper,Helen Wasserman,25.92,4,0,12.4416
05-03-2015,West,Office Supplies,Art,Lena Cacioppo,8.82,3,0,2.5578
05-03-2015,West,Office Supplies,Binders,Lena Cacioppo,62.496,2,0.2,21.8736
05-03-2015,West,Technology,Accessories,Lena Cacioppo,339.96,4,0,122.3856
05-03-2015,West,Office Supplies,Binders,Lena Cacioppo,49.568,2,0.2,17.3488
01-09-2017,East,Office Supplies,Binders,Beth Paige,274.491,3,0.7,-228.7425
1/27/2017,East,Technology,Phones,Toby Gnade,137.94,3,0,35.8644
09-02-2017,Central,Technology,Accessories,Mick Crebagga,40.68,3,0.2,-7.119
7/14/2016,West,Technology,Phones,Raymond Buch,110.376,3,0.2,12.4173
7/14/2016,West,Office Supplies,Appliances,Raymond Buch,151.62,7,0,50.0346
7/14/2016,West,Furniture,Furnishings,Raymond Buch,30.8,4,0,10.164
2/24/2017,East,Office Supplies,Paper,Erin Smith,123.92,5,0.2,38.725
2/24/2017,East,Technology,Accessories,Erin Smith,1319.8,5,0.2,214.4675
7/20/2014,West,Office Supplies,Binders,Roger Demir,89.712,6,0.2,30.2778
7/20/2014,West,Office Supplies,Paper,Roger Demir,22.83,3,0,10.7301
3/13/2017,East,Office Supplies,Binders,Shahid Collister,30.88,2,0,15.44
3/13/2017,East,Office Supplies,Appliances,Shahid Collister,465.16,2,0,120.9416
3/13/2017,East,Office Supplies,Paper,Shahid Collister,27.12,4,0,12.4752
03-08-2016,East,Furniture,Furnishings,Giulietta Baptist,113.6,8,0,44.304
03-08-2016,East,Office Supplies,Paper,Giulietta Baptist,12.96,2,0,6.3504
03-08-2016,East,Office Supplies,Binders,Giulietta Baptist,69.456,2,0.2,22.5732
12-07-2014,West,Office Supplies,Art,Frank Preis,8.64,3,0,2.4192
07-10-2016,East,Technology,Machines,Erin Ashbrook,341.991,3,0.7,-319.1916
12/24/2016,West,Furniture,Furnishings,Sean Christensen,43.96,7,0,18.4632
12/24/2016,West,Office Supplies,Envelopes,Sean Christensen,39.76,7,0,18.6872
4/23/2017,West,Furniture,Furnishings,Jay Fein,66.36,7,0,26.544
4/23/2017,West,Office Supplies,Binders,Jay Fein,92.88,6,0.2,30.186
4/23/2017,West,Furniture,Furnishings,Jay Fein,24.14,2,0,7.9662
8/17/2017,East,Furniture,Chairs,Tom Prescott,4416.174,9,0.3,-630.882
5/22/2017,West,Office Supplies,Art,Rob Lucas,49.56,7,0,18.8328
02-09-2017,West,Office Supplies,Storage,Sarah Bern,354.9,5,0,17.745
03-03-2014,East,Office Supplies,Labels,Jill Stevenson,15.12,3,0.2,4.914
03-03-2014,East,Furniture,Bookcases,Jill Stevenson,302.45,5,0.5,-199.617
03-03-2014,East,Office Supplies,Storage,Jill Stevenson,44.672,8,0.2,-10.0512
06-04-2015,West,Technology,Accessories,Becky Pak,119.98,2,0,35.994
06-04-2015,West,Technology,Accessories,Becky Pak,989.97,3,0,395.988
8/27/2016,South,Office Supplies,Labels,Elizabeth Moffitt,9.216,4,0.2,3.3408
09-12-2016,Central,Office Supplies,Paper,Steve Chapman,68.52,3,0,31.5192
5/30/2016,Central,Office Supplies,Appliances,Eugene Moren,364.74,3,0,109.422
5/30/2016,Central,Furniture,Furnishings,Eugene Moren,47.4,5,0,21.33
5/30/2016,Central,Office Supplies,Storage,Eugene Moren,49.76,4,0,13.9328
5/30/2016,Central,Office Supplies,Art,Eugene Moren,5.56,2,0,1.4456
5/30/2016,Central,Office Supplies,Paper,Eugene Moren,629.1,6,0,301.968
5/30/2016,Central,Office Supplies,Art,Eugene Moren,14.7,5,0,3.969
5/30/2016,Central,Office Supplies,Paper,Eugene Moren,45.36,7,0,21.7728
5/30/2016,Central,Technology,Phones,Eugene Moren,125.99,1,0,35.2772
06-10-2017,West,Office Supplies,Art,George Zrebassa,14.7,7,0,4.116
10/22/2017,East,Technology,Phones,Marina Lichtenstein,32.7,5,0.4,-6.54
10/22/2017,East,Office Supplies,Envelopes,Marina Lichtenstein,31.68,4,0.2,11.088
6/13/2017,South,Office Supplies,Art,Paul Gonzalez,181.86,7,0,50.9208
11/23/2014,Central,Furniture,Chairs,Damala Kotsonis,155.372,2,0.3,-35.5136
8/16/2017,South,Office Supplies,Binders,Sarah Jordon,13.428,3,0.7,-11.19
8/16/2017,South,Office Supplies,Storage,Sarah Jordon,67.136,4,0.2,-0.8392
1/14/2016,South,Office Supplies,Paper,Anna Gayman,89.568,2,0.2,32.4684
1/14/2016,South,Furniture,Furnishings,Anna Gayman,315.776,8,0.2,31.5776
9/16/2016,West,Furniture,Bookcases,Keith Dawkins,273.666,2,0.15,-12.8784
9/16/2016,West,Office Supplies,Appliances,Keith Dawkins,17.48,4,0,4.5448
10-10-2016,South,Office Supplies,Supplies,Erica Bern,20.608,2,0.2,-4.3792
10-10-2016,South,Office Supplies,Binders,Erica Bern,4.095,3,0.7,-2.73
11/13/2015,West,Technology,Phones,Arthur Wiediger,339.96,5,0.2,42.495
11/13/2015,West,Furniture,Furnishings,Arthur Wiediger,63.98,7,0,21.7532
11-02-2014,South,Technology,Accessories,Julie Kriz,799.92,10,0.2,239.976
7/19/2016,West,Technology,Phones,Tracy Collins,35.984,2,0.2,4.498
7/19/2016,West,Technology,Accessories,Tracy Collins,389.97,3,0,132.5898
5/14/2016,West,Technology,Accessories,Tiffany House,185.528,7,0.2,48.7011
2/21/2015,East,Office Supplies,Binders,Pierre Wener,2541.98,2,0,1270.99
10/16/2017,West,Technology,Machines,Gary Hansen,599.985,5,0.7,-479.988
6/22/2017,Central,Office Supplies,Binders,Joe Kamberova,3.036,3,0.8,-5.0094
09-09-2017,East,Office Supplies,Art,Logan Currie,25.92,5,0.2,3.888
09-09-2017,East,Furniture,Furnishings,Logan Currie,66.112,2,0.2,-9.0904
10/14/2017,West,Technology,Accessories,Berenike Kampe,46.36,4,0,15.2988
6/20/2016,Central,Technology,Accessories,Bill Shonely,6.9,1,0,0.552
6/20/2016,Central,Furniture,Furnishings,Bill Shonely,57.69,3,0,23.6529
09-02-2014,Central,Technology,Machines,Andy Gerbode,559.71,3,0.4,-121.2705
1/30/2016,West,Office Supplies,Storage,Steven Cartwright,305.01,9,0,76.2525
1/30/2016,West,Office Supplies,Binders,Steven Cartwright,50.784,2,0.2,17.7744
1/30/2016,West,Office Supplies,Labels,Steven Cartwright,26.01,9,0,12.2247
12-04-2017,South,Technology,Machines,Lena Radford,649,2,0.5,-272.58
1/23/2016,West,Furniture,Furnishings,Christy Brittain,59.99,7,0,21.5964
5/26/2015,West,Furniture,Furnishings,Ruben Dartt,20.24,1,0,7.8936
05-04-2014,Central,Office Supplies,Art,Nat Carroll,37.84,2,0.2,2.838
05-04-2014,Central,Office Supplies,Fasteners,Nat Carroll,5.472,6,0.2,1.8468
02-10-2015,East,Office Supplies,Storage,Nona Balk,77.24,5,0.2,7.724
11/18/2014,Central,Furniture,Tables,Joe Kamberova,292.1,4,0.5,-175.26
11/18/2014,Central,Furniture,Furnishings,Joe Kamberova,8.544,2,0.6,-7.476
11/18/2014,Central,Furniture,Bookcases,Joe Kamberova,424.116,6,0.3,-30.294
11/18/2014,Central,Office Supplies,Binders,Joe Kamberova,2.892,3,0.8,-4.9164
11/18/2014,Central,Office Supplies,Storage,Joe Kamberova,381.72,5,0.2,-66.801
09-04-2017,South,Furniture,Chairs,Doug O'Connell,97.184,2,0.2,6.074
09-04-2017,South,Office Supplies,Paper,Doug O'Connell,10.368,2,0.2,3.6288
3/29/2014,Central,Furniture,Tables,Mike Gockenbach,890.841,3,0.3,-152.7156
11-05-2016,West,Technology,Accessories,Logan Haushalter,72,4,0,12.96
11-05-2016,West,Furniture,Chairs,Logan Haushalter,113.888,2,0.2,9.9652
11-05-2016,West,Office Supplies,Envelopes,Logan Haushalter,158.13,3,0,77.4837
06-10-2017,East,Office Supplies,Fasteners,Muhammed MacIntyre,14.13,3,0,0.7065
08-10-2015,Central,Office Supplies,Binders,Bill Donatelli,64.75,5,0,29.1375
10-09-2015,South,Office Supplies,Binders,Sonia Cooley,1.872,2,0.7,-1.3104
10-09-2015,South,Office Supplies,Binders,Sonia Cooley,11.214,2,0.7,-8.5974
10-09-2015,South,Office Supplies,Art,Sonia Cooley,37.376,8,0.2,7.4752
5/28/2016,Central,Technology,Phones,Tanja Norvell,286.4,1,0.2,25.06
05-11-2017,East,Office Supplies,Art,Zuschuss Carroll,43.92,3,0,12.7368
10/16/2016,East,Furniture,Tables,Nona Balk,142.182,1,0.4,-37.9152
11/17/2017,West,Office Supplies,Paper,Katharine Harms,19.608,3,0.2,6.6177
11/17/2017,West,Office Supplies,Binders,Katharine Harms,4.158,7,0.7,-3.465
11/26/2017,East,Technology,Phones,Michael Nguyen,979.95,5,0,264.5865
11/26/2017,East,Furniture,Furnishings,Michael Nguyen,135.3,5,0,37.884
09-03-2017,Central,Office Supplies,Paper,Muhammed Yedwab,8.904,3,0.2,3.339
09-03-2017,Central,Technology,Accessories,Muhammed Yedwab,100.8,2,0.2,21.42
12-05-2017,East,Furniture,Furnishings,Carlos Soltero,41.96,2,0,10.9096
12-05-2017,East,Office Supplies,Labels,Carlos Soltero,9.45,3,0,4.536
11-10-2017,West,Office Supplies,Appliances,Michael Chen,400.8,5,0,112.224
11-10-2017,West,Office Supplies,Binders,Michael Chen,28.792,1,0.2,10.0772
3/18/2014,West,Furniture,Furnishings,Sample Company A,111,2,0,14.43
3/18/2014,West,Technology,Machines,Sample Company A,1279.968,4,0.2,415.9896
3/18/2014,West,Office Supplies,Storage,Sample Company A,1856.19,7,0,334.1142
11-12-2016,Central,Furniture,Furnishings,Stephanie Phelps,22.752,6,0.6,-8.532
10/26/2017,East,Technology,Phones,Shaun Chance,61.542,1,0.4,-13.3341
10/26/2017,East,Office Supplies,Binders,Shaun Chance,81.438,7,0.7,-65.1504
04-11-2015,South,Furniture,Furnishings,Patrick Ryan,67.36,2,0.2,10.104
04-11-2015,South,Furniture,Furnishings,Patrick Ryan,54.528,3,0.2,14.3136
12/25/2015,East,Technology,Accessories,Jim Karlsson,843.9,2,0,371.316
12/25/2015,East,Furniture,Bookcases,Jim Karlsson,449.568,2,0.2,56.196
9/21/2017,West,Office Supplies,Storage,Brendan Murry,15.51,1,0,3.8775
12/20/2014,East,Furniture,Chairs,Suzanne McNair,192.186,3,0.1,36.3018
7/18/2015,East,Office Supplies,Art,Karen Carlisle,5.76,2,0,1.6128
7/26/2014,South,Furniture,Chairs,Sheri Gordon,67.88,2,0,18.3276
7/26/2014,South,Office Supplies,Labels,Sheri Gordon,162.89,13,0,76.5583
7/26/2014,South,Furniture,Furnishings,Sheri Gordon,25.71,3,0,9.2556
12/26/2014,East,Office Supplies,Storage,Tracy Blumstein,191.88,6,0,19.188
12-11-2017,South,Furniture,Tables,Darrin Van Huff,721.875,6,0.45,-420
12-11-2017,South,Technology,Phones,Darrin Van Huff,73.568,4,0.2,-16.5528
12-11-2017,South,Office Supplies,Art,Darrin Van Huff,13.584,1,0.2,1.3584
12-11-2017,South,Furniture,Chairs,Darrin Van Huff,64.784,1,0.2,-12.147
03-03-2014,Central,Office Supplies,Appliances,Sam Craven,176.772,3,0.8,-459.6072
10/21/2017,Central,Office Supplies,Binders,Jennifer Braxton,38.82,6,0,19.41
10/21/2017,Central,Office Supplies,Binders,Jennifer Braxton,21.9,5,0,10.512
11-10-2017,West,Technology,Accessories,Gary Hwang,111.79,7,0,43.5981
3/16/2017,East,Technology,Phones,Matthew Grinstein,445.44,8,0.4,-81.664
9/22/2016,East,Office Supplies,Labels,Robert Dilbeck,16.52,5,0.2,5.369
02-06-2017,West,Office Supplies,Paper,Skye Norling,29.9,5,0,13.455
12/31/2015,Central,Office Supplies,Binders,Anna Häberlin,116.4,8,0,52.38
10-09-2016,West,Office Supplies,Art,Maria Zettner,1.408,1,0.2,0.1584
10-09-2016,West,Furniture,Furnishings,Maria Zettner,169.568,2,0.2,0
12/30/2014,East,Technology,Phones,Alex Russell,251.964,6,0.4,-50.3928
12/30/2014,East,Furniture,Tables,Alex Russell,523.764,3,0.4,-192.0468
04-12-2016,West,Office Supplies,Paper,Jason Fortune-,19.44,3,0,9.3312
04-12-2016,West,Furniture,Chairs,Jason Fortune-,194.352,3,0.2,-36.441
04-12-2016,West,Office Supplies,Binders,Jason Fortune-,36.624,3,0.2,13.734
11/28/2016,East,Technology,Phones,David Smith,340.182,3,0.4,-73.7061
11/28/2016,East,Office Supplies,Fasteners,David Smith,12.672,8,0.2,2.6928
11/28/2016,East,Office Supplies,Binders,David Smith,6.888,2,0.7,-5.0512
11/28/2016,East,Office Supplies,Storage,David Smith,32.544,2,0.2,-7.7292
11/28/2016,East,Furniture,Chairs,David Smith,347.802,7,0.3,-24.843
4/15/2017,South,Office Supplies,Binders,Bart Pistole,15.57,3,0.7,-11.937
03-09-2015,South,Office Supplies,Labels,Toby Gnade,4.608,2,0.2,1.6704
10/28/2014,Central,Technology,Phones,Bill Tyler,257.98,2,0,74.8142
01-07-2017,West,Office Supplies,Storage,Jamie Frazer,153.78,11,0,44.5962
01-07-2017,West,Office Supplies,Storage,Jamie Frazer,61.02,3,0,0.6102
01-07-2017,West,Office Supplies,Supplies,Jamie Frazer,110.11,7,0,31.9319
01-07-2017,West,Office Supplies,Fasteners,Jamie Frazer,7.89,1,0,3.5505
8/13/2017,West,Office Supplies,Binders,Michael Kennedy,36.024,3,0.2,11.7078
11-02-2017,Central,Office Supplies,Art,Greg Guthrie,54.336,4,0.2,5.4336
9/19/2014,West,Office Supplies,Storage,Mike Caudle,92.52,6,0,24.9804
5/31/2015,South,Office Supplies,Art,Muhammed Lee,10.272,3,0.2,1.1556
9/13/2016,Central,Office Supplies,Storage,Alejandro Grove,40.74,3,0,0.4074
9/13/2016,Central,Office Supplies,Labels,Alejandro Grove,14.4,5,0,7.056
9/13/2016,Central,Technology,Phones,Alejandro Grove,149.95,5,0,41.986
9/13/2016,Central,Office Supplies,Supplies,Alejandro Grove,16.9,2,0,5.07
9/13/2016,Central,Office Supplies,Paper,Alejandro Grove,17.61,3,0,8.4528
9/13/2016,Central,Office Supplies,Appliances,Alejandro Grove,378,2,0,136.08
9/13/2016,Central,Office Supplies,Paper,Alejandro Grove,17.64,3,0,8.6436
9/13/2016,Central,Office Supplies,Storage,Alejandro Grove,373.08,6,0,100.7316
9/13/2016,Central,Furniture,Furnishings,Alejandro Grove,1336.44,14,0,387.5676
9/13/2016,Central,Technology,Phones,Alejandro Grove,29.97,3,0,0.2997
11/29/2017,South,Furniture,Chairs,Ted Trevino,390.368,2,0.2,48.796
11/29/2017,South,Furniture,Furnishings,Ted Trevino,101.52,5,0.2,19.035
12-04-2017,East,Office Supplies,Paper,Larry Tron,74.352,3,0.2,23.235
05-02-2017,West,Office Supplies,Paper,Dorothy Dickinson,15.7,5,0,7.065
05-02-2017,West,Office Supplies,Art,Dorothy Dickinson,59.52,3,0,15.4752
05-02-2017,West,Office Supplies,Paper,Dorothy Dickinson,34.4,5,0,15.824
12/25/2016,East,Furniture,Tables,Darren Budd,313.176,2,0.4,-120.0508
12/25/2016,East,Furniture,Chairs,Darren Budd,866.646,3,0.1,173.3292
9/30/2014,East,Office Supplies,Appliances,Dario Medina,795.408,6,0.2,59.6556
07-12-2014,Central,Office Supplies,Paper,Max Engle,35.856,9,0.2,12.9978
07-12-2014,Central,Technology,Accessories,Max Engle,23.84,4,0.2,3.278
09-08-2016,West,Furniture,Furnishings,Toby Ritter,43.13,1,0,14.6642
09-08-2016,West,Office Supplies,Paper,Toby Ritter,30.87,7,0,14.2002
08-06-2017,East,Office Supplies,Supplies,Shahid Hopkins,70.12,4,0,21.036
5/14/2015,West,Furniture,Bookcases,Claudia Bergmann,509.9575,5,0.15,41.9965
5/14/2015,West,Furniture,Furnishings,Claudia Bergmann,122.91,3,0,34.4148
5/14/2015,West,Furniture,Chairs,Claudia Bergmann,97.568,2,0.2,-6.098
5/14/2015,West,Furniture,Chairs,Claudia Bergmann,722.352,3,0.2,81.2646
1/20/2017,Central,Office Supplies,Labels,Maris LaWare,11.52,5,0.2,4.176
5/30/2016,West,Furniture,Furnishings,Jason Gross,167.84,8,0,11.7488
04-08-2014,East,Furniture,Tables,John Stevenson,172.11,1,0.4,-94.6605
7/23/2014,East,Technology,Accessories,Alejandro Grove,99.98,2,0,7.9984
5/30/2017,West,Technology,Phones,Michael Granlund,156.792,1,0.2,17.6391
5/30/2017,West,Technology,Accessories,Michael Granlund,35.36,2,0.2,-3.094
5/30/2017,West,Furniture,Furnishings,Michael Granlund,13.592,1,0.2,-0.3398
3/13/2016,East,Furniture,Chairs,Stewart Carmichael,386.68,2,0.3,-5.524
3/13/2016,East,Technology,Accessories,Stewart Carmichael,379.96,5,0.2,47.495
3/13/2016,East,Technology,Phones,Stewart Carmichael,539.91,3,0.4,-116.9805
3/13/2016,East,Office Supplies,Paper,Stewart Carmichael,41.24,5,0.2,13.9185
3/13/2016,East,Office Supplies,Binders,Stewart Carmichael,51.897,1,0.7,-41.5176
3/13/2016,East,Office Supplies,Storage,Stewart Carmichael,552.56,5,0.2,-138.14
3/13/2016,East,Office Supplies,Binders,Stewart Carmichael,23.16,5,0.7,-15.44
3/13/2016,East,Office Supplies,Storage,Stewart Carmichael,126.08,2,0.2,-28.368
3/13/2016,East,Technology,Machines,Stewart Carmichael,449.1,3,0.7,-643.71
04-10-2017,East,Office Supplies,Appliances,Bruce Stewart,195.104,4,0.2,21.9492
04-10-2017,East,Furniture,Furnishings,Bruce Stewart,36.672,3,0.2,6.4176
6/25/2016,Central,Furniture,Chairs,Logan Currie,85.246,2,0.3,-6.089
6/25/2016,Central,Furniture,Furnishings,Logan Currie,32.712,2,0.6,-26.1696
3/17/2014,South,Office Supplies,Binders,Mark Haberlin,11.43,3,0,5.3721
3/17/2014,South,Office Supplies,Binders,Mark Haberlin,30.44,2,0,14.9156
3/17/2014,South,Office Supplies,Paper,Mark Haberlin,12.96,2,0,6.3504
3/17/2014,South,Office Supplies,Paper,Mark Haberlin,16,4,0,7.68
3/17/2014,South,Office Supplies,Appliances,Mark Haberlin,32.67,3,0,8.4942
08-09-2014,West,Office Supplies,Fasteners,Roger Demir,4.464,3,0.2,-0.9486
08-09-2014,West,Office Supplies,Binders,Roger Demir,9.345,5,0.7,-6.5415
7/26/2015,West,Office Supplies,Binders,Bart Pistole,9.144,3,0.2,3.0861
7/26/2015,West,Office Supplies,Binders,Bart Pistole,23.136,6,0.2,8.3868
7/26/2015,West,Office Supplies,Art,Bart Pistole,99.2,5,0,25.792
2/15/2014,West,Office Supplies,Binders,Barry Französisch,21.36,5,0.2,7.209
3/24/2015,West,Furniture,Furnishings,Cathy Prescott,46.9,5,0,13.132
09-02-2017,West,Office Supplies,Binders,Janet Lee,18.72,5,0.2,6.552
09-02-2017,West,Furniture,Tables,Janet Lee,236.528,2,0.2,-2.9566
11/16/2015,West,Office Supplies,Labels,John Grady,18.9,3,0,8.694
12-09-2014,Central,Office Supplies,Paper,Victoria Pisteka,10.688,2,0.2,3.7408
12-09-2014,Central,Office Supplies,Storage,Victoria Pisteka,237.096,3,0.2,20.7459
02-03-2017,Central,Office Supplies,Paper,Ross DeVincentis,5.184,1,0.2,1.8144
02-03-2017,Central,Office Supplies,Paper,Ross DeVincentis,65.584,2,0.2,23.7742
02-03-2017,Central,Furniture,Furnishings,Ross DeVincentis,22.2,1,0.6,-26.085
02-03-2017,Central,Office Supplies,Paper,Ross DeVincentis,419.4,5,0.2,146.79
11-11-2017,South,Furniture,Furnishings,Michelle Huthwaite,88.92,5,0.2,14.4495
9/17/2017,Central,Office Supplies,Art,Sanjit Jacobs,9.912,3,0.2,3.2214
9/17/2017,Central,Furniture,Chairs,Sanjit Jacobs,318.43,5,0.3,-77.333
9/17/2017,Central,Office Supplies,Binders,Sanjit Jacobs,5.8,5,0.8,-10.15
9/17/2017,Central,Technology,Phones,Sanjit Jacobs,1415.76,6,0.2,88.485
6/25/2017,Central,Technology,Phones,Fred McMath,148.48,2,0.2,16.704
7/30/2016,Central,Office Supplies,Labels,Katherine Hughes,9.248,4,0.2,3.1212
7/30/2016,Central,Office Supplies,Storage,Katherine Hughes,1036.624,2,0.2,51.8312
4/16/2015,South,Technology,Phones,Lauren Leatherbury,569.64,2,0,148.1064
4/16/2015,South,Office Supplies,Binders,Lauren Leatherbury,9.14,1,0,4.57
4/16/2015,South,Furniture,Furnishings,Lauren Leatherbury,1196.86,7,0,119.686
4/16/2015,South,Furniture,Bookcases,Lauren Leatherbury,523.26,9,0,125.5824
04-11-2015,West,Technology,Copiers,Andy Reiter,639.968,4,0.2,215.9892
04-11-2015,West,Office Supplies,Paper,Andy Reiter,52.76,2,0,24.2696
2/27/2015,West,Technology,Accessories,Nora Paige,538.92,9,0,80.838
09-08-2016,West,Office Supplies,Art,Liz Preis,14.88,2,0,3.72
09-08-2016,West,Office Supplies,Paper,Liz Preis,34.24,8,0,15.408
09-08-2016,West,Office Supplies,Storage,Liz Preis,261.74,2,0,65.435
5/19/2016,West,Office Supplies,Appliances,Anna Häberlin,87.84,8,0,23.7168
11-11-2017,West,Furniture,Furnishings,Thomas Brumley,34.92,4,0,11.8728
9/15/2014,East,Office Supplies,Paper,Alex Avila,14.94,3,0,7.0218
9/15/2014,East,Furniture,Furnishings,Alex Avila,14.56,2,0,6.2608
9/15/2015,East,Office Supplies,Binders,Ann Chong,3.576,4,0.7,-2.8608
9/15/2015,East,Office Supplies,Storage,Ann Chong,147.184,2,0.2,-29.4368
07-01-2016,West,Technology,Copiers,Eugene Moren,1499.95,5,0,449.985
04-10-2016,Central,Office Supplies,Art,Quincy Jones,13.568,4,0.2,3.2224
01-06-2014,South,Furniture,Chairs,Maria Etezadi,2573.82,9,0,746.4078
01-06-2014,South,Office Supplies,Binders,Maria Etezadi,609.98,2,0,274.491
01-06-2014,South,Office Supplies,Art,Maria Etezadi,5.48,2,0,1.4796
01-06-2014,South,Technology,Phones,Maria Etezadi,391.98,2,0,113.6742
01-06-2014,South,Technology,Phones,Maria Etezadi,755.96,4,0,204.1092
01-06-2014,South,Office Supplies,Fasteners,Maria Etezadi,31.12,4,0,0.3112
01-06-2014,South,Office Supplies,Paper,Maria Etezadi,6.54,1,0,3.0084
09-01-2016,West,Office Supplies,Envelopes,Laurel Beltran,12.78,1,0,5.751
9/23/2014,East,Office Supplies,Binders,Julie Prescott,18.464,4,0.2,6.924
12/15/2014,East,Furniture,Chairs,Ed Braxton,445.802,7,0.3,-108.2662
12/28/2017,Central,Office Supplies,Art,Christopher Schild,2.48,1,0,0.868
12/28/2017,Central,Office Supplies,Binders,Christopher Schild,25.9,5,0,12.691
12/19/2015,East,Office Supplies,Paper,Peter McVee,29.9,5,0,14.651
12/19/2015,East,Technology,Accessories,Peter McVee,2249.91,9,0,517.4793
12/19/2015,East,Furniture,Tables,Peter McVee,1053.164,4,0.3,-105.3164
11-05-2017,West,Office Supplies,Paper,Anna Andreadi,12.96,2,0,6.2208
09-10-2015,West,Furniture,Furnishings,Frank Atkinson,106.68,6,0,33.0708
11/16/2017,East,Technology,Phones,Charlotte Melton,119.94,6,0,5.997
09-11-2017,Central,Office Supplies,Paper,Cindy Chapman,10.272,3,0.2,3.21
09-11-2017,Central,Furniture,Tables,Cindy Chapman,512.19,5,0.3,-65.853
09-11-2017,Central,Office Supplies,Appliances,Cindy Chapman,1.556,2,0.8,-4.2012
7/14/2017,West,Office Supplies,Binders,Toby Carlisle,4.448,2,0.2,1.4456
7/14/2017,West,Furniture,Furnishings,Toby Carlisle,276.69,3,0,49.8042
7/14/2017,West,Office Supplies,Fasteners,Toby Carlisle,4.96,4,0,2.3312
7/14/2017,West,Office Supplies,Art,Toby Carlisle,71.92,4,0,20.8568
7/14/2017,West,Furniture,Furnishings,Toby Carlisle,18.84,3,0,7.9128
7/14/2017,West,Technology,Accessories,Toby Carlisle,140.97,3,0,19.7358
7/14/2017,West,Technology,Phones,Toby Carlisle,470.376,3,0.2,52.9173
3/30/2017,West,Office Supplies,Art,Tom Boeckenhauer,6.08,2,0,2.0672
3/30/2017,West,Technology,Phones,Tom Boeckenhauer,164.792,1,0.2,18.5391
1/31/2016,East,Office Supplies,Envelopes,Jason Klamczynski,23.36,2,0,11.68
06-08-2017,Central,Office Supplies,Binders,Ben Wallace,12.176,4,0.8,-18.8728
11-02-2014,West,Technology,Phones,Shahid Hopkins,46.384,2,0.2,5.2182
11-02-2014,West,Office Supplies,Storage,Shahid Hopkins,362.92,2,0,105.2468
7/14/2017,East,Office Supplies,Paper,John Lee,9.248,2,0.2,3.3524
7/14/2017,East,Technology,Phones,John Lee,1889.946,9,0.4,-377.9892
7/14/2017,East,Office Supplies,Storage,John Lee,62.04,5,0.2,4.653
7/14/2017,East,Furniture,Furnishings,John Lee,396.92,5,0.2,148.845
7/14/2017,East,Office Supplies,Storage,John Lee,239.456,7,0.2,17.9592
7/14/2017,East,Office Supplies,Art,John Lee,13.12,5,0.2,2.132
12-09-2017,South,Office Supplies,Binders,John Lee,29.36,2,0,13.5056
12-09-2017,South,Office Supplies,Appliances,John Lee,214.9,5,0,62.321
12-09-2017,South,Office Supplies,Binders,John Lee,15.92,4,0,7.4824
12-09-2017,South,Technology,Accessories,John Lee,146.45,5,0,48.3285
12-09-2017,South,Office Supplies,Storage,John Lee,15.14,1,0,0.6056
12-09-2017,South,Office Supplies,Labels,John Lee,5.76,2,0,2.6496
12-09-2017,South,Technology,Copiers,John Lee,1399.98,2,0,629.991
09-05-2016,East,Office Supplies,Binders,Maribeth Dona,8.952,2,0.7,-7.46
09-05-2016,East,Office Supplies,Binders,Maribeth Dona,8.856,6,0.7,-6.4944
09-05-2016,East,Furniture,Chairs,Maribeth Dona,85.246,2,0.3,-1.2178
09-10-2014,West,Office Supplies,Envelopes,Clay Ludtke,21.728,7,0.2,7.6048
09-10-2014,West,Furniture,Chairs,Clay Ludtke,1487.04,5,0.2,148.704
9/26/2017,West,Office Supplies,Envelopes,Ruben Ausman,71.88,6,0,33.0648
9/26/2017,West,Furniture,Furnishings,Ruben Ausman,9.24,3,0,2.9568
9/26/2017,West,Office Supplies,Paper,Ruben Ausman,35.88,6,0,16.146
9/26/2017,West,Office Supplies,Binders,Ruben Ausman,17.04,3,0.2,5.538
9/26/2017,West,Office Supplies,Binders,Ruben Ausman,931.176,3,0.2,314.2719
6/17/2016,West,Furniture,Furnishings,Lena Creighton,266.352,3,0.2,-13.3176
6/17/2016,West,Furniture,Chairs,Lena Creighton,483.136,4,0.2,54.3528
2/25/2017,South,Furniture,Chairs,Scot Wooten,196.784,2,0.2,-22.1382
2/25/2017,South,Furniture,Bookcases,Scot Wooten,231.92,5,0.2,5.798
3/31/2017,West,Office Supplies,Supplies,Henry Goldwyn,29.7,3,0,8.019
12-03-2017,Central,Furniture,Furnishings,Mark Van Huff,13.592,2,0.6,-14.2716
2/19/2016,West,Office Supplies,Paper,Greg Tran,70.88,2,0,33.3136
12-02-2017,West,Office Supplies,Storage,Bill Stewart,114.288,1,0.2,12.8574
12-02-2017,West,Office Supplies,Binders,Bill Stewart,36.624,8,0.7,-24.416
12-02-2017,West,Furniture,Bookcases,Bill Stewart,242.352,8,0.7,-363.528
12-02-2017,West,Technology,Phones,Bill Stewart,49.616,2,0.2,4.9616
12-02-2017,West,Furniture,Furnishings,Bill Stewart,508.704,6,0.2,0
12-02-2017,West,Technology,Phones,Bill Stewart,57.36,6,0.2,-14.34
12-02-2017,West,Furniture,Chairs,Bill Stewart,906.68,5,0.2,68.001
10-10-2014,Central,Technology,Phones,Craig Molinari,719.952,6,0.2,71.9952
10-10-2014,Central,Technology,Phones,Craig Molinari,755.944,7,0.2,66.1451
10-10-2014,Central,Office Supplies,Binders,Craig Molinari,11.98,5,0.8,-19.168
10-10-2014,Central,Office Supplies,Binders,Craig Molinari,0.898,1,0.8,-1.5715
09-05-2016,Central,Furniture,Furnishings,Elizabeth Moffitt,21.204,3,0.6,-11.6622
11/20/2014,East,Office Supplies,Envelopes,Katharine Harms,34.74,3,0,17.37
11/20/2014,East,Technology,Phones,Katharine Harms,833.94,6,0,216.8244
11/20/2014,East,Office Supplies,Binders,Katharine Harms,12.96,3,0.2,4.536
11/20/2014,East,Office Supplies,Paper,Katharine Harms,25.92,4,0,12.4416
05-10-2014,East,Furniture,Bookcases,Art Foster,349.965,7,0.5,-216.9783
05-10-2014,East,Office Supplies,Art,Art Foster,22.32,5,0.2,5.301
11/27/2017,Central,Office Supplies,Paper,Justin Ritter,158.28,6,0,72.8088
11/27/2017,Central,Office Supplies,Binders,Justin Ritter,497.94,3,0,224.073
11-01-2014,East,Office Supplies,Appliances,Daniel Lacy,533.94,3,0,154.8426
11-01-2014,East,Office Supplies,Paper,Daniel Lacy,167.94,3,0,82.2906
11-01-2014,East,Furniture,Furnishings,Daniel Lacy,31.68,6,0,9.8208
12/30/2016,East,Furniture,Chairs,Brian Dahlen,170.786,1,0.3,0
09-03-2016,Central,Furniture,Bookcases,Rob Beeghly,198.744,4,0.3,0
10-05-2017,West,Technology,Accessories,Ross Baird,63.824,2,0.2,13.5626
1/30/2016,West,Furniture,Chairs,Tim Brockman,435.168,4,0.2,-59.8356
1/30/2016,West,Furniture,Bookcases,Tim Brockman,48.58,1,0,7.7728
4/21/2017,Central,Technology,Accessories,Katherine Nockton,47.976,3,0.2,8.3958
4/21/2017,Central,Office Supplies,Paper,Katherine Nockton,20.736,4,0.2,7.2576
12-05-2014,West,Office Supplies,Art,Rob Lucas,26.46,9,0,11.907
12-05-2014,West,Office Supplies,Paper,Rob Lucas,49.12,4,0,23.0864
12-05-2014,West,Office Supplies,Fasteners,Rob Lucas,15,3,0,7.2
10/21/2014,South,Office Supplies,Storage,Frank Hawley,194.7,5,0,9.735
10/21/2014,South,Furniture,Tables,Frank Hawley,591.32,4,0,112.3508
10/21/2014,South,Office Supplies,Art,Frank Hawley,2.84,1,0,0.8804
12-08-2015,West,Office Supplies,Storage,Yana Sorensen,221.96,2,0,4.4392
12-08-2015,West,Technology,Accessories,Yana Sorensen,236,4,0,40.12
11-02-2014,West,Technology,Accessories,Steven Ward,41.94,2,0,15.0984
11-02-2014,West,Technology,Phones,Steven Ward,52.792,1,0.2,4.6193
12/18/2016,Central,Furniture,Chairs,Parhena Norris,563.94,3,0,112.788
11/23/2015,East,Office Supplies,Appliances,Annie Thurman,2625.12,8,0,735.0336
11/23/2015,East,Office Supplies,Art,Annie Thurman,17.94,3,0,4.485
8/13/2015,East,Office Supplies,Storage,Ed Jacobs,422.856,3,0.2,15.8571
4/16/2015,East,Furniture,Chairs,Denise Monton,127.764,2,0.1,2.8392
3/21/2014,South,Technology,Phones,Kristen Hastings,3499.93,7,0,909.9818
3/21/2014,South,Office Supplies,Labels,Kristen Hastings,14.4,5,0,6.624
3/21/2014,South,Office Supplies,Paper,Kristen Hastings,122.97,3,0,60.2553
3/21/2014,South,Office Supplies,Art,Kristen Hastings,9.32,4,0,2.7028
3/21/2014,South,Office Supplies,Binders,Kristen Hastings,122.94,3,0,59.0112
11/16/2017,West,Furniture,Furnishings,Mick Brown,17.31,3,0,5.193
9/25/2015,Central,Office Supplies,Art,Dana Kaydos,128.744,7,0.2,12.8744
09-05-2016,East,Furniture,Furnishings,Dean Braden,58.248,9,0.2,11.6496
09-05-2016,East,Furniture,Chairs,Dean Braden,71.246,2,0.3,-19.3382
09-05-2016,East,Office Supplies,Art,Dean Braden,7.872,3,0.2,0.5904
09-05-2016,East,Furniture,Chairs,Dean Braden,887.271,3,0.3,-63.3765
4/20/2017,Central,Office Supplies,Binders,Christina VanderZanden,146.86,7,0,70.4928
4/20/2017,Central,Office Supplies,Binders,Christina VanderZanden,36.56,4,0,18.28
6/15/2015,West,Technology,Phones,Grace Kelly,225.576,3,0.2,22.5576
9/17/2014,West,Office Supplies,Art,Joseph Airdo,5.248,2,0.2,0.4592
9/17/2014,West,Office Supplies,Art,Joseph Airdo,38.256,3,0.2,4.782
9/17/2014,West,Office Supplies,Paper,Joseph Airdo,40.24,5,0.2,13.078
9/17/2014,West,Technology,Machines,Joseph Airdo,29.925,5,0.7,-21.945
9/17/2014,West,Office Supplies,Paper,Joseph Airdo,148.704,6,0.2,46.47
9/17/2014,West,Technology,Accessories,Joseph Airdo,55.92,10,0.2,16.776
07-08-2016,East,Office Supplies,Paper,Thea Hudgings,12.96,2,0,6.2208
5/27/2016,Central,Furniture,Furnishings,Brian Stugart,25.176,3,0.6,-33.3582
5/27/2016,Central,Furniture,Furnishings,Brian Stugart,5.584,2,0.6,-1.6752
5/27/2016,Central,Office Supplies,Storage,Brian Stugart,1297.368,9,0.2,97.3026
12/24/2017,Central,Office Supplies,Storage,Neola Schneider,264.32,2,0.2,19.824
05-03-2017,West,Office Supplies,Paper,Mike Kennedy,25.92,4,0,12.4416
05-03-2017,West,Office Supplies,Art,Mike Kennedy,22.96,7,0,6.6584
2/22/2014,West,Office Supplies,Paper,Sue Ann Reed,19.44,3,0,9.3312
02-08-2015,Central,Office Supplies,Paper,Brosina Hoffman,9.54,2,0,4.293
02-08-2015,Central,Office Supplies,Fasteners,Brosina Hoffman,5.81,1,0,1.8011
02-08-2015,Central,Office Supplies,Art,Brosina Hoffman,5.76,2,0,1.728
8/24/2015,East,Furniture,Furnishings,Shahid Collister,14.91,3,0,4.6221
11/30/2014,South,Office Supplies,Binders,Randy Ferguson,6.642,9,0.7,-4.428
12-10-2016,East,Office Supplies,Paper,Chris McAfee,18.54,2,0,8.7138
12-10-2016,East,Office Supplies,Binders,Chris McAfee,679.96,5,0.2,220.987
10/27/2017,West,Furniture,Tables,Jim Mitchum,189.576,1,0.2,9.4788
10/27/2017,West,Technology,Phones,Jim Mitchum,71.96,5,0.2,7.196
11/25/2014,West,Technology,Phones,Richard Bierner,539.92,5,0.2,47.243
11/25/2014,West,Furniture,Chairs,Richard Bierner,725.344,4,0.2,54.4008
11/25/2014,West,Office Supplies,Art,Richard Bierner,7.44,3,0,2.604
7/14/2014,East,Office Supplies,Appliances,Shirley Schmidt,39.48,1,0,11.0544
5/23/2015,Central,Office Supplies,Appliances,Nathan Mautz,850.5,5,0.1,245.7
5/23/2015,Central,Furniture,Furnishings,Nathan Mautz,75.33,9,0,19.5858
11/21/2015,West,Office Supplies,Appliances,Eudokia Martin,325.632,6,0.2,28.4928
11/21/2015,West,Technology,Accessories,Eudokia Martin,23.344,2,0.2,-1.459
11/21/2015,West,Office Supplies,Labels,Eudokia Martin,16.52,5,0.2,5.369
3/30/2014,Central,Office Supplies,Envelopes,Mark Packer,335.72,5,0.2,113.3055
3/30/2014,Central,Technology,Phones,Mark Packer,251.944,7,0.2,88.1804
3/30/2014,Central,Furniture,Chairs,Mark Packer,127.302,7,0.3,-9.093
12/29/2017,South,Furniture,Chairs,Katherine Hughes,1207.84,8,0,314.0384
12/29/2017,South,Office Supplies,Binders,Katherine Hughes,12.53,1,0,5.8891
12/29/2017,South,Office Supplies,Art,Katherine Hughes,34.58,1,0,10.0282
12/29/2017,South,Furniture,Chairs,Katherine Hughes,300.98,1,0,87.2842
12/29/2017,South,Furniture,Chairs,Katherine Hughes,258.75,3,0,77.625
03-02-2017,East,Office Supplies,Art,Dorothy Badders,59.52,3,0,15.4752
03-02-2017,East,Office Supplies,Envelopes,Dorothy Badders,57.96,7,0,27.2412
03-02-2017,East,Furniture,Bookcases,Dorothy Badders,441.96,2,0,101.6508
03-02-2017,East,Office Supplies,Paper,Dorothy Badders,68.04,6,0,33.3396
10-06-2016,West,Technology,Machines,Laurel Beltran,703.71,6,0.7,-938.28
10-06-2016,West,Office Supplies,Binders,Laurel Beltran,17.904,4,0.7,-14.92
10-06-2016,West,Office Supplies,Binders,Laurel Beltran,11.976,4,0.7,-9.1816
10-06-2016,West,Technology,Accessories,Laurel Beltran,67.96,5,0.2,0.8495
04-05-2015,West,Furniture,Chairs,Carol Adams,892.224,3,0.2,89.2224
09-09-2014,South,Technology,Machines,Daniel Lacy,1299.99,2,0.5,-571.9956
3/15/2016,West,Office Supplies,Binders,Fred Chung,4.544,2,0.2,1.6472
3/15/2016,West,Furniture,Chairs,Fred Chung,1352.032,4,0.2,84.502
12/27/2015,East,Furniture,Tables,David Bremer,1548.99,9,0.4,-464.697
12/27/2015,East,Office Supplies,Envelopes,David Bremer,19.872,3,0.2,6.7068
08-07-2017,Central,Technology,Accessories,Chloris Kastensmidt,119.448,3,0.2,-13.4379
08-07-2017,Central,Office Supplies,Storage,Chloris Kastensmidt,118.16,2,0.2,-25.109
3/22/2015,South,Office Supplies,Art,Fred Wasserman,19.56,4,0,5.4768
11/30/2015,West,Furniture,Furnishings,John Murray,80.96,4,0,29.1456
11/30/2015,West,Office Supplies,Paper,John Murray,25.92,4,0,12.4416
4/15/2014,West,Office Supplies,Appliances,Paul Stevenson,106.96,2,0,31.0184
4/15/2014,West,Furniture,Furnishings,Paul Stevenson,187.76,4,0,76.9816
7/30/2017,East,Office Supplies,Binders,Tony Chapman,76.776,4,0.7,-53.7432
06-01-2017,Central,Office Supplies,Binders,Cynthia Voltz,53.9,5,0,25.872
01-07-2014,Central,Furniture,Furnishings,Vivek Sundaresam,76.728,3,0.6,-53.7096
01-07-2014,Central,Office Supplies,Binders,Vivek Sundaresam,10.43,7,0.8,-18.2525
9/29/2017,West,Office Supplies,Art,Sonia Cooley,99.2,5,0,25.792
9/13/2017,South,Office Supplies,Art,Speros Goranitis,15.92,5,0.2,2.786
10/22/2014,South,Furniture,Furnishings,Nicole Brennan,129.92,4,0,10.3936
10-04-2016,East,Office Supplies,Binders,Daniel Raglin,30.4,1,0,13.984
10-04-2016,East,Technology,Copiers,Daniel Raglin,5399.91,9,0,2591.9568
10-04-2016,East,Office Supplies,Storage,Daniel Raglin,119.1,3,0,34.539
11/27/2015,East,Office Supplies,Paper,Matt Abelman,40.08,6,0,19.2384
11/27/2015,East,Office Supplies,Paper,Matt Abelman,59.94,3,0,28.1718
11/27/2015,East,Technology,Accessories,Matt Abelman,259.98,2,0,88.3932
11/27/2015,East,Furniture,Bookcases,Matt Abelman,170.98,1,0,32.4862
11/27/2015,East,Furniture,Furnishings,Matt Abelman,38.97,3,0,4.6764
11/27/2015,East,Office Supplies,Paper,Matt Abelman,154.9,5,0,69.705
11/27/2015,East,Furniture,Tables,Matt Abelman,446.068,4,0.3,0
05-06-2017,West,Office Supplies,Appliances,Trudy Schmidt,152.94,3,0,41.2938
10-08-2014,South,Technology,Accessories,Jack Garza,23.472,3,0.2,4.9878
12/31/2014,East,Office Supplies,Paper,Katherine Murray,195.64,4,0,91.9508
12/31/2014,East,Office Supplies,Paper,Katherine Murray,14.94,3,0,7.0218
12/31/2014,East,Technology,Accessories,Katherine Murray,1687.8,4,0,742.632
12/31/2014,East,Furniture,Bookcases,Katherine Murray,341.96,2,0,78.6508
12/31/2014,East,Furniture,Chairs,Katherine Murray,605.88,6,0,151.47
4/28/2015,Central,Office Supplies,Appliances,Shirley Daniels,186.732,1,0.1,41.496
4/28/2015,Central,Office Supplies,Binders,Shirley Daniels,3812.97,3,0,1906.485
2/14/2015,East,Office Supplies,Binders,Ted Trevino,26.424,9,0.2,9.5787
2/14/2015,East,Technology,Phones,Ted Trevino,625.99,1,0,187.797
11/25/2016,Central,Furniture,Tables,Brenda Bowman,1568.61,9,0,329.4081
11/25/2016,Central,Office Supplies,Binders,Brenda Bowman,17.3,1,0,8.304
11/25/2016,Central,Technology,Accessories,Brenda Bowman,160,8,0,62.4
7/15/2017,South,Office Supplies,Appliances,Ricardo Sperren,179.94,3,0,50.3832
7/15/2017,South,Furniture,Tables,Ricardo Sperren,872.94,3,0,157.1292
7/15/2017,South,Office Supplies,Paper,Ricardo Sperren,12.96,2,0,6.2208
12/29/2014,West,Office Supplies,Labels,Arianne Irving,88.8,6,0,44.4
12/29/2014,West,Technology,Phones,Arianne Irving,319.968,4,0.2,35.9964
3/22/2016,West,Furniture,Chairs,Marc Crier,167.888,7,0.2,14.6902
07-02-2017,Central,Office Supplies,Paper,Adrian Hane,163.96,5,0.2,59.4355
07-02-2017,Central,Office Supplies,Binders,Adrian Hane,5.232,4,0.8,-8.1096
12/14/2017,East,Technology,Copiers,Ben Ferrer,1199.98,2,0,467.9922
12/14/2017,East,Office Supplies,Storage,Ben Ferrer,73.85,1,0,2.2155
12/14/2017,East,Office Supplies,Supplies,Ben Ferrer,25.71,3,0,6.6846
12/14/2017,East,Office Supplies,Fasteners,Ben Ferrer,17.28,6,0,8.1216
12/14/2017,East,Furniture,Tables,Ben Ferrer,526.582,2,0.3,-52.6582
8/26/2016,Central,Office Supplies,Paper,Andrew Allen,11.56,2,0,5.6644
8/26/2016,Central,Technology,Phones,Andrew Allen,209.97,3,0,58.7916
8/26/2016,Central,Furniture,Tables,Andrew Allen,447.84,4,0,98.5248
8/26/2016,Central,Technology,Accessories,Andrew Allen,479.97,3,0,163.1898
8/26/2016,Central,Office Supplies,Art,Andrew Allen,8.64,3,0,2.5056
10/15/2017,West,Office Supplies,Art,Stuart Van,11.68,2,0,4.2048
10/25/2014,East,Technology,Accessories,Evan Henry,40.776,3,0.2,0.5097
10/25/2014,East,Office Supplies,Binders,Evan Henry,13.698,3,0.7,-9.5886
04-02-2015,West,Technology,Phones,John Lucas,87.8,5,0.2,32.925
10/28/2017,South,Furniture,Furnishings,Janet Martin,77.952,3,0.2,15.5904
10/28/2017,South,Office Supplies,Storage,Janet Martin,147.184,2,0.2,-29.4368
10/28/2017,South,Office Supplies,Paper,Janet Martin,47.952,3,0.2,16.1838
12-05-2014,West,Office Supplies,Appliances,Joni Blumstein,250.26,6,0,72.5754
11-03-2017,East,Technology,Accessories,Peter Bühler,40.776,3,0.2,0.5097
01-06-2015,West,Office Supplies,Paper,Stefania Perrino,29.6,5,0.2,9.25
01-06-2015,West,Office Supplies,Binders,Stefania Perrino,1.938,2,0.7,-1.3566
09-09-2017,West,Technology,Accessories,Matt Connell,159.96,4,0,51.1872
01-05-2015,East,Office Supplies,Art,Brooke Gillingham,59.52,3,0,15.4752
01-05-2015,East,Office Supplies,Envelopes,Brooke Gillingham,17.48,2,0,8.2156
01-05-2015,East,Office Supplies,Binders,Brooke Gillingham,13.168,2,0.2,4.6088
4/16/2017,West,Office Supplies,Appliances,Jesus Ocampo,40.74,3,0,12.222
09-10-2015,Central,Furniture,Chairs,Alex Russell,179.886,1,0.3,-2.5698
9/25/2016,East,Office Supplies,Appliances,Tony Sayre,286.256,1,0.2,17.891
9/25/2016,East,Office Supplies,Storage,Tony Sayre,24.224,2,0.2,-4.8448
9/25/2016,East,Office Supplies,Storage,Tony Sayre,331.536,3,0.2,-82.884
3/16/2015,East,Office Supplies,Art,Jim Kriz,17.52,3,0,6.3072
11/26/2016,Central,Office Supplies,Art,George Ashbrook,17.856,4,0.2,4.2408
9/26/2016,South,Technology,Accessories,Tanja Norvell,431.976,3,0.2,-75.5958
6/13/2017,West,Furniture,Chairs,Tamara Willingham,291.136,4,0.2,-25.4744
9/18/2017,Central,Office Supplies,Envelopes,Pete Armstrong,114.848,4,0.2,35.89
06-02-2017,Central,Office Supplies,Paper,John Dryer,10.688,2,0.2,3.7408
5/15/2016,East,Office Supplies,Paper,Michael Nguyen,15.232,4,0.2,5.5216
9/15/2017,West,Office Supplies,Art,Gene McClure,12.42,3,0,5.2164
8/22/2016,West,Office Supplies,Paper,Deirdre Greer,19.44,3,0,9.3312
5/30/2014,East,Office Supplies,Binders,James Galang,70.368,4,0.2,26.388
12/18/2017,South,Office Supplies,Art,Alex Grayson,12.672,9,0.2,1.4256
7/30/2017,East,Technology,Phones,Jay Fein,89.95,5,0,43.176
11/21/2014,West,Office Supplies,Paper,Steve Carroll,6.58,2,0,3.0268
11/21/2014,West,Technology,Accessories,Steve Carroll,94.99,1,0,28.497
9/24/2015,West,Technology,Phones,Carlos Meador,35.12,2,0.2,13.17
8/20/2017,West,Office Supplies,Paper,Kean Thornton,25.92,4,0,12.4416
6/17/2016,East,Office Supplies,Binders,Christine Phan,7.96,2,0,3.7412
6/17/2016,East,Technology,Phones,Christine Phan,566.97,3,0,153.0819
6/17/2016,East,Office Supplies,Art,Christine Phan,9.84,3,0,2.8536
12/19/2015,Central,Technology,Accessories,Eileen Kiefer,25.488,2,0.2,4.779
5/31/2015,East,Office Supplies,Fasteners,Carl Weiss,7.56,6,0,0.3024
6/18/2015,South,Furniture,Furnishings,Keith Herrera,60.84,3,0,19.4688
6/18/2015,South,Office Supplies,Storage,Keith Herrera,450.04,2,0,58.5052
6/18/2015,South,Office Supplies,Binders,Keith Herrera,34.6,2,0,16.608
6/18/2015,South,Technology,Phones,Keith Herrera,467.97,3,0,140.391
6/18/2015,South,Office Supplies,Binders,Keith Herrera,33.02,2,0,15.8496
11/30/2015,South,Furniture,Furnishings,Ann Blume,17.088,2,0.2,1.068
12/21/2015,East,Office Supplies,Art,Adam Hart,3.008,2,0.2,0.3384
11/17/2017,South,Office Supplies,Paper,Clytie Kelty,268.24,7,0.2,93.884
11/17/2017,South,Technology,Accessories,Clytie Kelty,431.16,5,0.2,107.79
11/13/2017,East,Technology,Phones,Stefania Perrino,43.6,4,0,12.208
11/13/2017,East,Furniture,Furnishings,Stefania Perrino,154.95,3,0,30.99
10/24/2016,Central,Office Supplies,Paper,Jennifer Patt,15.552,3,0.2,5.4432
12-06-2014,South,Office Supplies,Paper,Barry Gonzalez,42.208,2,0.2,13.7176
12-03-2017,Central,Office Supplies,Paper,Clay Cheatham,10.368,2,0.2,3.6288
9/26/2017,West,Office Supplies,Art,Sara Luxemburg,2.224,1,0.2,0.556
02-03-2015,South,Office Supplies,Envelopes,Frank Olsen,74.52,9,0,35.0244
08-12-2017,East,Office Supplies,Art,Brenda Bowman,17.52,3,0,5.256
08-12-2017,East,Furniture,Chairs,Brenda Bowman,1779.9,5,0,373.779
08-12-2017,East,Office Supplies,Art,Brenda Bowman,219.9,5,0,59.373
8/24/2015,West,Office Supplies,Art,Denny Ordway,7.152,3,0.2,0.7152
11-12-2017,South,Office Supplies,Paper,Larry Blacks,26.72,5,0.2,9.352
08-01-2016,West,Technology,Phones,Thomas Seio,1039.728,2,0.2,90.9762
08-01-2016,West,Office Supplies,Appliances,Thomas Seio,45.96,2,0,13.788
11/25/2016,East,Office Supplies,Binders,Cindy Stewart,456.588,2,0.7,-304.392
11/25/2016,East,Technology,Machines,Cindy Stewart,4499.985,5,0.7,-6599.978
11/25/2016,East,Technology,Accessories,Cindy Stewart,59.976,3,0.2,11.9952
4/13/2016,West,Office Supplies,Envelopes,Susan Pistek,6.12,3,0,2.8764
12/27/2014,West,Office Supplies,Appliances,Cynthia Delaney,10.98,1,0,2.9646
12/27/2014,West,Office Supplies,Fasteners,Cynthia Delaney,7.86,3,0,3.6156
12/27/2014,West,Office Supplies,Storage,Cynthia Delaney,51.45,3,0,13.8915
12/27/2014,West,Office Supplies,Binders,Cynthia Delaney,37.056,3,0.2,13.896
4/18/2016,South,Office Supplies,Appliances,Roy Französisch,203.92,4,0,55.0584
4/18/2016,South,Technology,Phones,Roy Französisch,29.56,4,0,7.9812
03-08-2015,Central,Office Supplies,Binders,Frank Olsen,8.568,3,0.8,-14.5656
11-04-2016,South,Office Supplies,Storage,Elpida Rittenbach,45.248,2,0.2,3.9592
11-04-2016,South,Furniture,Tables,Elpida Rittenbach,876.3,10,0.4,-292.1
11-04-2016,South,Office Supplies,Supplies,Elpida Rittenbach,185.376,2,0.2,-34.758
11/29/2014,East,Office Supplies,Labels,Philip Brown,25.06,2,0,11.7782
5/17/2016,Central,Office Supplies,Binders,Luke Weiss,2.89,1,0.8,-4.7685
5/17/2016,Central,Office Supplies,Fasteners,Luke Weiss,7.896,3,0.2,2.4675
5/17/2016,Central,Furniture,Furnishings,Luke Weiss,22.608,3,0.6,-10.1736
5/17/2016,Central,Office Supplies,Paper,Luke Weiss,30.528,8,0.2,9.54
9/19/2017,East,Office Supplies,Binders,Frank Gastineau,4.842,3,0.7,-3.3894
12/19/2016,Central,Office Supplies,Binders,Barry Pond,1.8,5,0.8,-2.88
10-12-2017,Central,Technology,Accessories,Sung Pak,39.984,2,0.2,-1.4994
12-12-2015,West,Office Supplies,Paper,Jonathan Doherty,32.4,5,0,15.876
12-12-2015,West,Office Supplies,Paper,Jonathan Doherty,97.88,2,0,48.94
07-12-2015,Central,Technology,Phones,Fred McMath,307.168,4,0.2,30.7168
10-02-2015,East,Office Supplies,Binders,Michael Paige,26.9,5,0,13.181
3/24/2017,East,Office Supplies,Envelopes,Harold Ryan,47.01,3,0,22.0947
3/24/2017,East,Technology,Phones,Harold Ryan,469.99,1,0,136.2971
3/24/2017,East,Furniture,Chairs,Harold Ryan,207.846,3,0.1,2.3094
06-01-2017,East,Office Supplies,Storage,Barry Weirich,324.744,3,0.2,-77.1267
3/24/2014,West,Furniture,Furnishings,Maurice Satty,40.48,2,0,14.5728
9/22/2015,South,Office Supplies,Labels,Sanjit Jacobs,12,4,0.2,4.2
9/22/2015,South,Office Supplies,Storage,Sanjit Jacobs,720.064,4,0.2,-63.0056
9/22/2015,South,Office Supplies,Storage,Sanjit Jacobs,25.424,1,0.2,-4.767
9/22/2015,South,Office Supplies,Art,Sanjit Jacobs,2.816,2,0.2,0.3168
9/22/2015,South,Office Supplies,Binders,Sanjit Jacobs,3.204,2,0.7,-2.5632
01-08-2016,South,Office Supplies,Binders,Vivek Sundaresam,30.828,7,0.7,-24.6624
01-08-2016,South,Office Supplies,Art,Vivek Sundaresam,47.616,3,0.2,5.952
01-08-2016,South,Technology,Phones,Vivek Sundaresam,108.784,2,0.2,10.8784
2/14/2016,East,Office Supplies,Paper,Dave Kipp,4.77,1,0,2.1465
2/14/2016,East,Office Supplies,Art,Dave Kipp,7.98,3,0,2.0748
2/14/2016,East,Furniture,Tables,Dave Kipp,550.431,3,0.3,-47.1798
2/14/2016,East,Furniture,Furnishings,Dave Kipp,10.56,6,0,4.6464
06-08-2017,West,Furniture,Bookcases,Maureen Gastineau,1497.666,2,0.15,140.9568
06-08-2017,West,Technology,Phones,Maureen Gastineau,17.52,2,0.2,-3.504
10/21/2016,West,Office Supplies,Art,Dennis Pardue,113.22,3,0,29.4372
10/21/2016,West,Office Supplies,Paper,Dennis Pardue,35.88,6,0,17.5812
10/21/2016,West,Office Supplies,Binders,Dennis Pardue,4535.976,3,0.2,1644.2913
1/26/2017,West,Office Supplies,Fasteners,Caroline Jumper,11.84,8,0,5.6832
12-08-2017,East,Office Supplies,Storage,Carl Weiss,592.74,6,0,160.0398
10/21/2016,South,Office Supplies,Storage,Giulietta Weimer,111.672,9,0.2,6.9795
8/26/2014,East,Office Supplies,Art,Paul Prost,8.64,3,0,2.5056
8/26/2014,East,Technology,Accessories,Paul Prost,149.97,3,0,52.4895
5/16/2014,West,Furniture,Chairs,Pauline Webber,232.88,5,0.2,17.466
02-03-2015,East,Furniture,Chairs,Pauline Webber,90.882,1,0.1,15.147
10/31/2017,Central,Technology,Phones,Craig Yedwab,508.768,4,0.2,38.1576
10/31/2017,Central,Office Supplies,Envelopes,Craig Yedwab,9.912,3,0.2,3.2214
4/26/2015,West,Furniture,Chairs,Bart Watters,63.936,3,0.2,6.3936
4/26/2015,West,Office Supplies,Art,Bart Watters,59.52,3,0,15.4752
4/26/2015,West,Technology,Phones,Bart Watters,311.976,3,0.2,38.997
4/26/2015,West,Office Supplies,Binders,Bart Watters,50.352,3,0.2,17.6232
05-09-2016,Central,Technology,Phones,Mick Brown,19.136,2,0.2,1.9136
1/24/2015,South,Office Supplies,Art,Cyra Reiten,13.12,5,0.2,2.132
4/13/2015,West,Furniture,Tables,Eugene Barchas,241.568,2,0.2,-15.098
4/13/2015,West,Technology,Phones,Eugene Barchas,479.92,2,0.2,41.993
9/25/2015,West,Furniture,Chairs,Sally Hughsby,307.136,4,0.2,-11.5176
9/25/2015,West,Office Supplies,Labels,Sally Hughsby,12.6,2,0,5.796
9/25/2015,West,Technology,Accessories,Sally Hughsby,159.98,2,0,57.5928
3/28/2014,Central,Office Supplies,Envelopes,Christina VanderZanden,6.12,3,0,2.8764
3/28/2014,Central,Furniture,Tables,Christina VanderZanden,1184.72,4,0,106.6248
7/17/2016,East,Office Supplies,Appliances,Annie Thurman,45.96,2,0,13.788
4/19/2014,South,Office Supplies,Binders,Allen Goldenen,58.05,3,0,26.703
4/19/2014,South,Office Supplies,Paper,Allen Goldenen,71.28,11,0,34.2144
7/21/2017,Central,Furniture,Tables,Gene McClure,124.404,4,0.3,-21.3264
9/27/2015,South,Office Supplies,Paper,Jamie Kunitz,154.9,5,0,69.705
9/27/2015,South,Technology,Phones,Jamie Kunitz,1871.88,12,0,561.564
2/27/2016,Central,Furniture,Furnishings,Don Weiss,16.192,2,0.6,-6.8816
05-02-2016,Central,Office Supplies,Storage,Adam Shillingsburg,18.936,3,0.2,-3.7872
05-02-2016,Central,Office Supplies,Storage,Adam Shillingsburg,12.672,3,0.2,-3.168
05-02-2016,Central,Office Supplies,Labels,Adam Shillingsburg,5.04,2,0.2,1.764
12-09-2014,Central,Office Supplies,Paper,Thomas Seio,8.448,2,0.2,2.9568
12-09-2014,Central,Office Supplies,Appliances,Thomas Seio,20.388,2,0.8,-53.0088
12/25/2015,West,Office Supplies,Paper,Sean Miller,9.96,2,0,4.8804
12-07-2017,South,Office Supplies,Appliances,Brosina Hoffman,320.64,4,0,89.7792
12-07-2017,South,Technology,Accessories,Brosina Hoffman,52,4,0,23.4
5/30/2014,East,Office Supplies,Binders,Laurel Workman,25.584,2,0.2,8.9544
5/30/2014,East,Technology,Phones,Laurel Workman,464,5,0,134.56
5/30/2014,East,Office Supplies,Appliances,Laurel Workman,235.95,3,0,77.8635
5/30/2014,East,Office Supplies,Paper,Laurel Workman,39.96,4,0,17.982
03-02-2017,East,Office Supplies,Binders,Joseph Airdo,18.528,4,0.7,-12.352
10-12-2015,West,Technology,Accessories,Kelly Andreada,17.9,2,0,3.401
10-12-2015,West,Office Supplies,Storage,Kelly Andreada,81.96,2,0,0
7/14/2015,West,Office Supplies,Storage,Toby Gnade,272.736,3,0.2,-64.7748
7/14/2015,West,Office Supplies,Paper,Toby Gnade,18.496,4,0.2,6.7048
7/14/2015,West,Furniture,Chairs,Toby Gnade,441.92,2,0.2,49.716
7/14/2015,West,Furniture,Bookcases,Toby Gnade,127.764,6,0.7,-191.646
11/19/2014,West,Office Supplies,Paper,Dennis Bolton,166.44,3,0,79.8912
5/27/2016,West,Office Supplies,Paper,Lynn Smith,13.38,2,0,6.1548
07-03-2017,South,Technology,Accessories,Michael Oakman,24,2,0.2,-2.7
9/25/2017,East,Office Supplies,Envelopes,Carol Adams,24.448,4,0.2,8.8624
10-03-2016,West,Office Supplies,Labels,Daniel Byrd,6.16,2,0,2.9568
10-03-2016,West,Furniture,Chairs,Daniel Byrd,915.136,4,0.2,102.9528
10-03-2016,West,Office Supplies,Paper,Daniel Byrd,8.56,2,0,3.852
10-03-2016,West,Office Supplies,Paper,Daniel Byrd,97.82,2,0,45.9754
09-09-2017,West,Office Supplies,Paper,Damala Kotsonis,31.104,6,0.2,11.2752
09-09-2017,West,Office Supplies,Appliances,Damala Kotsonis,11.176,1,0.2,0.8382
03-12-2015,South,Office Supplies,Labels,Evan Bailliet,5.04,2,0.2,1.764
11/29/2016,Central,Furniture,Furnishings,Daniel Raglin,242.176,4,0.6,-302.72
6/14/2016,East,Furniture,Tables,Jim Sink,337.176,2,0.4,-118.0116
12-03-2017,West,Office Supplies,Art,Lena Cacioppo,13.344,6,0.2,1.0008
12-03-2017,West,Technology,Accessories,Lena Cacioppo,76.752,6,0.2,10.5534
12-03-2017,West,Technology,Accessories,Lena Cacioppo,102.336,8,0.2,14.0712
12-03-2017,West,Office Supplies,Paper,Lena Cacioppo,10.32,2,0.2,3.741
12-03-2017,West,Office Supplies,Supplies,Lena Cacioppo,47.32,7,0.2,5.915
12-03-2017,West,Furniture,Furnishings,Lena Cacioppo,23.376,3,0.2,7.0128
12-03-2017,West,Furniture,Furnishings,Lena Cacioppo,16.72,5,0.2,3.344
12-03-2017,West,Furniture,Furnishings,Lena Cacioppo,16.192,1,0.2,4.6552
8/16/2016,West,Office Supplies,Paper,Jeremy Pistek,32.4,5,0,15.552
12/25/2016,South,Office Supplies,Art,Trudy Schmidt,19.89,9,0,5.3703
12/25/2016,South,Technology,Accessories,Trudy Schmidt,399.98,2,0,171.9914
12/25/2016,South,Furniture,Furnishings,Trudy Schmidt,343.85,5,0,137.54
12/25/2016,South,Office Supplies,Paper,Trudy Schmidt,106.32,3,0,49.9704
7/23/2017,East,Office Supplies,Binders,Nathan Mautz,13.92,3,0.2,4.35
6/21/2017,East,Office Supplies,Binders,Eugene Hildebrand,82.4,5,0,40.376
6/21/2017,East,Office Supplies,Binders,Eugene Hildebrand,6.24,2,0,3.0576
6/21/2017,East,Office Supplies,Paper,Eugene Hildebrand,447.84,8,0,219.4416
8/13/2017,South,Office Supplies,Appliances,Dan Campbell,272.048,7,0.2,30.6054
8/13/2017,South,Office Supplies,Binders,Dan Campbell,1614.582,6,0.7,-1237.8462
8/13/2017,South,Office Supplies,Fasteners,Dan Campbell,24.32,5,0.2,9.12
8/13/2017,South,Technology,Accessories,Dan Campbell,1.584,2,0.2,0.4752
8/13/2017,South,Furniture,Furnishings,Dan Campbell,31.984,1,0.2,0
8/13/2017,South,Office Supplies,Envelopes,Dan Campbell,14.76,5,0.2,4.797
8/13/2017,South,Furniture,Chairs,Dan Campbell,423.648,2,0.2,47.6604
11-07-2015,Central,Office Supplies,Paper,Doug O'Connell,76.64,2,0.2,26.824
10/15/2015,Central,Office Supplies,Envelopes,Lindsay Shagiari,4.464,1,0.2,1.674
10/15/2015,Central,Office Supplies,Binders,Lindsay Shagiari,3.96,10,0.8,-6.93
7/30/2016,West,Office Supplies,Appliances,Rob Williams,715.64,2,0,178.91
12-03-2016,West,Furniture,Tables,Roger Demir,268.704,3,0.2,6.7176
12-03-2016,West,Office Supplies,Art,Roger Demir,21.92,8,0,5.9184
12-03-2016,West,Office Supplies,Storage,Roger Demir,48.72,3,0,7.308
12-03-2016,West,Furniture,Bookcases,Roger Demir,205.666,2,0.15,-12.098
4/28/2016,Central,Furniture,Furnishings,Rob Beeghly,30.344,2,0.6,-31.8612
8/25/2017,East,Office Supplies,Storage,Joe Elijah,25.696,2,0.2,1.9272
6/17/2017,East,Technology,Machines,Steven Roelle,3404.5,5,0,1668.205
6/17/2017,East,Technology,Accessories,Steven Roelle,101.34,3,0,8.1072
11/20/2015,East,Furniture,Chairs,Phillina Ober,344.372,4,0.3,-93.4724
09-04-2017,Central,Office Supplies,Art,Julie Kriz,30.384,1,0.2,3.798
07-04-2015,West,Office Supplies,Binders,Julie Prescott,22.848,2,0.2,7.4256
9/15/2017,East,Office Supplies,Storage,Dean percer,38.62,2,0,10.8136
9/15/2017,East,Technology,Accessories,Dean percer,59.98,2,0,10.7964
3/13/2017,East,Office Supplies,Binders,Joy Bell-,174.3,3,0,81.921
9/24/2017,South,Technology,Phones,Paul Prost,383.96,5,0.2,38.396
9/24/2017,South,Office Supplies,Binders,Paul Prost,15.57,3,0.7,-11.418
8/13/2016,South,Office Supplies,Binders,Roy Französisch,22.32,4,0,10.7136
8/13/2016,South,Office Supplies,Labels,Roy Französisch,103.6,7,0,51.8
11/20/2017,East,Technology,Accessories,Katharine Harms,2.97,3,0,1.3365
11/20/2017,East,Technology,Phones,Katharine Harms,569.99,1,0,170.997
11/20/2017,East,Furniture,Furnishings,Katharine Harms,50.97,3,0,9.1746
7/25/2017,Central,Furniture,Tables,Evan Minnotte,298.116,6,0.3,-4.2588
3/25/2016,East,Office Supplies,Art,Damala Kotsonis,59.52,3,0,17.856
7/15/2016,West,Furniture,Chairs,Mark Cousins,230.28,3,0.2,23.028
7/15/2016,West,Office Supplies,Paper,Mark Cousins,105.52,5,0.2,34.294
8/17/2017,West,Office Supplies,Envelopes,Rick Wilson,23.36,2,0,11.68
8/17/2017,West,Technology,Phones,Rick Wilson,71.976,3,0.2,8.997
8/17/2017,West,Office Supplies,Paper,Rick Wilson,8.56,2,0,3.852
8/17/2017,West,Office Supplies,Binders,Rick Wilson,13.92,3,0.2,4.872
8/17/2017,West,Office Supplies,Appliances,Rick Wilson,2518.29,9,0,654.7554
8/17/2017,West,Office Supplies,Storage,Rick Wilson,540.57,3,0,140.5482
8/17/2017,West,Office Supplies,Binders,Rick Wilson,221.056,8,0.2,77.3696
12/14/2016,West,Furniture,Chairs,David Smith,81.424,2,0.2,-9.1602
12/14/2016,West,Office Supplies,Storage,David Smith,134.8,10,0,35.048
12/25/2017,Central,Office Supplies,Binders,Guy Armstrong,39.582,9,0.8,-59.373
12/25/2017,Central,Office Supplies,Supplies,Guy Armstrong,44.688,7,0.2,5.0274
12/25/2017,Central,Office Supplies,Art,Guy Armstrong,31.744,2,0.2,2.3808
12/25/2017,Central,Office Supplies,Binders,Guy Armstrong,40.98,5,0.8,-65.568
12/25/2017,Central,Office Supplies,Binders,Guy Armstrong,3.168,3,0.8,-5.0688
03-01-2014,Central,Office Supplies,Fasteners,Shahid Collister,18.84,5,0.2,-3.5325
03-01-2014,Central,Furniture,Chairs,Shahid Collister,362.25,6,0.3,0
03-01-2014,Central,Furniture,Furnishings,Shahid Collister,63.552,6,0.6,-34.9536
03-01-2014,Central,Office Supplies,Storage,Shahid Collister,129.552,3,0.2,-22.6716
11/19/2015,East,Office Supplies,Binders,Katherine Ducich,5.984,2,0.2,2.244
11/19/2015,East,Technology,Phones,Katherine Ducich,861.76,4,0,249.9104
04-01-2014,East,Office Supplies,Storage,Katharine Harms,66.96,4,0,2.6784
04-01-2014,East,Office Supplies,Binders,Katharine Harms,6.24,2,0,3.0576
10-05-2017,West,Furniture,Chairs,Greg Guthrie,435.168,4,0.2,-59.8356
10-05-2017,West,Office Supplies,Fasteners,Greg Guthrie,14.9,5,0,6.854
10-05-2017,West,Office Supplies,Appliances,Greg Guthrie,15.8,4,0,4.108
10-05-2017,West,Furniture,Furnishings,Greg Guthrie,72.9,5,0,26.973
10-05-2017,West,Furniture,Tables,Greg Guthrie,206.352,3,0.2,5.1588
10-05-2017,West,Technology,Phones,Greg Guthrie,7.992,1,0.2,2.6973
11/18/2017,South,Office Supplies,Storage,Jim Sink,81.36,5,0.2,-19.323
11/18/2017,South,Office Supplies,Binders,Jim Sink,20.232,8,0.7,-16.1856
11/18/2017,South,Office Supplies,Appliances,Jim Sink,389.056,4,0.2,48.632
11/18/2017,South,Office Supplies,Paper,Jim Sink,20.736,4,0.2,7.2576
11/18/2017,South,Office Supplies,Paper,Jim Sink,41.472,8,0.2,14.5152
3/23/2015,West,Office Supplies,Paper,Bart Pistole,33.36,4,0,16.68
10-10-2016,West,Furniture,Bookcases,Corey Catlett,90.882,3,0.7,-190.8522
10-10-2016,West,Technology,Phones,Corey Catlett,15.992,1,0.2,-2.9985
10-10-2016,West,Furniture,Chairs,Corey Catlett,120.784,1,0.2,13.5882
8/16/2015,East,Technology,Phones,Sung Pak,519.792,4,0.4,-112.6216
8/16/2015,East,Technology,Accessories,Sung Pak,31.176,3,0.2,-5.4558
8/16/2015,East,Office Supplies,Paper,Sung Pak,10.368,2,0.2,3.6288
8/16/2015,East,Office Supplies,Binders,Sung Pak,2.724,2,0.7,-1.9068
8/16/2015,East,Furniture,Furnishings,Sung Pak,254.352,3,0.2,0
8/16/2015,East,Office Supplies,Binders,Sung Pak,3.762,3,0.7,-2.7588
8/16/2015,East,Office Supplies,Paper,Sung Pak,10.272,3,0.2,3.21
5/31/2014,South,Technology,Phones,Jim Karlsson,659.97,3,0,197.991
5/31/2014,South,Technology,Phones,Jim Karlsson,113.73,3,0,32.9817
8/27/2015,West,Office Supplies,Binders,Chad Cunningham,5.104,1,0.2,1.6588
01-03-2014,Central,Office Supplies,Paper,Darren Powers,16.448,2,0.2,5.5512
09-10-2014,East,Office Supplies,Appliances,Sandra Flanagan,81.92,4,0,22.1184
09-10-2014,East,Furniture,Furnishings,Sandra Flanagan,254.9,5,0,76.47
1/22/2017,Central,Office Supplies,Fasteners,Edward Hooks,15.12,5,0.2,4.914
1/22/2017,Central,Office Supplies,Art,Edward Hooks,7.872,3,0.2,0.8856
4/21/2016,West,Office Supplies,Binders,Duane Noonan,8.32,5,0.2,2.808
7/20/2016,East,Technology,Phones,Pauline Johnson,89.95,5,0,43.176
8/23/2016,Central,Office Supplies,Labels,Matt Abelman,25.2,4,0,11.592
8/23/2016,Central,Office Supplies,Labels,Matt Abelman,37.59,3,0,17.6673
8/23/2016,Central,Office Supplies,Storage,Matt Abelman,14.97,1,0,4.1916
8/23/2016,Central,Technology,Accessories,Matt Abelman,1.98,2,0,0.891
6/14/2016,South,Office Supplies,Binders,Vivian Mathis,39.936,4,0.7,-26.624
6/14/2016,South,Technology,Accessories,Vivian Mathis,18.464,2,0.2,2.308
11/20/2015,West,Office Supplies,Binders,Michelle Moray,4.896,3,0.7,-3.4272
11/20/2015,West,Furniture,Bookcases,Michelle Moray,145.764,6,0.7,-247.7988
11/20/2015,West,Office Supplies,Binders,Michelle Moray,9.612,6,0.7,-7.3692
11-03-2017,West,Technology,Accessories,Clay Rozendal,199.75,5,0,87.89
11-03-2017,West,Furniture,Tables,Clay Rozendal,1673.184,12,0.2,20.9148
05-04-2014,West,Furniture,Furnishings,Bill Shonely,12.18,7,0,3.8976
05-04-2014,West,Office Supplies,Appliances,Bill Shonely,57.68,4,0,19.0344
11-08-2015,Central,Technology,Phones,Rob Dowd,263.96,4,0,76.5484
12-12-2015,West,Technology,Accessories,Karen Daniels,299.94,6,0,128.9742
12-12-2015,West,Office Supplies,Supplies,Karen Daniels,25.76,7,0,0.5152
12-01-2014,East,Technology,Phones,Anna Andreadi,271.9,2,0,78.851
12-01-2014,East,Furniture,Furnishings,Anna Andreadi,45.84,3,0,15.5856
12-01-2014,East,Furniture,Furnishings,Anna Andreadi,9.82,2,0,3.2406
10-07-2016,West,Office Supplies,Fasteners,Mick Crebagga,93.36,12,0,0.9336
11/17/2015,Central,Office Supplies,Storage,Anna Andreadi,541.24,4,0,5.4124
11/17/2015,Central,Office Supplies,Paper,Anna Andreadi,106.32,3,0,49.9704
11/17/2015,Central,Furniture,Chairs,Anna Andreadi,1323.9,5,0,383.931
3/17/2014,East,Office Supplies,Paper,Quincy Jones,126.624,6,0.2,41.1528
6/20/2015,West,Technology,Phones,Justin MacKendrick,125.944,7,0.2,15.743
5/25/2017,East,Office Supplies,Binders,Trudy Brown,663.92,5,0.2,207.475
5/25/2017,East,Technology,Accessories,Trudy Brown,120,8,0,13.2
5/25/2017,East,Office Supplies,Fasteners,Trudy Brown,3.29,1,0,1.4805
5/25/2017,East,Furniture,Furnishings,Trudy Brown,18.84,3,0,6.0288
09-09-2014,East,Furniture,Furnishings,Nicole Fjeld,60.672,6,0.2,12.8928
09-09-2014,East,Office Supplies,Art,Nicole Fjeld,30.816,9,0.2,2.6964
10/17/2017,West,Technology,Phones,Barry Französisch,52.792,1,0.2,4.6193
11-02-2017,Central,Office Supplies,Appliances,Nora Paige,83.9,10,0,20.975
11-02-2017,Central,Office Supplies,Paper,Nora Paige,11.76,2,0,5.7624
7/21/2014,Central,Office Supplies,Appliances,Harry Marie,4.992,3,0.8,-12.9792
7/21/2014,Central,Office Supplies,Envelopes,Harry Marie,87.92,5,0.2,29.673
7/21/2014,Central,Furniture,Chairs,Harry Marie,657.93,5,0.3,-93.99
7/21/2014,Central,Office Supplies,Binders,Harry Marie,1.044,1,0.8,-1.827
09-11-2015,East,Furniture,Furnishings,Don Miller,210.68,2,0,50.5632
09-11-2015,East,Office Supplies,Storage,Don Miller,78.8,1,0,1.576
09-11-2015,East,Technology,Accessories,Don Miller,19.99,1,0,6.7966
09-11-2015,East,Office Supplies,Storage,Don Miller,772.68,4,0,108.1752
10/21/2016,Central,Technology,Accessories,Jill Fjeld,106.08,6,0.2,-9.282
01-07-2016,Central,Furniture,Furnishings,Neoma Murray,23.076,3,0.6,-10.9611
01-07-2016,Central,Office Supplies,Paper,Neoma Murray,25.92,5,0.2,9.072
6/25/2015,Central,Office Supplies,Paper,Mark Van Huff,47.952,3,0.2,16.1838
6/25/2015,Central,Office Supplies,Binders,Mark Van Huff,0.984,2,0.8,-1.476
6/25/2015,Central,Furniture,Furnishings,Mark Van Huff,75.384,9,0.6,-20.7306
6/25/2015,Central,Office Supplies,Labels,Mark Van Huff,4.608,2,0.2,1.6704
9/20/2015,East,Office Supplies,Binders,Alejandro Grove,37.68,6,0,16.956
07-10-2017,South,Office Supplies,Appliances,Beth Fritzler,41.91,3,0,10.8966
6/30/2017,West,Furniture,Bookcases,John Castell,435.999,3,0.15,5.1294
8/21/2017,West,Furniture,Chairs,Candace McMahon,388.704,6,0.2,38.8704
8/21/2017,West,Office Supplies,Storage,Candace McMahon,572.58,6,0,34.3548
8/21/2017,West,Technology,Accessories,Candace McMahon,33.18,2,0,11.613
03-11-2017,East,Technology,Accessories,Paul Van Hugh,63.88,4,0,24.9132
03-11-2017,East,Furniture,Furnishings,Paul Van Hugh,26.72,1,0,11.7568
9/15/2017,West,Office Supplies,Binders,Doug O'Connell,295.056,9,0.2,106.9578
9/20/2016,East,Office Supplies,Appliances,Helen Abelman,393.25,5,0,129.7725
12/15/2016,East,Office Supplies,Binders,Shahid Hopkins,2.214,3,0.7,-1.476
11-03-2017,South,Office Supplies,Paper,Justin MacKendrick,16.272,3,0.2,5.2884
07-03-2016,East,Office Supplies,Appliances,Dean Katz,706.86,7,0,197.9208
9/26/2014,East,Office Supplies,Binders,Craig Molinari,5.97,5,0.7,-4.577
9/26/2014,East,Furniture,Furnishings,Craig Molinari,21.184,1,0.2,4.7664
9/26/2014,East,Office Supplies,Appliances,Craig Molinari,41.376,6,0.2,3.1032
7/14/2014,East,Office Supplies,Art,Barbara Fisher,17.94,3,0,4.485
9/28/2017,East,Office Supplies,Binders,Sylvia Foulston,2.655,1,0.7,-1.8585
8/28/2015,West,Office Supplies,Storage,Cassandra Brandow,892.35,5,0,267.705
8/28/2015,West,Furniture,Bookcases,Cassandra Brandow,307.666,2,0.15,28.9568
8/28/2015,West,Office Supplies,Storage,Cassandra Brandow,728.82,9,0,29.1528
8/28/2015,West,Office Supplies,Binders,Cassandra Brandow,41.36,5,0.2,13.959
8/28/2015,West,Technology,Phones,Cassandra Brandow,43.176,3,0.2,15.1116
8/28/2015,West,Furniture,Furnishings,Cassandra Brandow,4.16,2,0,1.7472
9/20/2015,East,Office Supplies,Paper,Tamara Chand,61.4,5,0,28.858
9/20/2015,East,Office Supplies,Binders,Tamara Chand,24.448,2,0.2,8.8624
11-07-2016,East,Technology,Phones,Luke Weiss,263.96,4,0,71.2692
11-07-2016,East,Technology,Phones,Luke Weiss,359.97,3,0,100.7916
11-07-2016,East,Office Supplies,Paper,Luke Weiss,12.96,2,0,6.2208
11-07-2016,East,Office Supplies,Storage,Luke Weiss,116.82,3,0,5.841
11-07-2016,East,Office Supplies,Binders,Luke Weiss,276.784,2,0.2,89.9548
10/20/2015,West,Technology,Accessories,Noel Staavos,239.97,3,0,86.3892
10/20/2015,West,Furniture,Furnishings,Noel Staavos,16.02,6,0,6.0876
01-01-2017,Central,Office Supplies,Storage,Janet Martin,454.56,5,0.2,-107.958
01-01-2017,Central,Furniture,Furnishings,Janet Martin,141.42,5,0.6,-187.3815
01-01-2017,Central,Furniture,Chairs,Janet Martin,310.744,4,0.3,-26.6352
01-01-2017,Central,Office Supplies,Art,Janet Martin,12.736,4,0.2,2.2288
01-01-2017,Central,Office Supplies,Binders,Janet Martin,6.47,5,0.8,-9.705
01-01-2017,Central,Office Supplies,Binders,Janet Martin,13.748,14,0.8,-22.6842
01-01-2017,Central,Office Supplies,Appliances,Janet Martin,15.224,2,0.8,-38.8212
6/23/2015,South,Furniture,Furnishings,Randy Ferguson,27.42,3,0,9.3228
6/23/2015,South,Office Supplies,Binders,Randy Ferguson,165.98,1,0,74.691
6/23/2015,South,Technology,Accessories,Randy Ferguson,75,3,0,18
11/22/2016,East,Office Supplies,Binders,Cathy Armstrong,134.272,8,0.2,46.9952
10/26/2015,West,Office Supplies,Labels,Kristen Hastings,146.544,6,0.2,47.6268
10/26/2015,West,Office Supplies,Paper,Kristen Hastings,131.904,3,0.2,47.8152
10/26/2015,West,Office Supplies,Appliances,Kristen Hastings,203.88,5,0.2,20.388
10/26/2015,West,Office Supplies,Binders,Kristen Hastings,14.301,7,0.7,-10.4874
10/26/2015,West,Office Supplies,Storage,Kristen Hastings,718.64,10,0.2,-161.694
10/20/2016,South,Furniture,Furnishings,Lindsay Castell,61.1,5,0,18.33
4/28/2017,South,Office Supplies,Appliances,Jack Lebron,28.08,3,0.2,5.265
9/29/2016,West,Office Supplies,Art,Dario Medina,10.496,4,0.2,1.1808
07-10-2015,West,Office Supplies,Binders,Mike Vittorini,39.92,2,0.2,12.974
08-07-2015,East,Office Supplies,Appliances,Noel Staavos,77.58,9,0,20.1708
12-07-2014,West,Office Supplies,Storage,Ann Steele,269.36,7,0,70.0336
12-10-2015,West,Office Supplies,Labels,Meg Tillman,5.76,2,0,2.8224
11-08-2017,East,Office Supplies,Art,Sharelle Roach,109.9,5,0,32.97
7/27/2017,West,Furniture,Furnishings,Dennis Kane,23.88,3,0,10.5072
7/27/2017,West,Office Supplies,Paper,Dennis Kane,26.2,4,0,12.052
7/27/2017,West,Office Supplies,Paper,Dennis Kane,12.96,2,0,6.2208
7/27/2017,West,Technology,Accessories,Dennis Kane,234.95,5,0,32.893
12/28/2017,West,Office Supplies,Storage,Susan Vittorini,118.25,5,0,34.2925
12/28/2017,West,Office Supplies,Paper,Susan Vittorini,4.28,1,0,1.926
03-10-2016,West,Technology,Accessories,Rick Huthwaite,26.85,3,0,5.1015
03-10-2016,West,Technology,Machines,Rick Huthwaite,3357.6,3,0.2,377.73
5/22/2015,West,Office Supplies,Labels,Sarah Brown,8.26,2,0,3.7996
5/22/2015,West,Technology,Machines,Sarah Brown,2973.32,7,0.2,334.4985
5/22/2015,West,Office Supplies,Storage,Sarah Brown,104.79,7,0,29.3412
5/22/2015,West,Technology,Phones,Sarah Brown,775.728,6,0.2,58.1796
2/17/2017,Central,Furniture,Bookcases,Cyra Reiten,89.0664,1,0.32,-17.0274
2/17/2017,Central,Office Supplies,Art,Cyra Reiten,175.44,6,0.2,52.632
2/17/2017,Central,Technology,Phones,Cyra Reiten,438.336,4,0.2,-87.6672
12-08-2017,East,Furniture,Chairs,Emily Grady,215.544,4,0.3,-58.5048
11/18/2017,Central,Office Supplies,Envelopes,Russell D'Ascenzo,55.584,6,0.2,20.844
11/18/2017,Central,Furniture,Chairs,Russell D'Ascenzo,127.386,2,0.3,-25.4772
12-01-2016,Central,Furniture,Chairs,John Murray,248.43,5,0.3,-17.745
12-01-2016,Central,Office Supplies,Appliances,John Murray,11.648,4,0.8,-30.8672
12-01-2016,Central,Furniture,Chairs,John Murray,85.246,2,0.3,-1.2178
10-03-2017,Central,Office Supplies,Art,Laurel Workman,20.64,5,0.2,2.322
8/29/2017,West,Furniture,Furnishings,Rick Wilson,148.02,3,0,41.4456
11/24/2017,Central,Office Supplies,Storage,Brooke Gillingham,33.29,1,0,7.9896
6/30/2017,West,Office Supplies,Paper,Thomas Thornton,204.95,5,0,100.4255
7/22/2017,Central,Furniture,Chairs,Eric Barreto,526.344,4,0.3,-75.192
11-11-2016,West,Furniture,Furnishings,Liz Pelletier,41.96,2,0,10.9096
11-11-2016,West,Furniture,Chairs,Liz Pelletier,451.152,3,0.2,0
11-11-2016,West,Office Supplies,Binders,Liz Pelletier,31.504,11,0.2,11.0264
12-09-2014,East,Office Supplies,Envelopes,Frank Preis,30.672,3,0.2,9.585
12-09-2014,East,Technology,Copiers,Frank Preis,1079.976,4,0.4,125.9972
09-07-2017,West,Furniture,Chairs,Joseph Airdo,161.568,2,0.2,-28.2744
02-06-2015,Central,Office Supplies,Binders,Trudy Schmidt,2.934,3,0.8,-4.9878
02-06-2015,Central,Technology,Accessories,Trudy Schmidt,18.528,2,0.2,4.4004
02-06-2015,Central,Office Supplies,Storage,Trudy Schmidt,670.752,3,0.2,-125.766
8/26/2017,Central,Furniture,Furnishings,Darren Powers,64.96,5,0.6,-43.848
7/20/2014,West,Technology,Accessories,Jonathan Doherty,41.94,2,0,15.0984
7/20/2014,West,Office Supplies,Paper,Jonathan Doherty,11.96,2,0,5.8604
7/20/2014,West,Office Supplies,Art,Jonathan Doherty,13.12,4,0,3.8048
7/20/2014,West,Office Supplies,Storage,Jonathan Doherty,535.41,3,0,160.623
10-08-2015,Central,Furniture,Furnishings,Gene Hale,72.78,3,0.6,-70.9605
2/16/2015,West,Office Supplies,Paper,Rob Dowd,36.84,3,0,17.3148
2/16/2015,West,Office Supplies,Labels,Rob Dowd,87.71,7,0,41.2237
08-12-2016,South,Furniture,Tables,Cindy Schnelling,562.2925,7,0.45,-255.5875
11-09-2014,East,Furniture,Furnishings,Benjamin Farhat,56.52,9,0,21.4776
7/18/2016,East,Office Supplies,Art,Neil Knudson,11.264,8,0.2,1.2672
7/18/2016,East,Office Supplies,Storage,Neil Knudson,284.08,10,0.2,24.857
7/18/2016,East,Office Supplies,Paper,Neil Knudson,18.496,4,0.2,6.7048
02-05-2016,West,Office Supplies,Labels,Annie Zypern,14.73,3,0,7.2177
02-05-2016,West,Office Supplies,Storage,Annie Zypern,186.54,3,0,50.3658
02-05-2016,West,Furniture,Tables,Annie Zypern,557.728,4,0.2,6.9716
02-05-2016,West,Technology,Phones,Annie Zypern,159.968,4,0.2,-31.9936
6/20/2014,Central,Office Supplies,Appliances,Corey-Lock,471.9,6,0,155.727
6/20/2014,Central,Office Supplies,Art,Corey-Lock,3.52,2,0,1.6896
06-09-2017,South,Office Supplies,Paper,Anna Gayman,49.12,4,0,23.0864
12/27/2016,West,Office Supplies,Labels,Eugene Moren,20.16,7,0,9.8784
1/26/2014,Central,Office Supplies,Binders,Carol Adams,10.68,2,0,5.0196
1/26/2014,Central,Furniture,Bookcases,Carol Adams,141.96,2,0,39.7488
3/23/2017,West,Office Supplies,Storage,Raymond Buch,32.48,2,0,4.872
3/23/2017,West,Office Supplies,Paper,Raymond Buch,20.04,3,0,9.6192
3/23/2017,West,Technology,Copiers,Raymond Buch,13999.96,4,0,6719.9808
3/20/2017,East,Technology,Accessories,Roger Demir,238,2,0,38.08
3/20/2017,East,Office Supplies,Paper,Roger Demir,61.96,2,0,27.882
10-04-2016,East,Furniture,Tables,Melanie Seite,239.372,2,0.3,-23.9372
11/18/2016,West,Technology,Accessories,Patrick Gardner,595,5,0,95.2
12/26/2017,Central,Office Supplies,Paper,Karen Bern,16.032,3,0.2,5.6112
03-09-2016,East,Technology,Accessories,Rick Bensley,199.75,5,0,87.89
2/16/2016,East,Furniture,Chairs,John Dryer,227.96,2,0,36.4736
9/28/2015,East,Office Supplies,Appliances,Jennifer Jackson,293.52,6,0,76.3152
9/28/2015,East,Technology,Phones,Jennifer Jackson,307.98,2,0,89.3142
11-02-2015,West,Furniture,Furnishings,Liz Thompson,96.96,6,0,33.936
11-02-2015,West,Office Supplies,Binders,Liz Thompson,117.488,7,0.2,41.1208
11-02-2015,West,Office Supplies,Binders,Liz Thompson,11.952,3,0.2,4.1832
11-02-2015,West,Furniture,Bookcases,Liz Thompson,512.499,3,0.15,-30.147
7/31/2016,West,Furniture,Tables,Anna Häberlin,863.128,7,0.2,-32.3673
11-06-2017,West,Furniture,Tables,Adam Bellavance,2036.86,7,0,366.6348
11-06-2017,West,Furniture,Chairs,Adam Bellavance,449.568,2,0.2,-73.0548
11-06-2017,West,Technology,Accessories,Adam Bellavance,108.96,3,0,32.688
2/14/2016,South,Office Supplies,Art,Fred McMath,264.18,7,0,68.6868
07-09-2014,West,Office Supplies,Labels,Gary Hansen,2.88,1,0,1.4112
07-09-2014,West,Office Supplies,Binders,Gary Hansen,41.904,6,0.2,14.1426
07-09-2014,West,Office Supplies,Storage,Gary Hansen,23.92,4,0,4.0664
1/30/2016,Central,Office Supplies,Paper,Harold Engle,156.512,4,0.2,52.8228
9/22/2016,East,Office Supplies,Storage,Sam Zeldin,128.34,6,0,37.2186
12/22/2017,West,Technology,Accessories,Chad McGuire,474.95,5,0,142.485
09-02-2016,West,Technology,Copiers,Toby Gnade,999.98,2,0,449.991
08-02-2015,West,Furniture,Tables,Darren Koutras,277.5,4,0.5,-188.7
11/21/2015,East,Furniture,Tables,Shahid Shariari,1252.704,8,0.4,-480.2032
11/21/2015,East,Technology,Phones,Shahid Shariari,110.97,5,0.4,-24.0435
5/18/2017,Central,Furniture,Furnishings,Brendan Murry,22.608,3,0.6,-10.1736
5/18/2017,Central,Furniture,Furnishings,Brendan Murry,1.892,1,0.6,-0.9933
7/23/2017,Central,Office Supplies,Paper,Maribeth Yedwab,63.312,3,0.2,20.5764
9/13/2015,Central,Office Supplies,Envelopes,Arthur Gainer,7.824,1,0.2,2.934
9/13/2015,Central,Furniture,Chairs,Arthur Gainer,170.072,4,0.3,-12.148
12-10-2016,East,Office Supplies,Paper,Bart Watters,62.82,9,0,29.5254
10-02-2015,East,Office Supplies,Paper,Sheri Gordon,19.44,3,0,9.3312
10-02-2015,East,Office Supplies,Binders,Sheri Gordon,7.38,1,0,3.6162
11/17/2017,East,Office Supplies,Paper,Christopher Conant,38.88,6,0,18.6624
11/17/2017,East,Furniture,Furnishings,Christopher Conant,187.76,4,0,76.9816
11/30/2015,South,Office Supplies,Binders,Lena Radford,6.048,7,0.7,-4.2336
11/30/2015,South,Office Supplies,Appliances,Lena Radford,98.352,3,0.2,9.8352
11/30/2015,South,Furniture,Furnishings,Lena Radford,335.744,2,0.2,25.1808
12-06-2015,West,Office Supplies,Paper,David Bremer,8.96,2,0,4.3904
09-05-2017,South,Technology,Accessories,Liz Preis,89.568,4,0.2,-1.1196
09-05-2017,South,Office Supplies,Art,Liz Preis,71.96,5,0.2,7.196
09-05-2017,South,Office Supplies,Paper,Liz Preis,15.552,3,0.2,5.4432
4/24/2017,Central,Office Supplies,Binders,Art Ferguson,10.43,5,0.8,-18.2525
4/24/2017,Central,Office Supplies,Storage,Art Ferguson,72.784,1,0.2,-18.196
11-08-2015,East,Office Supplies,Storage,Keith Dawkins,67.15,5,0,16.7875
11-08-2015,East,Technology,Phones,Keith Dawkins,549.98,2,0,142.9948
11-08-2015,East,Furniture,Furnishings,Keith Dawkins,11.82,3,0,4.728
11-08-2015,East,Technology,Machines,Keith Dawkins,4643.8,4,0,2229.024
11-08-2015,East,Furniture,Chairs,Keith Dawkins,577.764,2,0.1,115.5528
4/26/2015,South,Furniture,Tables,Sue Ann Reed,191.5155,1,0.45,-76.6062
4/26/2015,South,Office Supplies,Art,Sue Ann Reed,2.624,1,0.2,0.4264
9/20/2015,South,Office Supplies,Binders,Barry Gonzalez,1369.764,6,0.7,-913.176
9/20/2015,South,Office Supplies,Storage,Barry Gonzalez,294.368,4,0.2,-58.8736
09-07-2017,South,Office Supplies,Appliances,Dario Medina,81.568,2,0.2,7.1372
11-07-2016,Central,Furniture,Furnishings,Michael Chen,44.46,5,0.6,-17.784
11-07-2016,Central,Office Supplies,Storage,Michael Chen,314.088,3,0.2,19.6305
9/25/2015,South,Office Supplies,Binders,Marina Lichtenstein,6.336,4,0.7,-4.6464
9/25/2015,South,Office Supplies,Paper,Marina Lichtenstein,10.48,1,0.2,3.799
9/25/2015,South,Office Supplies,Binders,Marina Lichtenstein,2.469,1,0.7,-1.8106
9/25/2015,South,Office Supplies,Binders,Marina Lichtenstein,3.264,2,0.7,-2.2848
10-03-2014,Central,Office Supplies,Fasteners,Russell D'Ascenzo,4.344,3,0.2,0.8688
10-03-2014,Central,Furniture,Furnishings,Russell D'Ascenzo,31.776,3,0.6,-19.0656
10-03-2014,Central,Office Supplies,Labels,Russell D'Ascenzo,4.928,2,0.2,1.7248
10-03-2014,Central,Office Supplies,Binders,Russell D'Ascenzo,1.788,3,0.8,-3.0396
10-03-2014,Central,Office Supplies,Fasteners,Russell D'Ascenzo,15.072,4,0.2,-3.768
2/18/2014,Central,Office Supplies,Storage,Aaron Bergman,12.624,2,0.2,-2.5248
06-12-2016,West,Office Supplies,Paper,Erin Ashbrook,185.88,6,0,83.646
06-12-2016,West,Office Supplies,Paper,Erin Ashbrook,12.96,2,0,6.2208
11-01-2017,East,Office Supplies,Paper,Sandra Flanagan,189.7,10,0,91.056
11-01-2017,East,Office Supplies,Paper,Sandra Flanagan,40.99,1,0,20.0851
04-04-2016,East,Furniture,Furnishings,Becky Castell,82.64,2,0,7.4376
04-04-2016,East,Office Supplies,Storage,Becky Castell,31.02,2,0,8.0652
04-04-2016,East,Technology,Accessories,Becky Castell,89.97,3,0,37.7874
6/30/2016,South,Office Supplies,Art,Philip Fox,35.97,3,0,9.7119
6/30/2016,South,Furniture,Bookcases,Philip Fox,1266.86,7,0,291.3778
9/22/2014,West,Office Supplies,Storage,Sanjit Engle,169.45,5,0,42.3625
9/22/2014,West,Office Supplies,Storage,Sanjit Engle,40.68,2,0,0.4068
05-01-2017,South,Office Supplies,Supplies,Caroline Jumper,3.328,2,0.2,0.416
05-01-2017,South,Furniture,Tables,Caroline Jumper,933.262,4,0.45,-458.1468
05-01-2017,South,Furniture,Chairs,Caroline Jumper,2803.92,5,0.2,0
10/20/2017,South,Office Supplies,Storage,Pete Takahito,4.768,2,0.2,-0.7748
10/20/2017,South,Office Supplies,Paper,Pete Takahito,6.672,1,0.2,2.502
10/20/2017,South,Office Supplies,Art,Pete Takahito,4.448,2,0.2,1.112
10/20/2017,South,Furniture,Furnishings,Pete Takahito,43.936,4,0.2,6.0412
09-01-2014,East,Office Supplies,Binders,Lena Hernandez,23.744,2,0.2,8.3104
09-01-2014,East,Technology,Accessories,Lena Hernandez,357,3,0,57.12
08-12-2014,West,Technology,Phones,Ben Wallace,806.336,8,0.2,50.396
08-12-2014,West,Furniture,Furnishings,Ben Wallace,85.44,3,0,31.6128
8/19/2014,South,Office Supplies,Storage,Bill Shonely,344.91,3,0,10.3473
05-10-2015,Central,Office Supplies,Appliances,Dennis Pardue,70.97,5,0.8,-191.619
05-10-2015,Central,Office Supplies,Art,Dennis Pardue,36.784,2,0.2,3.6784
05-10-2016,East,Technology,Phones,Christopher Schild,743.988,2,0.4,-123.998
03-05-2015,Central,Office Supplies,Binders,Maribeth Schnelling,11.212,2,0.8,-16.818
03-05-2015,Central,Furniture,Furnishings,Maribeth Schnelling,4.712,2,0.6,-1.8848
03-05-2015,Central,Office Supplies,Appliances,Maribeth Schnelling,180.98,5,0.8,-470.548
03-05-2015,Central,Office Supplies,Storage,Maribeth Schnelling,60.416,2,0.2,6.0416
08-12-2017,West,Technology,Copiers,Dana Kaydos,299.99,1,0,89.997
08-12-2017,West,Office Supplies,Paper,Dana Kaydos,192.16,4,0,92.2368
08-12-2017,West,Technology,Phones,Dana Kaydos,242.624,8,0.2,27.2952
08-12-2017,West,Office Supplies,Storage,Dana Kaydos,46.74,3,0,11.685
08-12-2017,West,Technology,Accessories,Dana Kaydos,174.95,5,0,12.2465
08-12-2017,West,Office Supplies,Binders,Dana Kaydos,100.704,6,0.2,37.764
6/26/2016,Central,Office Supplies,Paper,Skye Norling,368.91,9,0,180.7659
6/26/2016,Central,Office Supplies,Binders,Skye Norling,8.02,1,0,3.7694
6/26/2016,Central,Office Supplies,Storage,Skye Norling,171.04,4,0,44.4704
12/15/2016,South,Office Supplies,Paper,Tony Chapman,19.44,3,0,9.3312
9/13/2015,South,Office Supplies,Binders,Anne McFarland,13.092,4,0.7,-10.0372
12/30/2014,East,Office Supplies,Appliances,Astrea Jones,122.94,3,0,30.735
12/30/2014,East,Office Supplies,Binders,Astrea Jones,35.448,7,0.2,12.8499
4/29/2014,East,Technology,Phones,Katherine Hughes,19.98,2,0,5.1948
1/30/2017,Central,Furniture,Tables,Liz Preis,69.375,1,0.5,-47.175
1/30/2017,Central,Office Supplies,Supplies,Liz Preis,31.68,4,0.2,2.772
1/30/2017,Central,Technology,Phones,Liz Preis,2003.168,4,0.2,250.396
1/30/2017,Central,Office Supplies,Art,Liz Preis,9.344,2,0.2,3.1536
12/25/2016,East,Furniture,Chairs,Joe Elijah,2563.056,8,0.1,313.2624
10/20/2016,West,Furniture,Chairs,Muhammed Yedwab,387.136,4,0.2,4.8392
6/13/2015,East,Office Supplies,Art,Frank Carlisle,3.424,1,0.2,0.2996
6/30/2017,East,Office Supplies,Storage,Neil Ducich,1085.42,7,0,282.2092
6/26/2015,East,Office Supplies,Paper,Dennis Bolton,43.056,9,0.2,15.6078
2/21/2016,South,Office Supplies,Binders,Lindsay Castell,3.762,3,0.7,-2.7588
2/21/2016,South,Office Supplies,Binders,Lindsay Castell,34.86,2,0.7,-26.726
2/21/2016,South,Office Supplies,Storage,Lindsay Castell,432.456,3,0.2,32.4342
4/22/2017,South,Office Supplies,Storage,Bruce Degenhardt,675.06,3,0,87.7578
05-09-2017,South,Office Supplies,Envelopes,Matt Connell,65.232,3,0.2,22.0158
05-09-2017,South,Furniture,Chairs,Matt Connell,207,3,0.2,25.875
12/21/2015,Central,Technology,Machines,Sam Zeldin,600.53,2,0.3,137.264
12/21/2015,Central,Office Supplies,Art,Sam Zeldin,59.904,2,0.2,14.2272
12/21/2015,Central,Technology,Accessories,Sam Zeldin,637.44,8,0.2,135.456
12/21/2015,Central,Furniture,Furnishings,Sam Zeldin,51.756,3,0.6,-33.6414
08-12-2014,South,Office Supplies,Paper,Duane Huffman,31.104,6,0.2,10.8864
08-12-2014,South,Office Supplies,Art,Duane Huffman,47.96,5,0.2,4.1965
08-12-2014,South,Technology,Accessories,Duane Huffman,158.928,7,0.2,41.7186
08-12-2014,South,Office Supplies,Appliances,Duane Huffman,211.248,6,0.2,15.8436
08-12-2014,South,Office Supplies,Supplies,Duane Huffman,5.552,2,0.2,-1.041
08-12-2014,South,Office Supplies,Labels,Duane Huffman,2.952,1,0.2,0.9963
12-11-2015,East,Office Supplies,Binders,Lena Creighton,10.332,3,0.7,-7.5768
11-03-2017,West,Office Supplies,Binders,Jack O'Briant,18.368,4,0.2,5.9696
3/13/2017,East,Technology,Phones,Meg Tillman,299.9,2,0,74.975
5/30/2016,South,Office Supplies,Envelopes,Edward Becker,26.55,9,0,12.744
5/30/2016,South,Technology,Accessories,Edward Becker,111.98,2,0,26.8752
07-05-2015,South,Furniture,Furnishings,Roland Schwarz,4.928,2,0.2,0.7392
07-05-2015,South,Office Supplies,Labels,Roland Schwarz,11.784,3,0.2,4.2717
03-11-2014,West,Office Supplies,Art,Richard Bierner,7.98,3,0,2.0748
4/20/2015,Central,Office Supplies,Envelopes,Olvera Toch,180.96,2,0,81.432
7/26/2017,West,Technology,Accessories,George Zrebassa,1649.95,5,0,659.98
7/26/2017,West,Furniture,Chairs,George Zrebassa,362.352,3,0.2,45.294
10/31/2014,West,Technology,Phones,Nancy Lomonaco,73.584,2,0.2,8.2782
11-03-2017,West,Furniture,Tables,Bruce Geld,486.368,4,0.2,36.4776
08-11-2016,Central,Office Supplies,Paper,Michelle Tran,32.4,5,0,15.552
08-11-2016,Central,Office Supplies,Binders,Michelle Tran,41.86,7,0,19.2556
08-11-2016,Central,Office Supplies,Binders,Michelle Tran,77.56,2,0,35.6776
7/25/2016,West,Office Supplies,Art,Becky Castell,37.17,9,0,11.151
03-01-2014,Central,Office Supplies,Storage,Giulietta Weimer,137.352,3,0.2,8.5845
03-01-2014,Central,Furniture,Tables,Giulietta Weimer,376.509,3,0.3,-43.0296
1/26/2017,South,Furniture,Furnishings,Bradley Drucker,62.72,4,0,24.4608
1/26/2017,South,Technology,Phones,Bradley Drucker,2939.93,7,0,764.3818
07-12-2014,Central,Furniture,Chairs,Paul Van Hugh,512.358,3,0.3,-14.6388
07-12-2014,Central,Office Supplies,Fasteners,Paul Van Hugh,3.488,2,0.2,0.5668
07-12-2014,Central,Office Supplies,Art,Paul Van Hugh,22.288,7,0.2,3.9004
07-12-2014,Central,Office Supplies,Paper,Paul Van Hugh,16.032,3,0.2,5.6112
04-11-2017,South,Office Supplies,Art,Henry MacAllister,1.752,1,0.2,0.1533
04-11-2017,South,Office Supplies,Art,Henry MacAllister,20.992,8,0.2,2.3616
11/13/2017,East,Office Supplies,Storage,Erin Mull,11.21,1,0,3.363
12-05-2015,Central,Office Supplies,Art,Sandra Flanagan,45.04,2,0.2,4.504
9/26/2016,Central,Office Supplies,Binders,Shahid Collister,15.624,2,0.8,-24.9984
11/19/2016,East,Office Supplies,Appliances,Natalie DeCherney,8.74,2,0,2.2724
11/19/2016,East,Office Supplies,Paper,Natalie DeCherney,44.75,5,0,20.585
09-08-2017,South,Office Supplies,Storage,Frank Carlisle,61.68,5,0.2,5.397
09-08-2017,South,Technology,Phones,Frank Carlisle,158.376,3,0.2,13.8579
7/21/2017,Central,Office Supplies,Binders,Kelly Lampkin,2.864,4,0.8,-4.5824
7/21/2017,Central,Office Supplies,Binders,Kelly Lampkin,94.192,7,0.8,-164.836
10-06-2017,East,Office Supplies,Paper,Xylona Preis,143.7,3,0,68.976
10-06-2017,East,Office Supplies,Paper,Xylona Preis,6.48,1,0,3.1104
11-07-2017,East,Technology,Accessories,Frank Preis,7.88,4,0,2.5216
03-09-2016,East,Office Supplies,Storage,Pamela Stobb,11.21,1,0,3.363
03-09-2016,East,Furniture,Chairs,Pamela Stobb,354.9,5,0,88.725
03-09-2016,East,Office Supplies,Paper,Pamela Stobb,17.94,3,0,8.7906
03-09-2016,East,Office Supplies,Binders,Pamela Stobb,51.8,4,0,23.31
5/13/2017,East,Office Supplies,Binders,Carl Weiss,299.52,9,0,149.76
07-02-2016,South,Office Supplies,Art,Katherine Hughes,7.7,2,0,3.157
12/27/2014,South,Office Supplies,Paper,Tamara Chand,23.92,4,0,11.7208
12/27/2014,South,Technology,Accessories,Tamara Chand,498,5,0,184.26
4/13/2017,West,Furniture,Chairs,Yana Sorensen,436.704,6,0.2,-38.2116
11/14/2014,South,Office Supplies,Paper,Chris Cortes,32.4,5,0,15.552
06-11-2017,West,Office Supplies,Appliances,Zuschuss Donatelli,61.44,3,0,16.5888
11/25/2016,South,Office Supplies,Storage,Jay Kimmel,73.36,7,0,19.8072
3/21/2014,South,Office Supplies,Labels,Gary McGarr,59.2,5,0.2,22.2
3/21/2014,South,Furniture,Furnishings,Gary McGarr,32.952,3,0.2,6.5904
3/21/2014,South,Furniture,Chairs,Gary McGarr,218.376,3,0.2,-10.9188
4/30/2015,East,Furniture,Furnishings,Jane Waco,31.4,5,0,13.188
4/30/2015,East,Furniture,Furnishings,Jane Waco,9.48,1,0,3.792
4/30/2015,East,Technology,Phones,Jane Waco,209.5,10,0,58.66
4/30/2015,East,Furniture,Furnishings,Jane Waco,24.3,5,0,10.449
4/30/2015,East,Office Supplies,Paper,Jane Waco,6.48,1,0,3.1104
05-03-2017,East,Furniture,Furnishings,Bill Overfelt,32.448,2,0.2,7.3008
05-03-2017,East,Office Supplies,Binders,Bill Overfelt,26.388,4,0.7,-17.592
05-03-2017,East,Furniture,Tables,Bill Overfelt,373.47,5,0.4,-112.041
05-03-2017,East,Office Supplies,Binders,Bill Overfelt,64.2,5,0.7,-44.94
05-03-2017,East,Office Supplies,Fasteners,Bill Overfelt,8,2,0.2,2.8
8/26/2016,South,Furniture,Furnishings,Xylona Preis,186.54,3,0,41.0388
04-11-2014,West,Office Supplies,Storage,Michelle Moray,87.08,7,0,24.3824
04-11-2014,West,Technology,Phones,Michelle Moray,105.584,2,0.2,9.2386
04-11-2014,West,Technology,Accessories,Michelle Moray,217.44,6,0,91.3248
01-02-2017,Central,Office Supplies,Art,Trudy Schmidt,31.744,2,0.2,3.968
01-02-2017,Central,Office Supplies,Appliances,Trudy Schmidt,5.432,2,0.8,-13.58
01-02-2017,Central,Furniture,Tables,Trudy Schmidt,913.43,5,0.3,-169.637
01-02-2017,Central,Office Supplies,Storage,Trudy Schmidt,372.144,3,0.2,27.9108
4/28/2017,South,Technology,Phones,Janet Lee,751.984,2,0.2,84.5982
1/30/2017,West,Technology,Phones,Sam Zeldin,604.768,4,0.2,60.4768
09-07-2014,West,Office Supplies,Supplies,Lisa Ryan,27.36,4,0,7.3872
09-07-2014,West,Office Supplies,Paper,Lisa Ryan,20.56,2,0,9.6632
09-07-2014,West,Office Supplies,Binders,Lisa Ryan,83.92,5,0.2,31.47
06-11-2016,West,Furniture,Tables,Seth Vernon,902.712,3,0.2,33.8517
10/17/2016,West,Furniture,Bookcases,Michael Granlund,120.666,2,0.15,21.294
12/27/2014,Central,Office Supplies,Binders,Nathan Cano,4.984,1,0.8,-8.4728
11/24/2016,West,Furniture,Furnishings,Steve Carroll,82.26,3,0,33.7266
11-10-2016,West,Office Supplies,Storage,Rose O'Brian,29.74,1,0,4.461
01-05-2015,West,Office Supplies,Appliances,James Lanier,87.36,6,0,23.5872
01-05-2015,West,Office Supplies,Binders,James Lanier,56.16,6,0.2,17.55
3/21/2017,South,Office Supplies,Appliances,Pauline Webber,64.384,1,0.2,8.048
11-12-2015,Central,Office Supplies,Storage,Monica Federle,64.784,1,0.2,-14.5764
11-12-2015,Central,Office Supplies,Paper,Monica Federle,15.552,3,0.2,5.6376
11-12-2015,Central,Office Supplies,Envelopes,Monica Federle,223.888,7,0.2,69.965
09-09-2014,Central,Office Supplies,Paper,Chris Cortes,10.896,3,0.2,3.405
3/17/2016,West,Technology,Phones,Anna Chung,84.784,2,0.2,-20.1362
02-08-2016,Central,Furniture,Chairs,Mark Haberlin,241.5,4,0.3,0
11/26/2016,East,Technology,Accessories,Cynthia Delaney,59.97,3,0,14.9925
11/26/2016,East,Office Supplies,Paper,Cynthia Delaney,13.36,2,0,6.4128
09-04-2017,West,Office Supplies,Binders,Cynthia Voltz,11.808,3,0.2,4.1328
5/28/2015,East,Office Supplies,Storage,Trudy Brown,16.24,1,0,2.436
5/28/2015,East,Office Supplies,Storage,Trudy Brown,77.55,5,0,21.714
11-01-2014,East,Office Supplies,Appliances,Deirdre Greer,76.12,2,0,22.0748
12/27/2016,East,Office Supplies,Fasteners,Ross DeVincentis,17.184,6,0.2,6.2292
12-04-2017,West,Office Supplies,Paper,Chris Selesnick,11.76,2,0,5.7624
12/23/2017,East,Furniture,Furnishings,Julia Barnett,27.46,2,0,9.8856
12-01-2016,East,Technology,Phones,Eva Jacobs,137.94,3,0,35.8644
12-01-2016,East,Furniture,Furnishings,Eva Jacobs,111.15,5,0,48.906
12-01-2016,East,Office Supplies,Appliances,Eva Jacobs,901.95,3,0,297.6435
12-01-2016,East,Furniture,Tables,Eva Jacobs,366.009,3,0.3,-47.0583
6/30/2014,South,Office Supplies,Paper,Brian DeCherney,310.688,7,0.2,108.7408
09-03-2014,Central,Office Supplies,Binders,Mathew Reese,7.68,5,0.8,-11.52
11-02-2017,East,Furniture,Chairs,Sharelle Roach,155.372,2,0.3,-35.5136
4/13/2015,West,Office Supplies,Storage,Thea Hendricks,10.744,1,0.2,0.8058
12-05-2015,East,Office Supplies,Binders,Brian Derr,232.4,5,0.2,78.435
12-05-2015,East,Furniture,Chairs,Brian Derr,164.646,3,0.1,12.8058
12-05-2015,East,Office Supplies,Paper,Brian Derr,22.68,2,0,11.1132
02-01-2016,West,Office Supplies,Paper,Suzanne McNair,105.52,4,0,48.5392
07-08-2017,East,Furniture,Furnishings,Harold Engle,83.92,4,0,5.8744
07-08-2017,East,Technology,Accessories,Harold Engle,141.9,5,0,58.179
07-08-2017,East,Furniture,Furnishings,Harold Engle,39.98,2,0,9.1954
07-08-2017,East,Office Supplies,Art,Harold Engle,28.91,7,0,8.673
07-08-2017,East,Office Supplies,Art,Harold Engle,174.95,5,0,45.487
12-11-2015,West,Office Supplies,Binders,Jim Kriz,110.528,4,0.2,38.6848
11/15/2016,South,Furniture,Tables,Odella Nelson,630.024,4,0.4,-199.5076
05-09-2016,South,Office Supplies,Art,Thea Hendricks,27.86,7,0,9.1938
03-10-2017,Central,Furniture,Tables,Maribeth Dona,933.408,4,0.3,-173.3472
12/17/2016,Central,Office Supplies,Paper,Adam Hart,51.84,10,0.2,18.144
12/17/2016,Central,Technology,Accessories,Adam Hart,165.6,3,0.2,-6.21
04-06-2017,Central,Office Supplies,Paper,Max Ludwig,106.32,3,0,49.9704
05-09-2017,West,Office Supplies,Binders,Laurel Beltran,147.92,5,0.2,46.225
05-09-2017,West,Office Supplies,Storage,Laurel Beltran,104.28,3,0,26.07
05-09-2017,West,Furniture,Tables,Laurel Beltran,286.85,1,0,63.107
05-09-2017,West,Office Supplies,Storage,Laurel Beltran,66.96,4,0,2.6784
05-09-2017,West,Technology,Accessories,Laurel Beltran,199.98,2,0,87.9912
10-12-2017,East,Technology,Accessories,Nora Paige,45,3,0,4.95
10-12-2017,East,Office Supplies,Fasteners,Nora Paige,17.9,5,0,8.771
10-12-2017,East,Furniture,Furnishings,Nora Paige,40.48,2,0,17.4064
10-12-2017,East,Furniture,Bookcases,Nora Paige,2154.9,5,0,129.294
8/28/2016,East,Office Supplies,Binders,Edward Becker,18.432,8,0.7,-12.288
10-02-2015,West,Office Supplies,Supplies,Resi Pölking,10.944,2,0.2,0.9576
11/23/2017,Central,Office Supplies,Supplies,Dan Campbell,4.36,2,0,0.1744
11-12-2017,West,Technology,Accessories,Don Jones,62.352,6,0.2,-10.9116
12/19/2016,East,Furniture,Furnishings,Clay Ludtke,303.92,5,0.2,-30.392
3/30/2014,Central,Office Supplies,Storage,Nat Carroll,129.3,2,0,6.465
11-08-2017,East,Furniture,Furnishings,Kean Nguyen,274.2,10,0,112.422
9/14/2014,Central,Office Supplies,Fasteners,Scott Cohen,6.048,4,0.2,-1.3608
9/14/2014,Central,Office Supplies,Paper,Scott Cohen,6.848,2,0.2,2.14
9/14/2014,Central,Furniture,Furnishings,Scott Cohen,9.96,5,0.6,-6.723
9/14/2014,Central,Office Supplies,Binders,Scott Cohen,8.552,2,0.8,-13.6832
9/20/2015,West,Office Supplies,Binders,Anne McFarland,45.584,11,0.2,16.5242
12-10-2015,East,Technology,Accessories,Ryan Akin,25.488,2,0.2,4.4604
5/28/2014,West,Office Supplies,Binders,Magdelene Morse,136.96,4,0.2,51.36
3/14/2017,Central,Technology,Phones,Brad Norvell,49.616,2,0.2,4.9616
12-08-2016,East,Office Supplies,Paper,Julia Barnett,10.584,3,0.2,3.4398
05-06-2017,West,Office Supplies,Paper,Doug Bickford,84.416,4,0.2,27.4352
03-06-2016,East,Technology,Phones,Julia Barnett,431.94,2,0.4,-71.99
03-06-2016,East,Office Supplies,Binders,Julia Barnett,2.043,1,0.7,-1.4982
03-06-2016,East,Technology,Phones,Julia Barnett,68.238,3,0.4,-12.5103
10/23/2017,East,Furniture,Tables,Adam Hart,240.744,4,0.3,-13.7568
10/23/2017,East,Furniture,Furnishings,Adam Hart,35,4,0,14.7
10/23/2017,East,Furniture,Furnishings,Adam Hart,210.68,2,0,50.5632
10/23/2017,East,Furniture,Tables,Adam Hart,637.896,3,0.3,-127.5792
10/23/2017,East,Office Supplies,Paper,Adam Hart,43.44,8,0,21.2856
10/23/2017,East,Office Supplies,Appliances,Adam Hart,2.22,1,0,0.666
4/28/2014,West,Technology,Phones,Arianne Irving,1679.96,5,0.2,125.997
4/18/2016,Central,Furniture,Chairs,Thea Hudgings,344.372,4,0.3,-93.4724
4/18/2016,Central,Office Supplies,Storage,Thea Hudgings,1554.936,3,0.2,77.7468
4/18/2016,Central,Furniture,Furnishings,Thea Hudgings,127.88,5,0.6,-67.137
5/22/2016,West,Technology,Phones,Jim Epp,222.384,2,0.2,22.2384
5/28/2017,Central,Furniture,Chairs,Tiffany House,106.869,3,0.3,-29.0073
5/28/2017,Central,Office Supplies,Binders,Tiffany House,3.564,3,0.8,-6.237
8/25/2014,Central,Office Supplies,Binders,Joe Elijah,25.68,3,0.8,-39.804
8/25/2014,Central,Office Supplies,Binders,Joe Elijah,12.384,3,0.8,-19.8144
8/30/2014,East,Office Supplies,Binders,Annie Thurman,25.3,5,0,11.891
8/30/2014,East,Office Supplies,Storage,Annie Thurman,95.94,3,0,9.594
09-03-2015,Central,Office Supplies,Labels,John Huston,7.5,2,0,3.6
3/28/2014,West,Technology,Phones,Daniel Raglin,302.376,3,0.2,22.6782
05-10-2015,West,Technology,Accessories,Alan Barnes,46.688,4,0.2,-2.918
04-09-2015,East,Office Supplies,Storage,Mick Crebagga,17.94,3,0,3.0498
04-09-2015,East,Office Supplies,Appliances,Ivan Gibson,370.14,3,0,144.3546
9/19/2016,West,Office Supplies,Binders,Frank Hawley,8.928,2,0.2,3.1248
11-11-2016,Central,Furniture,Tables,Alejandro Savely,2678.94,6,0,241.1046
4/23/2017,South,Furniture,Bookcases,Parhena Norris,387.136,4,0.2,-14.5176
4/23/2017,South,Technology,Accessories,Parhena Norris,45.408,2,0.2,11.9196
4/23/2017,South,Furniture,Furnishings,Parhena Norris,77.952,3,0.2,-11.6928
4/23/2017,South,Office Supplies,Labels,Parhena Norris,3,1,0.2,1.05
10/22/2015,South,Office Supplies,Storage,Gene McClure,9.952,1,0.2,0.9952
04-09-2017,East,Office Supplies,Binders,Noah Childs,37.896,4,0.7,-29.0536
04-09-2017,East,Office Supplies,Paper,Noah Childs,65.584,2,0.2,23.7742
10/27/2017,West,Office Supplies,Paper,Tamara Willingham,44.784,1,0.2,16.2342
10/30/2015,East,Technology,Machines,Barry Französisch,1035.8,4,0,269.308
12/18/2017,West,Office Supplies,Art,Tonja Turnell,5.76,2,0,1.6704
03-12-2016,West,Office Supplies,Paper,Scot Wooten,19.98,2,0,8.991
7/21/2014,Central,Technology,Phones,Patrick Gardner,35.98,2,0,10.0744
5/24/2016,East,Office Supplies,Art,Dennis Pardue,16.656,3,0.2,3.3312
02-11-2017,East,Office Supplies,Labels,Don Jones,20.7,2,0,9.936
9/20/2016,Central,Office Supplies,Binders,Edward Nazzal,83.7,5,0,41.013
9/24/2017,West,Furniture,Furnishings,Philip Brown,199.8,10,0,71.928
3/27/2017,West,Office Supplies,Paper,Brendan Dodson,45.68,2,0,21.0128
3/27/2017,West,Office Supplies,Paper,Brendan Dodson,110.96,2,0,53.2608
3/27/2017,West,Office Supplies,Paper,Brendan Dodson,11.94,3,0,5.97
02-02-2016,South,Technology,Machines,Sanjit Engle,8749.95,5,0,2799.984
02-02-2016,South,Office Supplies,Binders,Sanjit Engle,36.4,8,0,18.2
02-02-2016,South,Furniture,Furnishings,Sanjit Engle,18.69,7,0,7.1022
07-07-2017,West,Office Supplies,Fasteners,Annie Thurman,5.94,3,0,0.1188
10/23/2015,Central,Office Supplies,Paper,Craig Carroll,60.736,8,0.2,20.4984
10/23/2015,Central,Technology,Copiers,Craig Carroll,479.976,3,0.2,161.9919
10/23/2015,Central,Office Supplies,Binders,Craig Carroll,6.08,1,0.8,-10.336
12-02-2016,West,Technology,Accessories,Alan Schoenberger,165.6,3,0.2,-6.21
03-05-2014,East,Office Supplies,Art,Aimee Bixby,59.52,3,0,15.4752
03-05-2014,East,Technology,Accessories,Aimee Bixby,479.97,3,0,177.5889
03-05-2014,East,Office Supplies,Supplies,Aimee Bixby,18.62,2,0,5.3998
03-05-2014,East,Office Supplies,Binders,Aimee Bixby,49.632,6,0.2,16.7508
03-05-2014,East,Office Supplies,Paper,Aimee Bixby,97.82,2,0,45.9754
03-01-2015,West,Technology,Phones,Dave Hallsten,15.984,2,0.2,1.1988
03-01-2015,West,Furniture,Chairs,Dave Hallsten,184.752,3,0.2,-20.7846
2/20/2014,West,Office Supplies,Paper,Steven Roelle,12.96,2,0,6.2208
05-02-2016,Central,Furniture,Chairs,Nick Radford,366.744,4,0.3,-110.0232
03-08-2016,Central,Office Supplies,Binders,Sanjit Jacobs,8.856,9,0.8,-14.1696
03-08-2016,Central,Technology,Accessories,Sanjit Jacobs,27.96,5,0.2,8.388
03-08-2016,Central,Office Supplies,Envelopes,Sanjit Jacobs,146.352,3,0.2,49.3938
12-11-2015,Central,Technology,Accessories,Cynthia Arntzen,175.23,11,0,61.3305
12-11-2015,Central,Technology,Phones,Cynthia Arntzen,125.99,1,0,31.4975
12-11-2015,Central,Office Supplies,Binders,Cynthia Arntzen,23,2,0,10.35
12/22/2016,East,Office Supplies,Binders,Lena Creighton,25.584,2,0.2,8.9544
02-02-2016,Central,Furniture,Furnishings,Noel Staavos,73.784,2,0.6,-77.4732
06-05-2017,South,Office Supplies,Paper,Noel Staavos,20.736,4,0.2,7.2576
8/21/2015,South,Office Supplies,Art,Henry Goldwyn,17.52,3,0,8.2344
8/21/2015,South,Office Supplies,Art,Henry Goldwyn,35.76,12,0,10.0128
04-07-2016,East,Office Supplies,Art,Sarah Foster,3.64,2,0,0.9828
06-04-2017,Central,Furniture,Furnishings,Erin Mull,30.336,6,0.6,-17.4432
12-04-2017,East,Furniture,Furnishings,Doug O'Connell,12.99,1,0,1.5588
12-04-2017,East,Furniture,Chairs,Doug O'Connell,182.22,3,0,45.555
12-04-2017,East,Furniture,Chairs,Doug O'Connell,302.94,3,0,18.1764
01-11-2016,East,Furniture,Furnishings,Mark Packer,54.992,14,0.2,8.9362
04-01-2016,Central,Technology,Phones,Muhammed Yedwab,12.99,1,0,0.2598
9/21/2017,West,Office Supplies,Paper,Doug Bickford,55.86,7,0,27.93
3/16/2017,East,Technology,Phones,Susan Pistek,44.376,2,0.4,-7.396
3/16/2017,East,Furniture,Furnishings,Susan Pistek,51.264,6,0.2,7.6896
3/16/2017,East,Office Supplies,Binders,Susan Pistek,5.193,3,0.7,-3.462
3/16/2017,East,Technology,Accessories,Susan Pistek,159.984,2,0.2,43.9956
3/16/2017,East,Office Supplies,Storage,Susan Pistek,54.224,2,0.2,3.389
11-10-2017,West,Furniture,Chairs,Maria Etezadi,241.424,2,0.2,-36.2136
11/30/2016,Central,Office Supplies,Paper,Bruce Stewart,33.36,4,0,16.68
11/30/2016,Central,Office Supplies,Paper,Bruce Stewart,13.76,2,0,6.3296
11/30/2016,Central,Office Supplies,Storage,Bruce Stewart,496.86,7,0,24.843
11/30/2016,Central,Furniture,Chairs,Bruce Stewart,389.97,3,0,35.0973
1/13/2015,South,Office Supplies,Labels,Karen Seio,9.82,2,0,4.8118
5/16/2014,West,Technology,Accessories,Cindy Chapman,56.4,3,0,3.384
06-07-2015,East,Office Supplies,Binders,Harold Dahlen,18.312,4,0.7,-12.208
06-07-2015,East,Office Supplies,Paper,Harold Dahlen,25.92,5,0.2,9.072
06-07-2015,East,Office Supplies,Art,Harold Dahlen,8.016,3,0.2,1.002
03-09-2017,West,Technology,Copiers,Karl Braun,479.984,2,0.2,59.998
03-09-2017,West,Office Supplies,Binders,Karl Braun,30.84,5,0.2,9.6375
12/22/2015,East,Office Supplies,Storage,Harold Ryan,33.568,2,0.2,1.6784
12/22/2015,East,Furniture,Chairs,Harold Ryan,422.625,7,0.3,0
08-06-2014,East,Technology,Accessories,Trudy Brown,199.98,2,0,83.9916
3/27/2016,South,Furniture,Furnishings,David Smith,20.24,1,0,8.7032
3/27/2016,South,Furniture,Furnishings,David Smith,39.92,4,0,11.1776
3/27/2016,South,Office Supplies,Binders,David Smith,32.54,2,0,15.9446
12-05-2015,West,Technology,Accessories,George Bell,39,3,0,17.55
12-05-2015,West,Office Supplies,Labels,George Bell,12.6,4,0,6.048
09-11-2015,West,Furniture,Furnishings,George Bell,24.64,4,0.2,4.004
7/17/2015,Central,Office Supplies,Labels,Victoria Brennan,6.264,3,0.2,2.0358
7/17/2015,Central,Office Supplies,Fasteners,Victoria Brennan,14.432,4,0.2,3.4276
5/30/2014,Central,Technology,Copiers,Mark Cousins,719.976,3,0.2,134.9955
11/13/2017,South,Technology,Accessories,Cassandra Brandow,239.92,8,0,23.992
12-09-2016,South,Furniture,Tables,Paul MacIntyre,1056.86,7,0,158.529
3/22/2015,South,Technology,Accessories,Debra Catini,447.944,7,0.2,89.5888
3/22/2015,South,Office Supplies,Storage,Debra Catini,150.408,9,0.2,-33.8418
12/23/2016,Central,Technology,Phones,Laura Armstrong,453.576,3,0.2,39.6879
12/23/2016,Central,Office Supplies,Labels,Laura Armstrong,45.36,9,0.2,14.742
12/23/2016,Central,Technology,Phones,Laura Armstrong,287.88,3,0.2,35.985
12/23/2016,Central,Technology,Phones,Laura Armstrong,131.88,3,0.2,14.8365
12/23/2016,Central,Furniture,Furnishings,Laura Armstrong,2.328,2,0.6,-0.7566
04-02-2016,Central,Furniture,Chairs,Denny Joy,1454.9,5,0,378.274
4/30/2017,South,Office Supplies,Binders,Mick Hernandez,4.842,3,0.7,-3.5508
4/30/2017,South,Furniture,Furnishings,Mick Hernandez,220.704,6,0.2,-8.2764
11/17/2016,Central,Technology,Phones,Barry Gonzalez,67.176,3,0.2,6.7176
11/17/2016,Central,Office Supplies,Paper,Barry Gonzalez,15.232,4,0.2,5.5216
11-10-2016,East,Office Supplies,Paper,Seth Vernon,31.104,6,0.2,10.8864
12-06-2016,East,Office Supplies,Binders,Dave Poirier,968.744,7,0.2,314.8418
12-06-2016,East,Office Supplies,Binders,Dave Poirier,222.352,13,0.2,77.8232
12-06-2016,East,Technology,Copiers,Dave Poirier,479.984,2,0.2,89.997
04-03-2016,Central,Office Supplies,Paper,Steven Roelle,10.272,3,0.2,3.21
11/28/2014,Central,Technology,Machines,Brian Thompson,998.85,5,0.4,-199.77
10/20/2015,East,Office Supplies,Paper,Maxwell Schwartz,24.56,2,0,11.5432
9/19/2014,West,Office Supplies,Fasteners,Jim Kriz,5.67,3,0,0.1134
8/27/2017,South,Office Supplies,Appliances,Shui Tom,14.336,4,0.2,0.896
07-03-2017,East,Furniture,Furnishings,Tony Sayre,102.3,1,0,26.598
12/22/2017,Central,Furniture,Tables,Charlotte Melton,607.52,2,0,97.2032
12/22/2017,Central,Office Supplies,Storage,Charlotte Melton,31.16,2,0,7.79
12/27/2016,South,Office Supplies,Labels,Joni Wasserman,2.61,1,0,1.2006
5/20/2014,Central,Furniture,Furnishings,Matt Collister,10.332,3,0.6,-5.9409
5/20/2014,Central,Office Supplies,Paper,Matt Collister,10.368,2,0.2,3.6288
5/20/2014,Central,Technology,Accessories,Matt Collister,20.784,2,0.2,-3.6372
5/20/2014,Central,Office Supplies,Storage,Matt Collister,66.96,5,0.2,-13.392
02-04-2014,West,Office Supplies,Binders,Mark Haberlin,17.248,2,0.2,6.0368
12-09-2017,East,Office Supplies,Binders,Roger Demir,11.088,7,0.7,-8.1312
07-11-2017,West,Technology,Accessories,Karen Bern,1287.45,5,0,244.6155
07-11-2017,West,Office Supplies,Appliances,Karen Bern,168.1,5,0,43.706
5/15/2015,East,Office Supplies,Storage,Fred Chung,51.968,2,0.2,-10.3936
1/29/2017,East,Office Supplies,Art,Bryan Davis,4.768,2,0.2,0.4768
9/29/2017,East,Office Supplies,Envelopes,Fred Hopkins,7.98,3,0,3.9102
4/23/2017,West,Office Supplies,Envelopes,Sean O'Donnell,18.688,2,0.2,7.008
4/23/2017,West,Furniture,Furnishings,Sean O'Donnell,11.664,3,0.2,3.3534
11-09-2017,South,Technology,Accessories,Peter McVee,191.976,3,0.2,38.3952
11-09-2017,South,Technology,Phones,Peter McVee,499.168,4,0.2,31.198
05-05-2014,South,Office Supplies,Binders,Giulietta Dortch,11.88,2,0,5.346
05-05-2014,South,Office Supplies,Paper,Giulietta Dortch,35.44,1,0,16.6568
10/27/2016,West,Office Supplies,Binders,Pete Armstrong,67.136,4,0.2,25.176
11/26/2014,West,Office Supplies,Binders,Luke Schmidt,4.32,3,0.2,1.512
11/26/2014,West,Office Supplies,Paper,Luke Schmidt,14.94,3,0,7.0218
11/26/2014,West,Office Supplies,Appliances,Luke Schmidt,40.54,2,0,11.3512
11/26/2014,West,Office Supplies,Binders,Luke Schmidt,7.312,1,0.2,2.5592
12/31/2014,West,Technology,Phones,James Lanier,475.944,7,0.2,59.493
01-03-2016,Central,Technology,Accessories,Christine Abelman,30.08,2,0.2,-5.264
01-03-2016,Central,Technology,Accessories,Christine Abelman,165.6,3,0.2,-6.21
01-03-2016,Central,Technology,Phones,Christine Abelman,180.96,5,0.2,13.572
8/18/2017,East,Technology,Accessories,Charles McCrossin,23.18,2,0,7.6494
06-04-2014,East,Furniture,Furnishings,Bobby Trafton,56.96,2,0,21.0752
06-04-2014,East,Office Supplies,Appliances,Bobby Trafton,15.56,4,0,4.0456
06-04-2014,East,Furniture,Bookcases,Bobby Trafton,353.568,2,0.2,-44.196
06-04-2014,East,Furniture,Furnishings,Bobby Trafton,13.96,2,0,6.7008
11/13/2017,West,Technology,Accessories,Sanjit Engle,82.95,5,0,29.0325
1/28/2016,West,Office Supplies,Art,Henry Goldwyn,39.68,2,0,10.3168
11-09-2016,West,Technology,Accessories,Philip Fox,479.97,3,0,177.5889
09-10-2016,West,Office Supplies,Labels,Bryan Davis,7.38,2,0,3.4686
09-10-2016,West,Office Supplies,Binders,Bryan Davis,14.256,3,0.2,4.455
09-10-2016,West,Office Supplies,Paper,Bryan Davis,81.98,2,0,40.1702
09-10-2016,West,Office Supplies,Binders,Bryan Davis,39.624,3,0.2,13.8684
03-03-2017,West,Furniture,Tables,Bill Tyler,399.672,7,0.2,-14.9877
09-08-2017,East,Office Supplies,Storage,Eudokia Martin,65.12,4,0,16.9312
11-06-2017,Central,Furniture,Furnishings,Liz Carlisle,30.56,5,0.6,-19.864
5/13/2017,South,Office Supplies,Appliances,Frank Hawley,20.768,2,0.2,2.3364
11/27/2016,West,Office Supplies,Storage,Chris McAfee,39.808,4,0.2,3.9808
11/13/2015,South,Office Supplies,Binders,Fred McMath,121.104,6,0.7,-100.92
11/13/2015,South,Technology,Accessories,Fred McMath,111.96,5,0.2,-1.3995
12-08-2015,West,Office Supplies,Paper,Henry Goldwyn,15.696,3,0.2,5.1012
09-07-2015,East,Office Supplies,Storage,Andy Gerbode,70.26,3,0,18.9702
09-07-2015,East,Technology,Accessories,Andy Gerbode,90,5,0,16.2
09-07-2015,East,Office Supplies,Binders,Andy Gerbode,6.096,2,0.2,2.0574
09-07-2015,East,Furniture,Tables,Andy Gerbode,481.176,2,0.4,-120.294
09-07-2015,East,Office Supplies,Fasteners,Andy Gerbode,7.24,4,0,2.3892
7/28/2016,East,Furniture,Bookcases,Olvera Toch,177.45,5,0.5,-78.078
7/28/2016,East,Office Supplies,Binders,Olvera Toch,1369.764,6,0.7,-913.176
7/28/2016,East,Office Supplies,Appliances,Olvera Toch,9.48,3,0.2,0.711
8/25/2017,East,Furniture,Bookcases,Seth Vernon,130.98,2,0.5,-89.0664
4/30/2014,South,Office Supplies,Art,Justin MacKendrick,174.95,5,0,45.487
4/30/2014,South,Office Supplies,Storage,Justin MacKendrick,826,5,0,214.76
4/27/2017,West,Furniture,Furnishings,Henry MacAllister,139.58,7,0,39.0824
7/23/2017,Central,Technology,Accessories,Philisse Overcash,399.95,5,0,143.982
12/13/2014,South,Office Supplies,Binders,Kimberly Carter,12.39,3,0,5.8233
01-12-2017,Central,Office Supplies,Binders,David Bremer,760.98,5,0.8,-1141.47
12-02-2017,West,Office Supplies,Binders,Susan Vittorini,67.86,6,0.7,-45.24
11-08-2015,South,Office Supplies,Fasteners,Noel Staavos,31.504,11,0.2,11.814
11-08-2015,South,Office Supplies,Labels,Noel Staavos,5.04,1,0.2,1.638
11-08-2015,South,Office Supplies,Binders,Noel Staavos,39.879,7,0.7,-29.2446
11-08-2015,South,Furniture,Furnishings,Noel Staavos,4.712,1,0.2,1.4136
11/25/2016,West,Furniture,Chairs,Mark Hamilton,194.352,3,0.2,19.4352
12-05-2015,South,Furniture,Chairs,Rick Reed,97.424,2,0.2,10.9602
7/29/2016,South,Office Supplies,Storage,Ritsa Hightower,704.76,5,0.2,26.4285
7/29/2016,South,Office Supplies,Binders,Ritsa Hightower,27.396,3,0.7,-20.0904
9/13/2014,West,Office Supplies,Fasteners,Resi Pölking,5.7,5,0,2.679
9/13/2014,West,Furniture,Furnishings,Resi Pölking,14.19,3,0,5.5341
9/13/2014,West,Office Supplies,Supplies,Resi Pölking,7.3,2,0,2.19
9/13/2014,West,Technology,Accessories,Resi Pölking,199.98,2,0,75.9924
9/13/2014,West,Technology,Accessories,Resi Pölking,144.96,4,0,60.8832
9/13/2014,West,Technology,Accessories,Resi Pölking,118,2,0,20.06
9/13/2014,West,Office Supplies,Paper,Resi Pölking,48.94,1,0,24.47
9/13/2014,West,Office Supplies,Appliances,Resi Pölking,22.66,2,0,9.7438
6/21/2016,Central,Office Supplies,Binders,Ken Brennan,0.836,1,0.8,-1.3376
09-03-2016,East,Office Supplies,Paper,Matt Hagelstein,30.96,6,0.2,11.223
11/25/2017,South,Furniture,Bookcases,Henia Zydlo,723.92,5,0.2,-81.441
05-12-2015,Central,Furniture,Furnishings,James Galang,21.968,4,0.6,-15.9268
05-12-2015,Central,Technology,Phones,James Galang,619.152,6,0.2,69.6546
05-12-2015,Central,Office Supplies,Paper,James Galang,127.904,7,0.2,41.5688
3/30/2017,West,Furniture,Furnishings,Alan Barnes,94.2,5,0,39.564
11/17/2016,West,Office Supplies,Supplies,Heather Jas,49.5,5,0,13.365
12/30/2016,East,Office Supplies,Art,Carl Jackson,16.52,5,0.2,1.652
12/22/2016,West,Office Supplies,Binders,Emily Ducich,55.36,4,0.2,19.376
12/22/2016,West,Technology,Machines,Emily Ducich,11.56,1,0.2,3.757
12/20/2015,West,Office Supplies,Paper,Arianne Irving,17.12,4,0,7.704
12/27/2014,East,Furniture,Furnishings,Karl Braun,182.352,3,0.2,-18.2352
12/27/2014,East,Office Supplies,Storage,Karl Braun,118.16,2,0.2,-25.109
2/16/2017,Central,Office Supplies,Fasteners,Joy Smith,18.368,2,0.2,6.1992
2/16/2017,Central,Furniture,Chairs,Joy Smith,600.558,3,0.3,-8.5794
2/16/2017,Central,Office Supplies,Storage,Joy Smith,50.352,3,0.2,-8.1822
2/16/2017,Central,Office Supplies,Art,Joy Smith,28.032,6,0.2,3.504
2/16/2017,Central,Furniture,Furnishings,Joy Smith,7.692,1,0.6,-3.6537
10/24/2017,Central,Furniture,Tables,Patrick O'Brill,517.405,5,0.3,-81.3065
09-02-2016,Central,Office Supplies,Binders,Ross DeVincentis,8.608,8,0.8,-13.3424
09-02-2016,Central,Technology,Accessories,Ross DeVincentis,159.56,5,0.2,33.9065
12-01-2016,South,Office Supplies,Appliances,Jonathan Doherty,2104.55,7,0,694.5015
12-01-2016,South,Office Supplies,Supplies,Jonathan Doherty,40.7,5,0,11.803
11-05-2014,South,Technology,Accessories,Steven Roelle,47.79,3,0,16.2486
11/25/2017,West,Office Supplies,Art,Tracy Zic,5.16,2,0,1.3416
12/16/2016,West,Technology,Accessories,Tanja Norvell,21.21,7,0,4.4541
11/14/2017,East,Office Supplies,Storage,Pauline Webber,96.36,6,0,25.0536
6/26/2016,West,Office Supplies,Supplies,Adam Hart,231.72,2,0,11.586
6/26/2016,West,Office Supplies,Fasteners,Adam Hart,17.9,5,0,8.95
6/26/2016,West,Office Supplies,Paper,Adam Hart,12.48,2,0,5.616
12/26/2014,East,Office Supplies,Art,Andy Yotov,8.016,3,0.2,1.1022
8/14/2016,East,Technology,Phones,Stephanie Phelps,259.896,2,0.4,-56.3108
8/14/2016,East,Technology,Phones,Stephanie Phelps,247.188,2,0.4,-49.4376
8/14/2016,East,Technology,Accessories,Stephanie Phelps,279.96,5,0.2,48.993
10/24/2016,West,Technology,Accessories,Emily Ducich,450,5,0,162
8/23/2014,Central,Office Supplies,Paper,Corey Roper,19.44,3,0,9.5256
9/15/2017,West,Furniture,Tables,Christopher Schild,300.904,1,0.2,11.2839
6/15/2017,South,Technology,Phones,Thomas Seio,239.976,3,0.2,26.9973
6/15/2017,South,Furniture,Furnishings,Thomas Seio,31.168,4,0.2,9.3504
6/15/2017,South,Furniture,Tables,Thomas Seio,120.96,2,0.4,-28.224
6/15/2017,South,Technology,Phones,Thomas Seio,2239.936,8,0.2,223.9936
6/15/2017,South,Office Supplies,Appliances,Thomas Seio,76.608,8,0.2,6.7032
6/15/2017,South,Office Supplies,Storage,Thomas Seio,142.776,1,0.2,17.847
6/15/2017,South,Office Supplies,Paper,Thomas Seio,91.36,5,0.2,29.692
03-01-2015,East,Office Supplies,Appliances,Resi Pölking,3.552,2,0.2,0.444
7/23/2016,Central,Technology,Phones,Ivan Liston,115.136,8,0.2,11.5136
10-01-2014,West,Office Supplies,Fasteners,Neil Französisch,4.71,1,0,0
09-08-2014,East,Furniture,Chairs,Paul Prost,172.764,2,0.1,13.4372
09-08-2014,East,Office Supplies,Art,Paul Prost,3.52,2,0,1.6896
11/16/2014,West,Technology,Phones,Justin Deggeller,79.968,4,0.2,-17.9928
11/16/2014,West,Furniture,Bookcases,Justin Deggeller,305.9745,3,0.15,25.1979
11/16/2014,West,Office Supplies,Storage,Justin Deggeller,344.91,3,0,10.3473
03-03-2014,West,Furniture,Tables,Eva Jacobs,626.352,3,0.2,-23.4882
12-03-2015,West,Furniture,Bookcases,Pierre Wener,359.499,3,0.15,-29.6058
07-11-2017,West,Technology,Phones,Tom Stivers,71.952,6,0.2,5.3964
07-11-2017,West,Office Supplies,Binders,Tom Stivers,29.8,5,0.2,9.3125
11/16/2017,East,Office Supplies,Binders,Brian Moss,1.824,1,0.7,-1.3984
06-12-2016,Central,Office Supplies,Appliances,Arthur Wiediger,64.384,4,0.8,-160.96
06-12-2016,Central,Furniture,Furnishings,Arthur Wiediger,6.984,2,0.6,-4.5396
06-12-2016,Central,Office Supplies,Art,Arthur Wiediger,11.264,8,0.2,3.9424
06-12-2016,Central,Office Supplies,Paper,Arthur Wiediger,15.552,3,0.2,5.6376
06-12-2016,Central,Furniture,Chairs,Arthur Wiediger,379.372,2,0.3,-119.2312
06-12-2016,Central,Office Supplies,Storage,Arthur Wiediger,67.536,9,0.2,6.7536
06-12-2016,Central,Office Supplies,Binders,Arthur Wiediger,1.524,2,0.8,-2.667
12/29/2016,South,Office Supplies,Paper,Marc Harrigan,37.408,7,0.2,13.0928
12/29/2016,South,Office Supplies,Paper,Marc Harrigan,25.344,6,0.2,8.8704
3/18/2017,West,Office Supplies,Art,Scott Williamson,46.2,4,0,21.252
12/27/2015,South,Technology,Accessories,Sung Pak,4.728,3,0.2,0.7092
12/27/2015,South,Furniture,Furnishings,Sung Pak,53.352,3,0.2,16.0056
12/27/2015,South,Furniture,Bookcases,Sung Pak,131.104,2,0.2,8.194
12/27/2015,South,Office Supplies,Storage,Sung Pak,22.512,3,0.2,2.2512
12/27/2015,South,Technology,Accessories,Sung Pak,72.744,7,0.2,-12.7302
7/31/2015,Central,Office Supplies,Supplies,Steve Chapman,52.59,3,0,15.777
6/27/2017,West,Office Supplies,Paper,Pauline Webber,19.44,3,0,9.3312
6/27/2017,West,Furniture,Furnishings,Pauline Webber,126.3,3,0,40.416
6/27/2017,West,Technology,Accessories,Pauline Webber,1287.45,5,0,244.6155
02-07-2014,East,Office Supplies,Storage,Chris Selesnick,64.96,4,0,9.744
09-04-2016,Central,Office Supplies,Storage,Roy Phan,535.41,3,0,160.623
04-06-2017,South,Office Supplies,Binders,Charles Sheldon,8.1,5,0.7,-5.94
12-08-2017,East,Office Supplies,Art,Max Jones,13.248,4,0.2,3.6432
12-08-2017,East,Technology,Phones,Max Jones,83.988,2,0.4,-20.997
7/24/2016,South,Office Supplies,Art,James Galang,73.2,5,0,21.228
11-09-2015,Central,Office Supplies,Binders,Anthony Garverick,10.74,3,0,5.1552
10-02-2015,West,Furniture,Furnishings,Chloris Kastensmidt,11.032,1,0.2,3.0338
10-02-2015,West,Technology,Accessories,Chloris Kastensmidt,53.04,3,0.2,-4.641
11/22/2015,East,Office Supplies,Art,Harold Dahlen,17.12,4,0,4.9648
11/22/2015,East,Office Supplies,Paper,Harold Dahlen,59.94,3,0,28.1718
02-02-2017,West,Furniture,Furnishings,Bill Overfelt,210.58,2,0,12.6348
02-02-2017,West,Office Supplies,Binders,Bill Overfelt,30.96,2,0.2,10.062
02-02-2017,West,Technology,Machines,Bill Overfelt,239.984,2,0.2,38.9974
6/16/2015,East,Office Supplies,Binders,Lena Creighton,3050.376,3,0.2,1143.891
6/16/2015,East,Technology,Phones,Lena Creighton,133.98,2,0,33.495
05-05-2016,South,Office Supplies,Paper,Rick Bensley,93.248,4,0.2,31.4712
05-05-2016,South,Technology,Phones,Rick Bensley,177.48,3,0.2,19.9665
09-09-2017,East,Office Supplies,Labels,Joy Daniels,17.712,6,0.2,5.9778
09-09-2017,East,Office Supplies,Binders,Joy Daniels,4.86,3,0.7,-3.564
09-09-2017,East,Office Supplies,Binders,Joy Daniels,6.258,2,0.7,-5.215
7/22/2016,East,Office Supplies,Appliances,Maureen Fritzler,37.68,2,0,10.5504
7/22/2016,East,Office Supplies,Paper,Maureen Fritzler,51.84,8,0,24.8832
7/22/2016,East,Furniture,Furnishings,Maureen Fritzler,27.42,3,0,9.3228
7/22/2016,East,Office Supplies,Binders,Maureen Fritzler,5.4,3,0,2.592
1/31/2016,South,Office Supplies,Binders,Ben Ferrer,1270.99,1,0,635.495
1/31/2016,South,Office Supplies,Envelopes,Ben Ferrer,125.36,8,0,58.9192
12/29/2016,West,Office Supplies,Storage,Frank Olsen,14.03,1,0,4.0687
12/29/2016,West,Office Supplies,Supplies,Frank Olsen,27.96,2,0,7.2696
11/21/2015,Central,Office Supplies,Art,Brenda Bowman,5.344,2,0.2,0.7348
11/21/2015,Central,Office Supplies,Binders,Brenda Bowman,1.696,2,0.8,-2.544
11/21/2015,Central,Office Supplies,Appliances,Brenda Bowman,24.588,3,0.8,-67.617
11/21/2015,Central,Office Supplies,Binders,Brenda Bowman,7.98,5,0.8,-13.167
10-05-2015,East,Technology,Accessories,Ivan Liston,288,4,0.2,57.6
09-12-2016,West,Technology,Phones,Philisse Overcash,146.952,3,0.2,9.1845
09-12-2016,West,Furniture,Chairs,Philisse Overcash,83.136,4,0.2,5.196
9/14/2017,South,Office Supplies,Appliances,Dorothy Badders,942.784,4,0.2,94.2784
9/14/2017,South,Office Supplies,Paper,Dorothy Badders,74.352,3,0.2,23.235
2/23/2015,East,Office Supplies,Appliances,Lindsay Castell,26.88,6,0,6.72
2/23/2015,East,Office Supplies,Binders,Lindsay Castell,10.896,2,0.2,3.8136
12-05-2016,Central,Office Supplies,Art,Mike Pelletier,3.536,2,0.2,0.3094
07-02-2016,Central,Furniture,Chairs,Erin Ashbrook,528.43,5,0.3,0
07-02-2016,Central,Office Supplies,Paper,Erin Ashbrook,41.472,8,0.2,14.5152
12/13/2017,East,Furniture,Bookcases,Bart Pistole,287.976,3,0.2,7.1994
3/20/2015,West,Office Supplies,Storage,Bryan Mills,29.304,3,0.2,2.5641
03-01-2015,Central,Office Supplies,Art,Craig Molinari,55.328,2,0.2,6.2244
03-01-2015,Central,Furniture,Bookcases,Craig Molinari,1227.9984,6,0.32,-36.1176
9/15/2016,West,Office Supplies,Binders,Justin Deggeller,20.416,4,0.2,6.6352
9/15/2016,West,Furniture,Tables,Justin Deggeller,1128.39,3,0,259.5297
3/17/2017,South,Office Supplies,Labels,Ann Steele,4.608,2,0.2,1.6704
5/28/2017,West,Technology,Phones,Candace McMahon,195.96,5,0.2,19.596
5/28/2017,West,Office Supplies,Paper,Candace McMahon,15.552,3,0.2,5.4432
5/28/2017,West,Technology,Accessories,Candace McMahon,271.968,4,0.2,54.3936
6/15/2017,South,Furniture,Chairs,Joe Elijah,698.352,3,0.2,52.3764
6/15/2017,South,Furniture,Bookcases,Joe Elijah,77.728,2,0.2,-3.8864
09-06-2015,South,Office Supplies,Binders,Andy Gerbode,46.62,9,0,21.4452
3/18/2017,Central,Technology,Phones,Thomas Thornton,537.544,7,0.2,47.0351
12/19/2014,West,Office Supplies,Labels,Bart Pistole,14.62,2,0,6.8714
12/19/2014,West,Office Supplies,Fasteners,Bart Pistole,22.55,5,0,8.7945
12/19/2014,West,Technology,Phones,Bart Pistole,583.8,5,0.2,72.975
12/19/2014,West,Technology,Phones,Bart Pistole,211.168,4,0.2,15.8376
07-07-2016,West,Office Supplies,Paper,Max Jones,12.96,2,0,6.2208
07-07-2016,West,Office Supplies,Art,Max Jones,45.98,2,0,12.8744
04-06-2016,East,Technology,Phones,Valerie Mitchum,1294.75,5,0,336.635
05-08-2014,East,Technology,Copiers,Kean Thornton,1799.97,5,0.4,239.996
11/23/2017,Central,Office Supplies,Paper,Chris Selesnick,10.688,2,0.2,3.7408
11-10-2016,Central,Technology,Phones,Aaron Bergman,221.98,2,0,62.1544
11-10-2016,Central,Furniture,Bookcases,Aaron Bergman,341.96,2,0,54.7136
12/31/2014,East,Technology,Accessories,Aaron Hawkins,34.77,3,0,11.4741
12/31/2014,East,Office Supplies,Labels,Aaron Hawkins,18.9,3,0,8.694
8/19/2017,West,Office Supplies,Binders,Denny Ordway,102.72,3,0.2,37.236
09-12-2016,East,Furniture,Furnishings,Matt Collister,40.48,2,0,14.5728
10/26/2017,East,Office Supplies,Binders,Jamie Frazer,33.282,3,0.7,-27.735
10/26/2017,East,Technology,Phones,Jamie Frazer,118.65,5,0.4,19.775
10/26/2017,East,Office Supplies,Labels,Jamie Frazer,14.76,5,0.2,4.9815
5/30/2017,West,Office Supplies,Paper,Suzanne McNair,37.52,4,0,18.0096
03-08-2016,Central,Office Supplies,Appliances,Stephanie Phelps,207.144,3,0.1,48.3336
03-08-2016,Central,Office Supplies,Art,Stephanie Phelps,13.9,5,0,3.753
7/26/2015,West,Furniture,Chairs,Cyma Kinney,266.352,3,0.2,13.3176
11/23/2015,East,Technology,Phones,Pierre Wener,307.98,2,0,89.3142
11/23/2015,East,Office Supplies,Paper,Pierre Wener,44.1,6,0,20.727
11/23/2015,East,Office Supplies,Art,Pierre Wener,13.12,4,0,5.6416
11/23/2015,East,Office Supplies,Envelopes,Pierre Wener,16.56,2,0,7.7832
11/23/2015,East,Office Supplies,Paper,Pierre Wener,38.88,6,0,18.6624
11/28/2015,Central,Office Supplies,Paper,Evan Bailliet,335.52,4,0.2,117.432
11-03-2017,South,Technology,Copiers,Dave Kipp,959.984,2,0.2,311.9948
11-03-2017,South,Office Supplies,Binders,Dave Kipp,4.086,2,0.7,-2.9964
11-03-2017,South,Office Supplies,Art,Dave Kipp,55.984,2,0.2,4.1988
11-03-2017,South,Office Supplies,Paper,Dave Kipp,10.688,2,0.2,3.7408
3/21/2017,East,Office Supplies,Envelopes,Ted Butterfield,8.856,3,0.2,2.8782
12/19/2015,East,Office Supplies,Labels,Arthur Gainer,6.912,3,0.2,2.5056
04-02-2014,Central,Office Supplies,Paper,Sam Craven,26.72,5,0.2,9.352
04-02-2014,Central,Office Supplies,Paper,Sam Craven,33.488,7,0.2,10.465
06-05-2015,Central,Office Supplies,Paper,Brenda Bowman,10.56,2,0,4.752
10-06-2014,Central,Office Supplies,Storage,Victoria Pisteka,386.34,2,0,54.0876
8/21/2016,West,Office Supplies,Binders,Rachel Payne,33.44,10,0.2,11.704
11/15/2015,South,Furniture,Furnishings,Duane Huffman,39.96,2,0,14.3856
6/22/2015,East,Office Supplies,Binders,Shaun Weien,1217.568,2,0.2,456.588
9/24/2017,South,Office Supplies,Storage,Karen Ferguson,15.51,1,0,3.8775
9/24/2017,South,Technology,Phones,Karen Ferguson,89.9,2,0,25.172
9/24/2017,South,Office Supplies,Art,Karen Ferguson,14.28,4,0,3.7128
9/24/2017,South,Office Supplies,Art,Karen Ferguson,12.72,3,0,4.9608
9/24/2017,South,Office Supplies,Labels,Karen Ferguson,15.75,5,0,7.56
04-06-2014,West,Office Supplies,Art,Frank Hawley,70.95,3,0,18.447
04-06-2014,West,Office Supplies,Binders,Frank Hawley,65.568,2,0.2,23.7684
04-06-2014,West,Technology,Accessories,Frank Hawley,299.97,3,0,131.9868
02-09-2016,West,Technology,Accessories,Justin Ritter,89.97,3,0,39.5868
02-09-2016,West,Technology,Accessories,Justin Ritter,31.86,2,0,11.151
11/18/2014,Central,Office Supplies,Storage,Julie Creighton,67.15,5,0,16.7875
12/18/2017,East,Office Supplies,Binders,Beth Paige,7.236,3,0.7,-6.03
12/18/2017,East,Office Supplies,Fasteners,Beth Paige,4.824,3,0.2,1.7487
12/18/2017,East,Office Supplies,Paper,Beth Paige,91.36,5,0.2,29.692
12/18/2017,East,Office Supplies,Appliances,Beth Paige,130.112,2,0.2,13.0112
07-02-2015,South,Technology,Phones,Frank Atkinson,74.24,1,0.2,8.352
07-02-2015,South,Furniture,Furnishings,Frank Atkinson,159.84,10,0.2,45.954
07-02-2015,South,Office Supplies,Binders,Frank Atkinson,2.892,2,0.7,-2.3136
07-02-2015,South,Office Supplies,Paper,Frank Atkinson,9.392,2,0.2,3.2872
10-08-2014,East,Office Supplies,Paper,Duane Noonan,123.92,4,0,55.764
9/22/2015,East,Office Supplies,Supplies,Frank Olsen,55.6,5,0.2,6.255
9/22/2015,East,Technology,Accessories,Frank Olsen,617.976,3,0.2,-7.7247
12/24/2017,West,Office Supplies,Binders,Dave Poirier,21.312,3,0.2,7.992
10/13/2017,West,Technology,Accessories,Jane Waco,209.94,6,0,39.8886
10/13/2017,West,Technology,Phones,Jane Waco,31.984,2,0.2,-7.996
10/13/2017,West,Office Supplies,Binders,Jane Waco,5083.96,5,0.2,1906.485
8/20/2017,South,Technology,Phones,Tonja Turnell,35.96,1,0.2,3.596
09-11-2015,East,Office Supplies,Labels,Skye Norling,31.05,3,0,14.904
09-11-2015,East,Furniture,Furnishings,Skye Norling,8.92,4,0,3.9248
09-11-2015,East,Office Supplies,Binders,Skye Norling,209.6,4,0,96.416
09-11-2015,East,Office Supplies,Appliances,Skye Norling,111.04,4,0,29.9808
09-11-2015,East,Office Supplies,Paper,Skye Norling,38.88,6,0,18.6624
12/20/2015,South,Office Supplies,Appliances,John Murray,36.27,3,0,10.881
9/20/2014,Central,Furniture,Bookcases,Sarah Brown,493.43,5,0.3,-70.49
9/20/2014,Central,Technology,Phones,Sarah Brown,11.12,2,0.2,3.475
11-04-2016,West,Technology,Machines,Cindy Chapman,686.4,2,0.2,77.22
12-01-2017,West,Office Supplies,Binders,Sally Hughsby,15.92,5,0.2,5.373
12-01-2017,West,Furniture,Furnishings,Sally Hughsby,70.68,12,0,31.0992
12-01-2017,West,Office Supplies,Storage,Sally Hughsby,541.24,4,0,5.4124
10-10-2014,East,Technology,Machines,Richard Bierner,101.994,2,0.7,-71.3958
10-10-2014,East,Office Supplies,Binders,Richard Bierner,18.264,2,0.7,-13.3936
11/14/2017,Central,Office Supplies,Binders,Toby Carlisle,21.99,5,0.8,-32.985
8/13/2016,Central,Office Supplies,Supplies,Carol Triggs,185.376,2,0.2,-34.758
8/13/2016,Central,Office Supplies,Appliances,Carol Triggs,58.924,1,0.8,-153.2024
9/17/2017,East,Technology,Machines,Gary Zandusky,480,4,0,225.6
9/17/2017,East,Office Supplies,Storage,Gary Zandusky,34.05,3,0,9.534
3/23/2015,West,Office Supplies,Paper,Alice McCarthy,192.72,11,0,92.5056
3/23/2015,West,Technology,Accessories,Alice McCarthy,239.97,3,0,86.3892
6/30/2016,Central,Technology,Accessories,Adrian Hane,50.12,7,0.2,-0.6265
10/20/2017,South,Technology,Phones,Muhammed Yedwab,15.984,2,0.2,1.3986
10/20/2017,South,Office Supplies,Paper,Muhammed Yedwab,14.352,3,0.2,4.485
8/25/2014,East,Office Supplies,Binders,Brendan Sweed,6.528,4,0.7,-4.5696
8/25/2014,East,Office Supplies,Binders,Brendan Sweed,2.862,3,0.7,-2.2896
8/25/2014,East,Office Supplies,Binders,Brendan Sweed,20.856,8,0.7,-16.6848
7/27/2014,West,Office Supplies,Storage,Barry Blumstein,276.28,2,0,0
12-01-2017,West,Furniture,Furnishings,Max Ludwig,629.64,9,0,107.0388
10/17/2016,Central,Technology,Phones,Frank Carlisle,449.97,3,0,220.4853
10/17/2016,Central,Office Supplies,Appliances,Frank Carlisle,1927.59,7,0,751.7601
9/16/2016,South,Furniture,Chairs,Corey Roper,121.78,2,0,30.445
12-01-2015,West,Furniture,Chairs,Lindsay Castell,2676.672,9,0.2,267.6672
08-05-2014,Central,Furniture,Tables,Gary Zandusky,489.23,2,0.3,41.934
8/15/2016,West,Furniture,Furnishings,Bill Donatelli,312.03,3,0,43.6842
8/15/2016,West,Office Supplies,Storage,Bill Donatelli,17.94,3,0,3.0498
8/15/2016,West,Technology,Phones,Bill Donatelli,165.6,3,0.2,10.35
8/15/2016,West,Office Supplies,Paper,Bill Donatelli,37.52,4,0,18.0096
08-07-2015,South,Technology,Phones,Eudokia Martin,494.97,3,0,148.491
08-07-2015,South,Office Supplies,Labels,Eudokia Martin,25.06,2,0,11.7782
5/31/2016,Central,Furniture,Furnishings,Beth Paige,32.064,3,0.6,-12.8256
5/31/2016,Central,Office Supplies,Paper,Beth Paige,18.496,4,0.2,6.7048
5/31/2016,Central,Furniture,Chairs,Beth Paige,191.079,3,0.3,-38.2158
5/31/2016,Central,Office Supplies,Paper,Beth Paige,10.368,2,0.2,3.6288
07-01-2016,East,Office Supplies,Labels,Stephanie Ulpright,30.53,1,0,14.0438
07-01-2016,East,Technology,Accessories,Stephanie Ulpright,30.84,3,0,6.168
07-01-2016,East,Office Supplies,Paper,Stephanie Ulpright,75.06,9,0,33.777
12/18/2016,West,Technology,Phones,Andy Yotov,66.976,7,0.2,6.6976
1/26/2015,West,Office Supplies,Paper,Elizabeth Moffitt,182.72,8,0,84.0512
10/28/2017,East,Office Supplies,Labels,Sue Ann Reed,21.93,3,0,10.3071
11-04-2017,South,Technology,Accessories,Christina Anderson,95.976,3,0.2,15.5961
11-04-2017,South,Technology,Phones,Christina Anderson,143.928,9,0.2,-32.3838
11-04-2017,South,Office Supplies,Binders,Christina Anderson,3.564,2,0.7,-2.97
11-04-2017,South,Office Supplies,Labels,Christina Anderson,4.928,2,0.2,1.7248
05-09-2016,Central,Office Supplies,Storage,Cynthia Voltz,856.656,6,0.2,107.082
05-09-2016,Central,Office Supplies,Binders,Cynthia Voltz,13.184,4,0.8,-20.4352
05-09-2016,Central,Office Supplies,Appliances,Cynthia Voltz,48.784,4,0.8,-131.7168
05-09-2016,Central,Office Supplies,Paper,Cynthia Voltz,76.64,2,0.2,26.824
05-09-2016,Central,Office Supplies,Binders,Cynthia Voltz,18.528,6,0.8,-27.792
04-02-2014,South,Furniture,Furnishings,Anna Häberlin,177.68,2,0,46.1968
4/28/2014,East,Technology,Accessories,David Smith,159.98,2,0,57.5928
10-04-2016,South,Technology,Phones,Anna Häberlin,52.68,3,0.2,19.755
10-04-2016,South,Furniture,Furnishings,Anna Häberlin,11.568,3,0.2,2.6028
06-11-2017,South,Office Supplies,Binders,Zuschuss Carroll,4.572,4,0.7,-3.81
1/30/2016,Central,Technology,Phones,David Flashing,1439.968,4,0.2,143.9968
1/30/2016,Central,Office Supplies,Binders,David Flashing,1.728,3,0.8,-2.6784
1/30/2016,Central,Furniture,Tables,David Flashing,626.1,3,0.5,-538.446
9/27/2015,West,Office Supplies,Art,Saphhira Shifley,99.2,5,0,25.792
4/13/2015,Central,Furniture,Tables,Frank Preis,609.98,4,0.3,-113.282
4/13/2015,Central,Furniture,Tables,Frank Preis,211.372,2,0.3,-45.294
4/13/2015,Central,Technology,Phones,Frank Preis,239.976,3,0.2,17.9982
12/18/2017,Central,Furniture,Furnishings,Harold Engle,99.95,5,0,22.9885
12/18/2017,Central,Technology,Accessories,Harold Engle,29.34,3,0,10.8558
3/14/2016,Central,Furniture,Furnishings,Sibella Parks,16.74,2,0,4.3524
8/27/2017,East,Office Supplies,Paper,Ben Peterman,12.672,3,0.2,3.96
8/27/2017,East,Technology,Accessories,Ben Peterman,1119.888,14,0.2,209.979
12/17/2015,West,Office Supplies,Art,Paul Gonzalez,204.85,5,0,53.261
12/17/2015,West,Technology,Phones,Paul Gonzalez,135.984,2,0.2,16.998
12/17/2015,West,Office Supplies,Art,Paul Gonzalez,16.4,5,0,7.052
12/17/2015,West,Office Supplies,Binders,Paul Gonzalez,92.96,2,0.2,31.374
8/22/2014,South,Office Supplies,Supplies,Jeremy Pistek,7.632,3,0.2,-1.8126
11-03-2016,West,Office Supplies,Binders,Natalie Webber,4.158,7,0.7,-3.465
11-03-2016,West,Technology,Machines,Natalie Webber,179.991,3,0.7,-251.9874
10-10-2017,Central,Furniture,Chairs,Scot Wooten,239.358,3,0.3,-47.8716
12-07-2014,West,Office Supplies,Paper,Erica Hernandez,164.88,3,0,80.7912
11/15/2014,West,Office Supplies,Supplies,Scott Cohen,10.95,3,0,3.285
12/24/2017,East,Office Supplies,Paper,Nick Crebassa,19.44,3,0,9.3312
12/24/2017,East,Office Supplies,Binders,Nick Crebassa,12.3,5,0,6.15
12/24/2014,West,Office Supplies,Appliances,Adam Shillingsburg,13.97,1,0,3.6322
12/22/2017,South,Furniture,Tables,Jack Lebron,934.956,6,0.4,-249.3216
12/22/2017,South,Technology,Accessories,Jack Lebron,46.864,2,0.2,7.6154
12/22/2017,South,Office Supplies,Storage,Jack Lebron,26.16,3,0.2,1.962
12/22/2017,South,Office Supplies,Art,Jack Lebron,23.128,7,0.2,2.891
12/22/2017,South,Office Supplies,Appliances,Jack Lebron,59.24,5,0.2,16.291
08-08-2014,South,Furniture,Bookcases,Vivek Gonzalez,155.456,4,0.2,-7.7728
9/20/2014,West,Office Supplies,Paper,Henry Goldwyn,8.56,2,0,3.852
12/25/2017,South,Furniture,Furnishings,Jennifer Halladay,21,3,0.2,5.775
12/25/2017,South,Technology,Machines,Jennifer Halladay,120,2,0.5,-7.2
11/25/2017,Central,Technology,Phones,Rose O'Brian,299.96,5,0.2,37.495
11/25/2017,Central,Office Supplies,Appliances,Rose O'Brian,67.84,5,0.8,-179.776
11/25/2017,Central,Furniture,Chairs,Rose O'Brian,853.93,5,0.3,-24.398
11/25/2017,Central,Office Supplies,Art,Rose O'Brian,18.688,4,0.2,3.7376
11-05-2016,South,Furniture,Furnishings,Liz Willingham,273.96,2,0,71.2296
11-05-2016,South,Technology,Accessories,Liz Willingham,89.97,3,0,18.8937
11-05-2016,South,Furniture,Furnishings,Liz Willingham,756.8,5,0,75.68
11-06-2017,Central,Office Supplies,Binders,Christopher Conant,1.248,2,0.8,-1.9344
11-03-2016,East,Technology,Accessories,Julie Prescott,72,1,0.2,14.4
11-03-2016,East,Furniture,Chairs,Julie Prescott,470.155,7,0.3,-13.433
12/30/2014,South,Office Supplies,Storage,Dorothy Dickinson,39.128,1,0.2,-8.8038
12-02-2017,East,Office Supplies,Art,Erin Smith,19.728,9,0.2,1.7262
12-02-2017,East,Technology,Phones,Erin Smith,151.188,2,0.4,-25.198
3/24/2017,East,Furniture,Chairs,Mark Van Huff,271.764,2,0.1,60.392
11/19/2014,East,Technology,Accessories,Ruben Dartt,47.496,1,0.2,-1.1874
4/25/2017,West,Furniture,Bookcases,Rob Lucas,344.981,7,0.15,28.4102
11/23/2017,Central,Office Supplies,Paper,Jennifer Patt,36.288,7,0.2,12.7008
11/23/2017,Central,Office Supplies,Paper,Jennifer Patt,78.304,2,0.2,29.364
11/23/2017,Central,Furniture,Tables,Jennifer Patt,127.785,1,0.3,-31.0335
11/23/2017,Central,Office Supplies,Binders,Jennifer Patt,6.104,2,0.8,-9.156
11-03-2014,East,Office Supplies,Binders,Denise Monton,5.76,2,0,2.8224
10/19/2015,Central,Office Supplies,Binders,Cari Schnelling,1.72,1,0.8,-2.838
02-06-2014,Central,Office Supplies,Binders,Delfina Latchford,8.952,2,0.8,-14.7708
03-06-2016,Central,Office Supplies,Appliances,Lena Cacioppo,2.334,3,0.8,-6.3018
03-06-2016,Central,Office Supplies,Binders,Lena Cacioppo,1.728,4,0.8,-2.7648
03-06-2016,Central,Furniture,Furnishings,Lena Cacioppo,159.04,5,0.6,-194.824
03-06-2016,Central,Furniture,Tables,Lena Cacioppo,145.98,2,0.5,-99.2664
12-03-2015,South,Furniture,Furnishings,Jack Garza,77.952,3,0.2,12.6672
12-03-2015,South,Office Supplies,Binders,Jack Garza,95.97,5,0.7,-73.577
12-03-2015,South,Technology,Phones,Jack Garza,105.584,2,0.2,9.2386
12-03-2015,South,Office Supplies,Art,Jack Garza,9.344,2,0.2,1.168
12/24/2015,Central,Furniture,Furnishings,Harry Marie,9.68,2,0,3.7752
12/24/2015,Central,Technology,Copiers,Harry Marie,4899.93,7,0,2302.9671
10-01-2017,West,Technology,Accessories,Tanja Norvell,104.75,5,0,21.9975
10/16/2017,South,Technology,Accessories,Victoria Pisteka,18.528,2,0.2,4.4004
10/16/2017,South,Furniture,Tables,Victoria Pisteka,1875.258,7,0.4,-968.8833
8/15/2014,South,Office Supplies,Paper,Christine Sundaresam,91.36,5,0.2,29.692
8/15/2014,South,Office Supplies,Appliances,Christine Sundaresam,152.24,5,0.2,17.127
11-11-2017,Central,Technology,Phones,Patrick Gardner,35.184,2,0.2,12.3144
3/20/2017,Central,Office Supplies,Paper,Harry Greene,56.704,2,0.2,19.1376
3/20/2017,Central,Office Supplies,Paper,Harry Greene,274.064,7,0.2,102.774
5/13/2017,East,Furniture,Chairs,Mick Hernandez,458.43,5,0.3,-124.431
6/22/2014,West,Office Supplies,Binders,Toby Braunhardt,8.226,3,0.7,-6.0324
12-02-2014,South,Technology,Accessories,Elizabeth Moffitt,5.95,1,0,0.833
12-02-2014,South,Office Supplies,Paper,Elizabeth Moffitt,15.24,3,0,7.1628
04-05-2015,West,Technology,Accessories,Jennifer Ferguson,239.94,6,0,26.3934
04-05-2015,West,Office Supplies,Art,Jennifer Ferguson,23.84,8,0,6.4368
11/18/2017,Central,Office Supplies,Storage,Nona Balk,92.52,6,0,24.9804
11/18/2017,Central,Office Supplies,Storage,Nona Balk,37.76,1,0,10.5728
11/18/2017,Central,Office Supplies,Labels,Nona Balk,7.38,2,0,3.4686
11/18/2017,Central,Furniture,Furnishings,Nona Balk,5.82,2,0,2.7354
07-12-2017,East,Office Supplies,Paper,Cari Schnelling,3.816,1,0.2,1.1925
5/19/2017,South,Office Supplies,Binders,Neil Ducich,26.16,4,0,12.8184
12/20/2015,Central,Technology,Accessories,Emily Ducich,100.8,2,0.2,21.42
2/21/2016,East,Furniture,Furnishings,Erin Ashbrook,135.8,7,0,66.542
3/18/2017,West,Office Supplies,Art,Barry Pond,13.9,5,0,3.753
3/18/2017,West,Office Supplies,Envelopes,Barry Pond,19.4,5,0,9.312
12/17/2016,West,Office Supplies,Binders,Noel Staavos,13.488,2,0.2,4.3836
12/17/2016,West,Office Supplies,Binders,Noel Staavos,11.416,1,0.2,3.8529
3/26/2016,West,Office Supplies,Paper,Mark Van Huff,17.64,3,0,8.6436
3/26/2016,West,Office Supplies,Binders,Mark Van Huff,17.04,3,0.2,5.538
12/16/2014,South,Technology,Accessories,Laurel Elliston,99.98,2,0,7.9984
12/16/2014,South,Furniture,Furnishings,Laurel Elliston,29.46,6,0,9.7218
11/15/2015,East,Office Supplies,Binders,Victoria Pisteka,166.92,13,0.7,-116.844
8/22/2016,West,Furniture,Furnishings,Tony Chapman,98.328,3,0.2,9.8328
6/29/2015,East,Furniture,Chairs,Sheri Gordon,117.882,1,0.1,1.3098
6/26/2016,East,Technology,Accessories,Victoria Pisteka,20.97,3,0,9.0171
6/26/2016,East,Technology,Accessories,Victoria Pisteka,139.96,4,0,9.7972
6/26/2016,East,Furniture,Furnishings,Victoria Pisteka,37.74,3,0,12.8316
9/17/2016,East,Furniture,Furnishings,Patrick O'Donnell,14.82,3,0,6.2244
9/17/2016,East,Furniture,Furnishings,Patrick O'Donnell,191.82,3,0,61.3824
7/18/2014,East,Office Supplies,Binders,Jack Lebron,13.904,2,0.2,4.5188
09-01-2017,West,Office Supplies,Appliances,Rick Wilson,314.6,4,0,103.818
09-01-2017,West,Furniture,Tables,Rick Wilson,283.56,4,0,45.3696
6/22/2017,Central,Furniture,Chairs,Rick Bensley,487.96,2,0,146.388
09-02-2014,South,Office Supplies,Binders,Sanjit Chand,1793.98,2,0,843.1706
10-01-2015,Central,Office Supplies,Binders,Eric Murdock,2.992,4,0.8,-4.488
10-01-2015,Central,Technology,Accessories,Eric Murdock,108.768,4,0.2,2.7192
04-07-2015,East,Office Supplies,Paper,Resi Pölking,25.92,4,0,12.4416
04-07-2015,East,Office Supplies,Storage,Resi Pölking,22.58,2,0,5.8708
11/21/2017,Central,Technology,Phones,Henia Zydlo,55.176,3,0.2,-12.4146
12/17/2016,Central,Office Supplies,Binders,Adrian Barton,9892.74,13,0,4946.37
9/19/2014,West,Furniture,Tables,Neil Ducich,73.915,1,0.5,-45.8273
9/28/2014,South,Furniture,Furnishings,Xylona Preis,337.088,4,0.2,16.8544
9/22/2015,West,Office Supplies,Appliances,Muhammed MacIntyre,61.44,3,0,16.5888
11-07-2016,West,Technology,Accessories,Marina Lichtenstein,479.97,3,0,163.1898
12/16/2017,West,Office Supplies,Binders,Kalyca Meade,5.984,2,0.2,2.244
12/16/2017,West,Technology,Accessories,Kalyca Meade,189.95,5,0,45.588
12/16/2017,West,Technology,Accessories,Kalyca Meade,149.95,5,0,31.4895
12/16/2017,West,Office Supplies,Art,Kalyca Meade,29.95,5,0,8.6855
12/16/2017,West,Office Supplies,Labels,Kalyca Meade,44.4,3,0,22.2
9/21/2014,East,Office Supplies,Art,Sara Luxemburg,66.03,3,0,17.1678
5/18/2015,West,Office Supplies,Paper,Anthony Jacobs,10.86,2,0,5.3214
3/26/2014,West,Office Supplies,Art,Damala Kotsonis,3.36,2,0,0.84
3/26/2014,West,Office Supplies,Binders,Damala Kotsonis,27.936,4,0.2,9.4284
3/26/2014,West,Technology,Phones,Damala Kotsonis,28.784,2,0.2,2.8784
9/22/2017,West,Office Supplies,Supplies,Berenike Kampe,21.96,2,0,6.1488
09-12-2015,West,Technology,Accessories,Craig Carreira,21.98,2,0,8.5722
11-02-2015,East,Furniture,Chairs,Emily Ducich,2621.322,11,0.1,553.3902
10/20/2015,West,Furniture,Furnishings,Stewart Visinsky,74.76,7,0,23.9232
10/20/2015,West,Furniture,Tables,Stewart Visinsky,364.776,3,0.2,27.3582
6/14/2016,West,Furniture,Tables,Anthony Rawles,1115.17,7,0,334.551
11/20/2015,West,Office Supplies,Binders,Chris Selesnick,89.696,4,0.2,33.636
11/20/2015,West,Office Supplies,Labels,Chris Selesnick,50.12,4,0,23.5564
2/28/2016,East,Office Supplies,Fasteners,Rick Reed,36.48,6,0,18.24
10/14/2014,Central,Office Supplies,Paper,Bradley Drucker,322.192,13,0.2,100.685
10/14/2014,Central,Office Supplies,Binders,Bradley Drucker,2.946,3,0.8,-4.8609
10/14/2014,Central,Office Supplies,Paper,Bradley Drucker,19.136,4,0.2,6.9368
5/26/2017,South,Technology,Accessories,Bryan Mills,23.08,2,0,6.924
02-04-2016,East,Technology,Phones,Maribeth Schnelling,90.48,2,0,23.5248
09-02-2016,West,Furniture,Chairs,Becky Martin,215.976,3,0.2,-2.6997
09-02-2016,West,Office Supplies,Envelopes,Becky Martin,65.94,3,0,30.9918
12-04-2017,East,Furniture,Furnishings,Katrina Edelman,11.352,3,0.2,2.6961
06-12-2015,Central,Office Supplies,Storage,Sam Zeldin,24.56,2,0,6.8768
09-04-2016,Central,Office Supplies,Envelopes,Mick Brown,16.56,2,0,7.7832
09-04-2016,Central,Technology,Accessories,Mick Brown,279.95,5,0,67.188
4/21/2014,South,Office Supplies,Storage,Dorothy Badders,828.84,6,0,0
11-05-2015,East,Office Supplies,Binders,Christy Brittain,7.218,3,0.7,-5.5338
11-05-2015,East,Office Supplies,Supplies,Christy Brittain,27.2,4,0.2,2.04
11-03-2014,Central,Technology,Accessories,Stephanie Phelps,89.97,3,0,18.8937
2/16/2016,South,Furniture,Furnishings,Giulietta Weimer,318.08,4,0,34.9888
2/16/2016,South,Office Supplies,Binders,Giulietta Weimer,5.8,1,0,2.61
09-11-2017,West,Technology,Phones,Ken Heidel,143.952,6,0.2,17.994
09-11-2017,West,Office Supplies,Paper,Ken Heidel,19.44,3,0,9.3312
11-02-2017,South,Office Supplies,Art,Barry Gonzalez,5.56,2,0,1.4456
02-06-2015,South,Office Supplies,Storage,Lori Olson,146.73,3,0,2.9346
02-06-2015,South,Office Supplies,Paper,Lori Olson,29.9,5,0,13.455
09-10-2016,West,Office Supplies,Binders,Dianna Vittorini,276.784,2,0.2,89.9548
9/26/2016,Central,Office Supplies,Appliances,Lisa Ryan,93.032,2,0.8,-251.1864
9/26/2016,Central,Furniture,Chairs,Lisa Ryan,454.965,5,0.3,-136.4895
12/15/2015,South,Technology,Phones,Rick Reed,246.168,3,0.2,21.5397
9/17/2016,East,Office Supplies,Storage,Troy Staebel,295.4,5,0.2,-62.7725
10/13/2017,South,Office Supplies,Storage,Alan Hwang,348.56,8,0,104.568
6/28/2015,East,Office Supplies,Paper,Dorothy Wardle,15.552,3,0.2,5.4432
6/28/2015,East,Furniture,Bookcases,Dorothy Wardle,482.94,6,0.5,-376.6932
06-01-2015,Central,Technology,Phones,Ashley Jarboe,299.98,2,0,83.9944
06-01-2015,Central,Office Supplies,Binders,Ashley Jarboe,403.68,6,0,181.656
06-01-2015,Central,Technology,Phones,Ashley Jarboe,41.9,2,0,11.732
06-01-2015,Central,Office Supplies,Labels,Ashley Jarboe,28.91,7,0,13.2986
04-12-2014,Central,Office Supplies,Paper,Stewart Visinsky,32.4,5,0,15.552
10-12-2017,Central,Technology,Phones,Matthew Grinstein,369.544,7,0.2,27.7158
10-12-2017,Central,Office Supplies,Paper,Matthew Grinstein,10.368,2,0.2,3.7584
10-12-2017,Central,Technology,Accessories,Matthew Grinstein,791.88,3,0.2,128.6805
11-07-2015,Central,Office Supplies,Art,Adrian Barton,23.64,3,0.2,5.319
11-07-2015,Central,Office Supplies,Storage,Adrian Barton,84.784,2,0.2,-16.9568
11-07-2015,Central,Furniture,Furnishings,Adrian Barton,64.96,5,0.6,-84.448
11-07-2015,Central,Office Supplies,Binders,Adrian Barton,32.06,10,0.8,-51.296
11-07-2015,Central,Office Supplies,Storage,Adrian Barton,177.648,2,0.2,-28.8678
11-07-2015,Central,Technology,Machines,Adrian Barton,287.91,3,0.4,33.5895
5/25/2015,Central,Office Supplies,Supplies,Muhammed MacIntyre,22.368,2,0.2,1.6776
5/25/2015,Central,Office Supplies,Paper,Muhammed MacIntyre,32.368,7,0.2,11.7334
5/25/2015,Central,Technology,Accessories,Muhammed MacIntyre,207.984,2,0.2,36.3972
10/13/2014,South,Office Supplies,Envelopes,Michelle Arnett,36.4,5,0,17.472
10/13/2014,South,Technology,Accessories,Michelle Arnett,22.96,2,0,4.3624
10/13/2014,South,Office Supplies,Storage,Michelle Arnett,315.2,4,0,6.304
10/13/2014,South,Office Supplies,Binders,Michelle Arnett,15.18,3,0,7.1346
02-07-2016,West,Technology,Phones,Erica Bern,623.96,5,0.2,38.9975
1/19/2017,East,Technology,Phones,Neola Schneider,429.6,2,0.4,-93.08
1/19/2017,East,Furniture,Furnishings,Neola Schneider,31.968,2,0.2,6.3936
1/19/2017,East,Furniture,Chairs,Neola Schneider,887.271,3,0.3,-63.3765
1/19/2017,East,Office Supplies,Paper,Neola Schneider,21.696,4,0.2,7.0512
06-06-2016,West,Office Supplies,Labels,Ross Baird,22.05,7,0,10.584
06-06-2016,West,Office Supplies,Paper,Ross Baird,99.9,5,0,46.953
3/18/2017,West,Office Supplies,Appliances,Jason Klamczynski,90.86,7,0,26.3494
11/24/2017,West,Office Supplies,Paper,Patrick Ryan,7.78,1,0,3.501
11/26/2016,East,Office Supplies,Binders,Eric Hoffmann,78.759,9,0.7,-57.7566
8/18/2016,Central,Furniture,Furnishings,Matt Abelman,9.552,3,0.6,-3.8208
8/18/2016,Central,Furniture,Furnishings,Matt Abelman,5.344,4,0.6,-2.1376
11/28/2015,West,Office Supplies,Art,Michelle Arnett,8.28,2,0,3.4776
5/25/2017,Central,Office Supplies,Storage,Jeremy Lonsdale,50.136,3,0.2,-11.2806
09-04-2017,West,Office Supplies,Binders,Aaron Smayling,88.074,7,0.7,-58.716
3/24/2016,East,Furniture,Bookcases,Dan Campbell,301.47,3,0.5,-241.176
3/24/2016,East,Office Supplies,Art,Dan Campbell,18.656,2,0.2,1.6324
5/28/2017,East,Furniture,Furnishings,Michael Dominguez,27.46,2,0,9.8856
5/28/2017,East,Office Supplies,Appliances,Michael Dominguez,125.13,3,0,36.2877
8/31/2015,West,Technology,Phones,Rick Huthwaite,555.96,5,0.2,41.697
04-12-2016,South,Office Supplies,Storage,Thomas Boland,129.552,3,0.2,-22.6716
04-12-2016,South,Office Supplies,Storage,Thomas Boland,51.984,1,0.2,-5.1984
04-12-2016,South,Office Supplies,Paper,Thomas Boland,10.272,3,0.2,3.4668
02-02-2014,South,Office Supplies,Binders,Eric Barreto,18.336,2,0.7,-12.224
02-02-2014,South,Technology,Phones,Eric Barreto,180.96,5,0.2,13.572
09-02-2014,Central,Technology,Accessories,Bryan Mills,475.944,7,0.2,95.1888
9/30/2017,West,Technology,Accessories,Bradley Talbott,159.98,2,0,47.994
09-05-2016,East,Technology,Phones,Fred Wasserman,43.6,4,0,12.208
5/20/2017,West,Office Supplies,Binders,Rick Duston,8.288,2,0.2,3.0044
5/20/2017,West,Technology,Phones,Rick Duston,1123.128,9,0.2,70.1955
5/20/2017,West,Office Supplies,Appliances,Rick Duston,64.9,5,0,18.821
9/20/2015,Central,Office Supplies,Binders,Theone Pippenger,2.808,3,0.8,-4.4928
1/23/2016,East,Technology,Accessories,Claudia Bergmann,99.98,2,0,42.9914
1/23/2016,East,Office Supplies,Art,Claudia Bergmann,8.04,6,0,2.7336
1/23/2016,East,Office Supplies,Storage,Claudia Bergmann,1564.29,13,0,406.7154
06-01-2014,Central,Office Supplies,Binders,Quincy Jones,138.56,4,0,66.5088
06-01-2014,Central,Office Supplies,Appliances,Quincy Jones,65.52,5,0.1,12.376
9/24/2015,West,Office Supplies,Art,Kunst Miller,14.576,2,0.2,2.3686
9/24/2015,West,Technology,Accessories,Kunst Miller,23.2,2,0.2,1.45
9/24/2015,West,Office Supplies,Art,Kunst Miller,16.464,7,0.2,1.8522
08-01-2016,East,Furniture,Furnishings,Khloe Miller,19.312,2,0.2,3.1382
1/23/2014,West,Office Supplies,Paper,Ionia McGrath,40.08,6,0,19.2384
08-04-2014,East,Office Supplies,Appliances,Marina Lichtenstein,101.96,2,0,27.5292
08-04-2014,East,Office Supplies,Paper,Marina Lichtenstein,259.74,13,0,124.6752
08-04-2014,East,Technology,Accessories,Marina Lichtenstein,255.42,9,0,104.7222
08-09-2016,South,Office Supplies,Binders,Gary Hansen,4.338,3,0.7,-3.0366
08-09-2016,South,Office Supplies,Binders,Gary Hansen,11.88,5,0.7,-7.92
12-08-2016,Central,Furniture,Bookcases,Arthur Gainer,405.86,7,0,32.4688
12-08-2016,Central,Furniture,Chairs,Arthur Gainer,680.01,3,0,176.8026
06-08-2015,Central,Technology,Accessories,Maureen Gnade,2.376,3,0.2,0.7425
06-08-2015,Central,Office Supplies,Appliances,Maureen Gnade,143.128,2,0.8,-393.602
6/24/2016,West,Technology,Machines,Max Jones,4476.8,4,0.2,503.64
6/24/2016,West,Office Supplies,Paper,Max Jones,104.85,1,0,50.328
6/24/2016,West,Office Supplies,Appliances,Max Jones,241.44,3,0,72.432
3/15/2016,South,Office Supplies,Paper,Sanjit Jacobs,319.76,14,0,147.0896
3/15/2016,South,Office Supplies,Paper,Sanjit Jacobs,45.68,2,0,21.0128
12-01-2016,West,Furniture,Furnishings,Laurel Beltran,31.96,2,0,1.598
12-01-2016,West,Office Supplies,Paper,Laurel Beltran,47.9,1,0,22.992
12-01-2016,West,Office Supplies,Storage,Laurel Beltran,1112.94,3,0,222.588
12-01-2016,West,Office Supplies,Envelopes,Laurel Beltran,22.92,3,0,11.2308
06-12-2017,West,Technology,Phones,Sarah Brown,71.976,3,0.2,8.997
06-12-2017,West,Office Supplies,Paper,Sarah Brown,19.44,3,0,9.3312
3/19/2016,South,Office Supplies,Binders,Corey Catlett,31.086,3,0.7,-20.724
11/14/2016,East,Technology,Phones,Darren Powers,13.98,2,0,3.9144
11/14/2016,East,Office Supplies,Art,Darren Powers,23.65,1,0,6.149
08-07-2017,West,Technology,Phones,Jeremy Lonsdale,707.88,3,0.2,44.2425
08-07-2017,West,Office Supplies,Binders,Jeremy Lonsdale,11.952,3,0.2,4.1832
08-07-2017,West,Office Supplies,Binders,Jeremy Lonsdale,31.128,3,0.2,11.673
08-07-2017,West,Technology,Accessories,Jeremy Lonsdale,55.76,4,0,7.8064
08-07-2017,West,Office Supplies,Paper,Jeremy Lonsdale,24.56,2,0,11.5432
08-07-2017,West,Furniture,Furnishings,Jeremy Lonsdale,51.75,1,0,15.525
08-07-2017,West,Furniture,Chairs,Jeremy Lonsdale,207.184,1,0.2,25.898
08-07-2017,West,Office Supplies,Appliances,Jeremy Lonsdale,1473.1,5,0,412.468
8/21/2015,East,Office Supplies,Supplies,Sean Miller,3.488,2,0.2,-0.6976
8/21/2015,East,Technology,Accessories,Sean Miller,21.728,4,0.2,3.8024
8/21/2015,East,Office Supplies,Storage,Sean Miller,663.072,6,0.2,-165.768
8/21/2015,East,Office Supplies,Binders,Sean Miller,99.588,2,0.7,-82.99
8/21/2015,East,Office Supplies,Paper,Sean Miller,49.568,2,0.2,15.49
11-02-2015,Central,Office Supplies,Binders,Barry Blumstein,29.372,7,0.8,-46.9952
11-02-2015,Central,Technology,Phones,Barry Blumstein,344.704,2,0.2,38.7792
11/30/2014,West,Office Supplies,Supplies,Philip Brown,47.992,7,0.2,3.5994
11/30/2014,West,Technology,Accessories,Philip Brown,102.24,4,0.2,-16.614
05-10-2014,West,Office Supplies,Paper,Greg Matthias,39.96,2,0,19.1808
05-10-2014,West,Technology,Phones,Greg Matthias,1432,5,0.2,125.3
05-10-2014,West,Office Supplies,Supplies,Greg Matthias,41.04,6,0,11.0808
05-10-2014,West,Furniture,Chairs,Greg Matthias,256.784,1,0.2,32.098
10/17/2016,East,Furniture,Bookcases,Nick Radford,120.98,1,0,12.098
10/17/2016,East,Office Supplies,Binders,Nick Radford,315.98,1,0,148.5106
10/30/2016,East,Office Supplies,Binders,Edward Hooks,28.752,3,0.2,10.0632
10/30/2016,East,Office Supplies,Art,Edward Hooks,114.95,5,0,32.186
12-01-2016,West,Office Supplies,Art,Fred Hopkins,23.04,8,0,6.912
4/21/2016,East,Office Supplies,Art,Brian Thompson,15.48,3,0,4.4892
4/21/2016,East,Office Supplies,Paper,Brian Thompson,51.84,8,0,24.8832
08-03-2017,Central,Technology,Accessories,Adrian Barton,39.816,3,0.2,7.4655
08-03-2017,West,Office Supplies,Storage,Scot Coram,16.06,1,0,4.1756
12-11-2017,Central,Office Supplies,Envelopes,Roy Skaria,7.28,1,0,3.4944
12-11-2017,Central,Office Supplies,Binders,Roy Skaria,5.4,3,0,2.592
3/14/2015,West,Office Supplies,Paper,Arianne Irving,19.44,3,0,9.3312
12-08-2014,West,Furniture,Furnishings,Denny Joy,39.88,2,0,11.1664
12-08-2014,West,Furniture,Furnishings,Denny Joy,79.44,3,0,28.5984
9/30/2017,East,Office Supplies,Labels,Barbara Fisher,20.664,7,0.2,6.9741
11/21/2016,West,Office Supplies,Paper,Tiffany House,32.4,5,0,15.552
11/24/2017,Central,Office Supplies,Appliances,Jason Gross,13.762,1,0.8,-24.7716
11/14/2017,Central,Office Supplies,Envelopes,Arthur Wiediger,15.28,2,0,7.4872
8/16/2015,East,Office Supplies,Storage,Joni Wasserman,44.688,7,0.2,3.3516
8/16/2015,East,Furniture,Bookcases,Joni Wasserman,301.47,3,0.5,-204.9996
10/13/2017,South,Office Supplies,Labels,Michelle Huthwaite,11.07,3,0,5.2029
10/13/2017,South,Furniture,Tables,Michelle Huthwaite,1504.52,4,0,346.0396
10/13/2017,South,Office Supplies,Paper,Michelle Huthwaite,25.92,4,0,12.4416
11-04-2017,Central,Office Supplies,Binders,Frank Merwin,7.536,6,0.8,-13.188
11-04-2017,Central,Office Supplies,Binders,Frank Merwin,1.408,2,0.8,-2.3232
11-04-2017,Central,Office Supplies,Binders,Frank Merwin,4.144,4,0.8,-6.4232
11-04-2017,Central,Office Supplies,Storage,Frank Merwin,52.752,3,0.2,-12.5286
3/19/2017,West,Office Supplies,Appliances,George Zrebassa,381.36,7,0,106.7808
11-03-2014,West,Office Supplies,Art,Tracy Collins,6.72,4,0,3.36
7/23/2017,West,Office Supplies,Binders,Tracy Blumstein,15.192,3,0.2,5.5071
7/23/2017,West,Office Supplies,Paper,Tracy Blumstein,58.32,9,0,27.9936
12/27/2014,West,Office Supplies,Binders,Resi Pölking,946.764,6,0.7,-694.2936
09-02-2016,West,Furniture,Furnishings,Lena Radford,94.68,9,0,31.2444
09-02-2016,West,Office Supplies,Storage,Lena Radford,23.67,3,0,0.9468
09-02-2016,West,Technology,Phones,Lena Radford,1091.168,4,0.2,68.198
09-02-2016,West,Office Supplies,Art,Lena Radford,18.69,7,0,5.2332
09-02-2016,West,Furniture,Tables,Lena Radford,568.728,3,0.2,28.4364
09-02-2016,West,Office Supplies,Binders,Lena Radford,7.312,1,0.2,2.5592
02-11-2017,East,Furniture,Furnishings,Magdelene Morse,147.568,2,0.2,-3.6892
10/27/2017,South,Office Supplies,Paper,Nona Balk,56.784,7,0.2,20.5842
10/27/2017,South,Office Supplies,Binders,Nona Balk,5.607,3,0.7,-3.9249
10/27/2017,South,Office Supplies,Art,Nona Balk,6.576,3,0.2,0.5754
07-09-2014,West,Office Supplies,Binders,Darrin Sayre,14.304,6,0.2,4.6488
07-09-2014,West,Furniture,Bookcases,Darrin Sayre,119.833,1,0.15,7.049
07-09-2014,West,Office Supplies,Art,Darrin Sayre,5.56,2,0,2.224
07-09-2014,West,Office Supplies,Paper,Darrin Sayre,32.4,5,0,15.552
5/22/2017,West,Office Supplies,Art,Vicky Freymann,9.84,3,0,2.8536
5/22/2017,West,Office Supplies,Art,Vicky Freymann,2.78,1,0,0.7228
11-10-2016,East,Office Supplies,Binders,Scott Williamson,3.64,1,0.2,1.365
11-10-2016,East,Technology,Phones,Scott Williamson,881.93,7,0,220.4825
12-02-2016,Central,Office Supplies,Binders,Pauline Webber,115.84,8,0,54.4448
03-02-2017,West,Office Supplies,Binders,Ken Dana,107.648,2,0.2,33.64
9/23/2017,South,Technology,Accessories,Doug O'Connell,199.95,5,0,63.984
9/23/2017,South,Office Supplies,Paper,Doug O'Connell,12.96,2,0,6.2208
02-11-2014,Central,Furniture,Chairs,Guy Armstrong,60.89,1,0,15.2225
02-11-2014,Central,Office Supplies,Labels,Guy Armstrong,14.94,3,0,6.8724
02-11-2014,Central,Office Supplies,Binders,Guy Armstrong,9.64,2,0,4.4344
02-11-2014,Central,Furniture,Furnishings,Guy Armstrong,332.94,3,0,53.2704
02-11-2014,Central,Office Supplies,Binders,Guy Armstrong,51.9,3,0,24.393
02-11-2014,Central,Office Supplies,Storage,Guy Armstrong,64.96,2,0,2.5984
11-11-2017,Central,Office Supplies,Supplies,Jeremy Lonsdale,25.5,3,0,6.63
09-02-2017,West,Furniture,Chairs,Stephanie Ulpright,215.976,3,0.2,-2.6997
10-09-2015,Central,Furniture,Chairs,Fred McMath,389.97,3,0,35.0973
10-09-2015,Central,Office Supplies,Appliances,Fred McMath,269.91,5,0.1,53.982
11/24/2017,South,Office Supplies,Binders,Maribeth Yedwab,11.673,3,0.7,-7.782
11/24/2017,South,Office Supplies,Envelopes,Maribeth Yedwab,64.848,7,0.2,24.318
02-08-2014,West,Furniture,Furnishings,Nathan Mautz,14.56,2,0,5.5328
9/25/2015,East,Furniture,Chairs,Carlos Soltero,102.582,1,0.1,6.8388
9/25/2015,East,Office Supplies,Paper,Carlos Soltero,20.04,3,0,9.6192
8/21/2017,East,Office Supplies,Binders,Pete Kriz,32.088,7,0.2,11.2308
8/21/2017,East,Office Supplies,Binders,Pete Kriz,4305.552,6,0.2,1453.1238
05-12-2016,East,Furniture,Furnishings,Harry Marie,10.02,3,0,4.4088
05-12-2016,East,Technology,Phones,Harry Marie,631.96,4,0,303.3408
09-02-2017,South,Office Supplies,Binders,Alan Hwang,1577.94,3,0,757.4112
10-10-2014,West,Office Supplies,Art,Fred Chung,255.85,7,0,112.574
5/26/2016,South,Office Supplies,Storage,Cathy Prescott,184.704,6,0.2,13.8528
5/26/2016,South,Technology,Accessories,Cathy Prescott,47.92,2,0.2,11.98
12-01-2017,East,Office Supplies,Labels,Sean Christensen,15.936,4,0.2,5.1792
12-01-2017,East,Office Supplies,Binders,Sean Christensen,8.001,7,0.7,-5.6007
12-01-2017,East,Furniture,Chairs,Sean Christensen,398.972,2,0.3,-28.498
9/20/2016,West,Furniture,Bookcases,Heather Jas,163.88,2,0,40.97
09-11-2017,South,Office Supplies,Appliances,Cassandra Brandow,67.9,5,0,20.37
12/30/2016,South,Office Supplies,Paper,Evan Henry,72.224,4,0.2,25.2784
09-02-2017,West,Office Supplies,Labels,Luke Weiss,11.696,2,0.2,3.9474
11/18/2014,Central,Furniture,Chairs,Michael Kennedy,392.94,3,0,43.2234
11/21/2015,South,Furniture,Furnishings,John Huston,18.176,1,0.2,4.7712
6/19/2017,Central,Office Supplies,Binders,Deborah Brumfield,6.888,3,0.8,-11.0208
6/19/2017,Central,Furniture,Tables,Deborah Brumfield,457.485,3,0.3,-84.9615
11/30/2017,East,Furniture,Chairs,Trudy Brown,1079.316,6,0.3,-15.4188
4/23/2014,West,Office Supplies,Paper,Nathan Mautz,48.91,1,0,22.9877
9/23/2014,East,Office Supplies,Art,Thomas Thornton,9.84,3,0,2.8536
9/23/2014,East,Office Supplies,Binders,Thomas Thornton,34.5,3,0,15.525
03-02-2017,Central,Office Supplies,Binders,Roland Schwarz,0.556,1,0.8,-0.9452
11/17/2017,East,Office Supplies,Binders,Trudy Brown,43.8,6,0,20.586
5/28/2017,East,Office Supplies,Paper,Alice McCarthy,13.872,3,0.2,5.0286
5/28/2017,East,Furniture,Bookcases,Alice McCarthy,115.96,4,0.5,-64.9376
4/18/2015,Central,Technology,Accessories,Michael Paige,41.424,2,0.2,8.2848
4/18/2015,Central,Technology,Phones,Michael Paige,244.768,4,0.2,24.4768
4/18/2015,Central,Office Supplies,Art,Michael Paige,74.352,3,0.2,6.5058
4/18/2015,Central,Office Supplies,Binders,Michael Paige,4.312,2,0.8,-6.8992
4/18/2015,Central,Furniture,Chairs,Michael Paige,56.686,1,0.3,-20.245
4/18/2015,Central,Technology,Phones,Michael Paige,97.968,2,0.2,6.123
4/18/2015,Central,Office Supplies,Art,Michael Paige,7.872,3,0.2,0.8856
4/18/2015,Central,Office Supplies,Paper,Michael Paige,15.552,3,0.2,5.4432
4/18/2015,Central,Office Supplies,Binders,Michael Paige,1.476,1,0.8,-2.2878
9/19/2015,West,Office Supplies,Art,Marc Harrigan,8.4,5,0,2.184
3/25/2014,West,Office Supplies,Art,Christina Anderson,6.56,2,0,1.9024
3/25/2014,West,Office Supplies,Art,Christina Anderson,14.88,2,0,3.72
3/25/2014,West,Technology,Accessories,Christina Anderson,45.48,4,0,15.918
3/25/2014,West,Office Supplies,Art,Christina Anderson,25.44,6,0,9.9216
8/26/2016,East,Office Supplies,Binders,Ken Dana,146.688,8,0.2,45.84
03-06-2017,Central,Office Supplies,Labels,Don Weiss,4.928,2,0.2,1.7248
03-06-2017,Central,Office Supplies,Art,Don Weiss,63.488,4,0.2,4.7616
11-11-2015,Central,Office Supplies,Storage,Andrew Gjertsen,418.32,7,0,117.1296
11-11-2015,Central,Office Supplies,Appliances,Andrew Gjertsen,123.858,2,0.1,46.7908
04-05-2016,East,Technology,Phones,Justin Hirsh,118.782,3,0.4,-27.7158
04-05-2016,East,Office Supplies,Supplies,Justin Hirsh,769.184,4,0.2,-163.4516
2/21/2017,Central,Technology,Accessories,Dave Kipp,47.904,1,0.2,-2.994
7/20/2017,East,Office Supplies,Paper,Anthony Rawles,13.36,2,0,6.4128
7/20/2017,East,Furniture,Chairs,Anthony Rawles,163.764,2,0.1,25.4744
7/20/2017,East,Furniture,Furnishings,Anthony Rawles,183.92,4,0,31.2664
11-04-2016,Central,Furniture,Furnishings,Sally Matthias,11.376,3,0.6,-5.688
11-04-2016,Central,Furniture,Furnishings,Sally Matthias,66.112,4,0.6,-84.2928
9/23/2017,West,Office Supplies,Paper,Duane Benoit,211.04,8,0,97.0784
9/23/2017,West,Furniture,Chairs,Duane Benoit,594.816,2,0.2,59.4816
9/23/2017,West,Office Supplies,Binders,Duane Benoit,72.96,3,0.2,23.712
09-07-2017,West,Furniture,Furnishings,Phillip Flathmann,80.96,4,0,34.8128
09-07-2017,West,Technology,Phones,Phillip Flathmann,455.712,2,0.2,34.1784
09-07-2017,West,Office Supplies,Art,Phillip Flathmann,25.98,1,0,7.2744
11/28/2015,West,Office Supplies,Appliances,Ashley Jarboe,45.28,4,0,15.3952
11-12-2015,East,Office Supplies,Envelopes,Eugene Barchas,15.56,2,0,7.3132
9/29/2016,West,Technology,Phones,Erin Smith,859.2,3,0.2,75.18
09-11-2017,South,Office Supplies,Appliances,Shahid Shariari,195.68,4,0,50.8768
09-11-2017,South,Office Supplies,Fasteners,Shahid Shariari,14.2,4,0,6.674
05-01-2017,South,Furniture,Bookcases,Arthur Gainer,314.352,3,0.2,-15.7176
05-01-2017,South,Office Supplies,Labels,Arthur Gainer,4.608,2,0.2,1.4976
9/16/2017,West,Office Supplies,Fasteners,Craig Yedwab,17.9,5,0,8.771
10/19/2014,West,Office Supplies,Binders,Rachel Payne,2.992,1,0.2,1.122
10/19/2014,West,Office Supplies,Binders,Rachel Payne,20.064,6,0.2,7.0224
10/19/2014,West,Office Supplies,Paper,Rachel Payne,146.73,3,0,68.9631
10/19/2014,West,Office Supplies,Labels,Rachel Payne,18.75,5,0,9
10/19/2014,West,Technology,Phones,Rachel Payne,117.576,3,0.2,11.7576
3/13/2016,West,Office Supplies,Binders,Dennis Bolton,51.184,7,0.2,19.194
2/17/2017,East,Furniture,Tables,Christine Kargatis,455.97,5,0.4,-106.393
2/17/2017,East,Office Supplies,Binders,Christine Kargatis,5.715,5,0.7,-4.7625
2/17/2017,East,Technology,Phones,Christine Kargatis,57.594,1,0.4,-11.5188
2/17/2017,East,Furniture,Furnishings,Christine Kargatis,30.144,2,0.2,8.2896
2/17/2017,East,Furniture,Chairs,Christine Kargatis,899.43,5,0.3,-12.849
12/22/2016,West,Furniture,Furnishings,Duane Noonan,842.72,8,0,202.2528
12/22/2016,West,Furniture,Furnishings,Duane Noonan,41.96,2,0,10.9096
9/23/2016,West,Office Supplies,Binders,Dave Poirier,13.216,4,0.2,4.4604
9/23/2016,West,Furniture,Chairs,Dave Poirier,184.752,3,0.2,-20.7846
9/24/2017,Central,Furniture,Chairs,Rose O'Brian,520.464,2,0.3,-14.8704
9/24/2017,Central,Office Supplies,Paper,Rose O'Brian,11.424,3,0.2,3.7128
12-01-2015,Central,Office Supplies,Paper,Matt Abelman,19.44,3,0,9.3312
12-01-2015,Central,Office Supplies,Art,Matt Abelman,3.64,2,0,1.0192
12-01-2015,Central,Office Supplies,Paper,Matt Abelman,18.54,2,0,8.7138
1/25/2016,East,Office Supplies,Binders,Jonathan Doherty,43.12,5,0.2,15.092
1/25/2016,East,Furniture,Tables,Jonathan Doherty,313.722,3,0.4,-99.3453
1/25/2016,East,Furniture,Furnishings,Jonathan Doherty,45.98,1,0,7.8166
1/25/2016,East,Office Supplies,Storage,Jonathan Doherty,428.68,7,0,0
3/21/2017,West,Office Supplies,Binders,Paul Stevenson,30.576,6,0.2,10.3194
3/21/2017,West,Office Supplies,Fasteners,Paul Stevenson,13.02,7,0,0.3906
3/21/2017,West,Furniture,Furnishings,Paul Stevenson,22.14,3,0,6.4206
3/21/2017,West,Office Supplies,Storage,Paul Stevenson,359.32,4,0,7.1864
8/22/2014,Central,Office Supplies,Paper,Jennifer Ferguson,11.56,2,0,5.6644
06-08-2014,East,Office Supplies,Binders,Rick Duston,68.48,2,0.2,25.68
06-08-2014,East,Office Supplies,Storage,Rick Duston,1676.88,6,0,83.844
04-07-2016,East,Office Supplies,Paper,Erin Smith,37.94,2,0,18.2112
11-07-2017,East,Furniture,Chairs,Katherine Nockton,272.97,3,0,43.6752
5/29/2015,East,Furniture,Furnishings,Victoria Pisteka,41.568,4,0.2,-4.1568
5/29/2015,East,Furniture,Chairs,Victoria Pisteka,317.058,3,0.3,-86.0586
5/29/2015,East,Office Supplies,Fasteners,Victoria Pisteka,8.04,5,0.2,2.9145
05-07-2017,West,Technology,Phones,Carlos Soltero,419.944,7,0.2,52.493
06-05-2016,West,Office Supplies,Supplies,Ken Brennan,61.38,6,0,15.9588
12/14/2015,West,Technology,Accessories,Ashley Jarboe,50,2,0,10.5
12/25/2017,East,Technology,Accessories,Patrick O'Donnell,31.8,3,0,13.674
12/17/2017,Central,Office Supplies,Storage,Dave Poirier,32.56,2,0,8.4656
05-10-2016,Central,Office Supplies,Envelopes,Gene McClure,7.072,2,0.2,2.3868
12/23/2014,South,Office Supplies,Paper,Craig Carreira,45.528,3,0.2,15.9348
12/23/2014,South,Furniture,Chairs,Craig Carreira,64.784,1,0.2,6.4784
12/23/2014,South,Office Supplies,Storage,Craig Carreira,424.272,2,0.2,-10.6068
12/23/2014,South,Office Supplies,Art,Craig Carreira,1.344,1,0.2,0.504
12/23/2014,South,Office Supplies,Storage,Craig Carreira,83.92,5,0.2,-1.049
08-11-2017,East,Office Supplies,Paper,Sanjit Jacobs,25.92,4,0,12.4416
8/27/2017,West,Furniture,Furnishings,Sarah Foster,120.576,8,0.2,33.1584
1/19/2017,East,Office Supplies,Paper,Raymond Messe,79.92,4,0,37.5624
1/19/2017,East,Office Supplies,Paper,Raymond Messe,12.28,1,0,5.7716
1/19/2017,East,Office Supplies,Appliances,Raymond Messe,542.94,3,0,152.0232
1/19/2017,East,Office Supplies,Envelopes,Raymond Messe,2.04,1,0,0.9588
6/19/2015,Central,Office Supplies,Storage,Katherine Murray,228.92,5,0.2,14.3075
3/13/2017,Central,Technology,Phones,Frank Hawley,7.992,1,0.2,2.5974
10/25/2015,West,Furniture,Chairs,Deirdre Greer,582.336,8,0.2,-29.1168
9/20/2014,East,Technology,Phones,Mitch Webber,629.95,5,0,157.4875
9/20/2014,East,Furniture,Chairs,Mitch Webber,631.782,2,0.1,140.396
9/20/2014,East,Furniture,Bookcases,Mitch Webber,801.568,2,0.2,-10.0196
9/20/2014,East,Office Supplies,Labels,Mitch Webber,75.18,6,0,35.3346
9/20/2014,East,Office Supplies,Appliances,Mitch Webber,30.98,1,0,8.0548
9/20/2014,East,Technology,Phones,Mitch Webber,1349.91,9,0,661.4559
11-11-2016,Central,Office Supplies,Art,Sung Chung,14.112,6,0.2,1.2348
9/16/2015,South,Office Supplies,Envelopes,Bradley Drucker,31.12,4,0,14.6264
6/24/2014,West,Furniture,Furnishings,Liz Pelletier,4.272,2,0.2,0.9612
08-12-2016,East,Furniture,Tables,Nora Preis,209.148,2,0.4,-66.2302
08-12-2016,East,Office Supplies,Storage,Nora Preis,1591.02,6,0,286.3836
4/13/2017,East,Office Supplies,Fasteners,Dave Poirier,7.92,5,0.2,1.683
3/14/2014,Central,Technology,Machines,Rick Bensley,574.91,2,0.3,156.047
3/14/2014,Central,Office Supplies,Paper,Rick Bensley,8.448,2,0.2,2.64
9/22/2017,East,Technology,Accessories,Logan Currie,1071,9,0,171.36
9/22/2017,East,Furniture,Furnishings,Logan Currie,12.07,1,0,3.9831
12-10-2017,East,Office Supplies,Binders,William Brown,3.273,1,0.7,-2.5093
12-10-2017,East,Furniture,Furnishings,William Brown,87.92,5,0.2,15.386
03-10-2016,West,Office Supplies,Storage,Maya Herman,104.696,1,0.2,6.5435
1/27/2015,West,Furniture,Chairs,Sean Christensen,2803.92,5,0.2,0
9/26/2016,Central,Office Supplies,Binders,Matt Hagelstein,6.816,2,0.8,-11.5872
10/18/2015,West,Technology,Phones,John Castell,249.584,2,0.2,15.599
10/18/2015,West,Office Supplies,Paper,John Castell,17.94,3,0,8.7906
10/18/2015,West,Furniture,Furnishings,John Castell,10.11,3,0,3.2352
10/27/2014,South,Office Supplies,Paper,Ross DeVincentis,10.368,2,0.2,3.6288
10/27/2014,South,Office Supplies,Paper,Ross DeVincentis,11.952,3,0.2,4.0338
10-02-2017,Central,Office Supplies,Appliances,Steve Chapman,15.224,2,0.8,-38.8212
10-02-2017,Central,Office Supplies,Appliances,Steve Chapman,21.984,6,0.8,-56.0592
7/23/2014,West,Technology,Phones,Nick Crebassa,604.752,6,0.2,60.4752
7/23/2014,West,Office Supplies,Supplies,Nick Crebassa,40.7,5,0,11.803
7/23/2014,West,Technology,Phones,Nick Crebassa,302.376,3,0.2,37.797
7/23/2014,West,Technology,Accessories,Nick Crebassa,45,3,0,4.95
09-12-2014,East,Furniture,Chairs,Luke Weiss,3785.292,6,0.1,420.588
9/15/2016,West,Office Supplies,Art,Angele Hood,35.4,5,0,13.452
11/27/2014,East,Furniture,Furnishings,Jack O'Briant,199.9,5,0,39.98
05-11-2014,Central,Furniture,Chairs,Victoria Wilson,1212.96,8,0.3,-69.312
8/28/2015,Central,Technology,Phones,Ben Peterman,1099.96,5,0.2,82.497
8/28/2015,Central,Furniture,Tables,Ben Peterman,103.481,1,0.3,-16.2613
6/19/2015,East,Office Supplies,Labels,Paul Prost,5.904,2,0.2,1.9926
8/17/2015,West,Technology,Accessories,Steven Cartwright,30.08,2,0.2,-5.264
8/17/2015,West,Office Supplies,Paper,Steven Cartwright,36.288,7,0.2,12.7008
8/17/2015,West,Office Supplies,Art,Steven Cartwright,10.272,3,0.2,1.1556
8/17/2015,West,Technology,Accessories,Steven Cartwright,252.8,4,0.2,-31.6
9/25/2015,East,Office Supplies,Binders,Bryan Mills,2.946,2,0.7,-2.0622
5/26/2017,West,Office Supplies,Paper,Carlos Daly,12.96,2,0,6.2208
7/31/2017,East,Technology,Phones,Greg Matthias,285.576,4,0.4,-57.1152
10-12-2014,Central,Office Supplies,Supplies,Barry Pond,22.24,2,0.2,2.502
5/25/2014,East,Office Supplies,Paper,Barry Weirich,14.62,2,0,6.7252
12/29/2014,East,Office Supplies,Appliances,Ricardo Emerson,48.36,5,0.2,6.045
04-07-2017,South,Office Supplies,Art,Hallie Redmond,16.256,2,0.2,1.2192
04-07-2017,South,Technology,Phones,Hallie Redmond,219.184,2,0.2,19.1786
03-01-2015,Central,Technology,Phones,Tracy Poddar,95.84,4,0.2,34.742
5/29/2015,Central,Office Supplies,Labels,Karl Braun,12.39,3,0,5.6994
9/22/2016,Central,Office Supplies,Paper,Anna Chung,35.88,6,0,16.146
5/27/2017,Central,Furniture,Furnishings,Duane Noonan,477.3,5,0,138.417
9/17/2016,West,Office Supplies,Labels,Chuck Clark,12.32,4,0,5.9136
09-08-2014,West,Office Supplies,Binders,Toby Swindell,8.608,2,0.2,3.0128
06-03-2017,West,Office Supplies,Storage,Meg O'Connel,136.26,9,0,5.4504
9/28/2015,West,Office Supplies,Appliances,Roy Phan,186.15,3,0,55.845
9/28/2015,West,Office Supplies,Binders,Roy Phan,81.792,6,0.2,26.5824
9/28/2015,West,Office Supplies,Supplies,Roy Phan,47.19,3,0,13.6851
9/28/2015,West,Technology,Phones,Roy Phan,36.784,2,0.2,-8.2764
6/16/2016,South,Technology,Machines,James Lanier,91.475,1,0.5,-1.8295
5/27/2017,South,Technology,Accessories,Bart Watters,27.192,3,0.2,0.3399
5/27/2017,South,Office Supplies,Binders,Bart Watters,12.06,5,0.7,-10.05
10-09-2014,West,Office Supplies,Art,Shirley Jackson,144.6,3,0,41.934
10-09-2014,West,Technology,Phones,Shirley Jackson,15.992,1,0.2,-2.9985
11/17/2014,East,Office Supplies,Paper,Frank Gastineau,34.44,3,0,17.22
10/19/2014,West,Technology,Phones,Eugene Hildebrand,321.552,6,0.2,20.097
11/25/2017,South,Furniture,Chairs,Brendan Sweed,701.96,2,0,168.4704
2/27/2014,East,Office Supplies,Art,Joy Smith,19.456,4,0.2,3.4048
12/21/2014,East,Office Supplies,Labels,John Castell,17.28,6,0,7.9488
11/19/2016,West,Furniture,Furnishings,Janet Molinari,31.96,2,0,1.598
11-05-2017,East,Office Supplies,Binders,Christina DeMoss,164.688,6,0.2,55.5822
11-05-2017,East,Furniture,Tables,Christina DeMoss,166.5,2,0.4,-66.6
11-05-2017,East,Office Supplies,Paper,Christina DeMoss,12.96,2,0,6.2208
11-05-2017,East,Office Supplies,Paper,Christina DeMoss,110.96,2,0,53.2608
11-05-2017,East,Technology,Phones,Christina DeMoss,99.98,2,0,3.9992
11-05-2017,East,Office Supplies,Binders,Christina DeMoss,11.424,1,0.2,3.7128
11-05-2017,East,Furniture,Chairs,Christina DeMoss,128.124,2,0.1,24.2012
11-05-2017,East,Furniture,Furnishings,Christina DeMoss,101.4,5,0,38.532
5/31/2015,Central,Office Supplies,Labels,Janet Molinari,5.904,2,0.2,1.9926
5/31/2015,Central,Office Supplies,Paper,Janet Molinari,173.488,7,0.2,54.215
5/31/2015,Central,Furniture,Furnishings,Janet Molinari,51.56,2,0.6,-61.872
5/31/2015,Central,Office Supplies,Binders,Janet Molinari,3.564,3,0.8,-6.237
09-07-2014,Central,Office Supplies,Fasteners,Shahid Shariari,13.16,5,0.2,4.1125
09-07-2014,Central,Office Supplies,Binders,Shahid Shariari,3.828,3,0.8,-6.5076
09-07-2014,Central,Office Supplies,Binders,Shahid Shariari,304.99,5,0.8,-533.7325
11-06-2017,Central,Office Supplies,Storage,Harry Greene,18.16,2,0.2,1.816
6/20/2015,East,Technology,Accessories,Becky Castell,319.984,2,0.2,91.9954
7/22/2014,West,Office Supplies,Art,Alejandro Ballentine,19.68,6,0,6.4944
12-02-2016,Central,Furniture,Bookcases,Muhammed Yedwab,781.864,10,0.32,-137.976
12-02-2016,Central,Office Supplies,Paper,Muhammed Yedwab,30.816,9,0.2,9.63
10-12-2017,East,Furniture,Tables,Natalie Fritzler,673.344,3,0.3,-76.9536
12-11-2017,East,Office Supplies,Fasteners,Nona Balk,6.54,3,0,2.1582
10-01-2015,West,Technology,Phones,Eric Murdock,572.8,2,0.2,50.12
08-05-2016,South,Office Supplies,Art,Maureen Fritzler,197.05,7,0,59.115
01-03-2017,West,Office Supplies,Binders,Christopher Martinez,2022.272,8,0.2,682.5168
01-03-2017,West,Office Supplies,Art,Christopher Martinez,9.12,3,0,3.1008
11-07-2017,Central,Office Supplies,Binders,Erin Creighton,38.16,9,0,19.08
01-03-2016,Central,Furniture,Tables,Bill Overfelt,1592.85,7,0,350.427
01-03-2016,Central,Office Supplies,Binders,Bill Overfelt,11.88,2,0,5.346
05-12-2016,West,Technology,Accessories,Vivian Mathis,120,6,0,46.8
05-12-2016,West,Office Supplies,Appliances,Vivian Mathis,8.67,1,0,2.3409
11-05-2017,Central,Office Supplies,Paper,Adam Bellavance,4.41,1,0,2.0286
11-05-2017,Central,Office Supplies,Paper,Adam Bellavance,167.94,3,0,82.2906
11-05-2017,Central,Office Supplies,Paper,Adam Bellavance,67.8,10,0,31.188
5/26/2016,Central,Furniture,Furnishings,Chris McAfee,26.94,3,0,11.3148
11/20/2015,West,Furniture,Furnishings,Kelly Williams,32.04,3,0,8.01
4/22/2016,East,Office Supplies,Art,Michael Moore,32.13,9,0,8.3538
4/22/2016,East,Office Supplies,Art,Michael Moore,2.88,1,0,0.8064
10/14/2016,East,Technology,Phones,Pauline Webber,1091.93,7,0,272.9825
10/14/2016,East,Office Supplies,Paper,Pauline Webber,111.96,2,0,54.8604
04-05-2014,Central,Office Supplies,Art,Ruben Dartt,26.7,2,0,7.476
04-05-2014,Central,Office Supplies,Binders,Ruben Dartt,40.2,5,0,18.09
04-05-2014,Central,Office Supplies,Art,Ruben Dartt,13.89,3,0,4.5837
04-05-2014,Central,Office Supplies,Storage,Ruben Dartt,689.82,6,0,20.6946
08-06-2016,East,Office Supplies,Art,Liz MacKendrick,38.34,9,0,15.7194
12/14/2014,Central,Office Supplies,Binders,Cari Sayre,9.264,3,0.8,-13.896
5/30/2017,Central,Furniture,Bookcases,Kean Thornton,204.6664,1,0.32,-6.0196
10/14/2016,Central,Technology,Accessories,Bobby Elias,1649.75,5,0,544.4175
3/14/2014,South,Office Supplies,Paper,Neil Französisch,91.056,6,0.2,31.8696
2/17/2014,Central,Office Supplies,Art,Delfina Latchford,54.208,14,0.2,8.8088
8/24/2015,East,Technology,Phones,Maurice Satty,26.982,3,0.4,4.0473
8/24/2015,East,Office Supplies,Labels,Maurice Satty,6.912,3,0.2,2.5056
8/24/2015,East,Office Supplies,Storage,Maurice Satty,435.504,3,0.2,48.9942
05-08-2017,West,Office Supplies,Appliances,Michelle Moray,81.08,4,0,22.7024
02-04-2016,West,Office Supplies,Storage,Jennifer Braxton,93.02,2,0,3.7208
12/19/2014,Central,Technology,Phones,Speros Goranitis,323.976,3,0.2,36.4473
12/19/2014,Central,Office Supplies,Paper,Speros Goranitis,15.552,3,0.2,5.4432
12/19/2014,Central,Office Supplies,Storage,Speros Goranitis,32.592,3,0.2,-7.7406
12-05-2017,West,Office Supplies,Binders,Patrick Bzostek,83.92,5,0.2,29.372
12-05-2017,West,Furniture,Furnishings,Patrick Bzostek,199.9,5,0,39.98
12-05-2017,West,Technology,Phones,Patrick Bzostek,31.176,3,0.2,-7.0146
12-05-2017,West,Office Supplies,Binders,Patrick Bzostek,172.752,6,0.2,60.4632
12-05-2017,West,Office Supplies,Binders,Patrick Bzostek,9.296,2,0.2,3.0212
3/24/2017,Central,Office Supplies,Storage,Ann Chong,12.768,2,0.2,0.9576
07-08-2017,West,Office Supplies,Paper,Mathew Reese,52.76,2,0,24.2696
10/26/2017,Central,Office Supplies,Storage,Benjamin Farhat,55.616,2,0.2,5.5616
10/27/2016,East,Furniture,Chairs,Ben Wallace,427.644,14,0.1,80.7772
10/27/2016,East,Office Supplies,Fasteners,Ben Wallace,40.67,7,0,12.6077
10/27/2016,East,Office Supplies,Storage,Ben Wallace,33.48,2,0,1.3392
10/27/2016,East,Office Supplies,Binders,Ben Wallace,9.728,2,0.2,3.2832
06-12-2017,Central,Furniture,Furnishings,Troy Staebel,8.856,3,0.6,-6.8634
9/25/2016,West,Furniture,Bookcases,Aaron Smayling,477.666,2,0.15,84.294
09-07-2017,East,Office Supplies,Paper,Allen Armold,16.9,5,0,7.774
09-07-2017,East,Office Supplies,Paper,Allen Armold,39.96,2,0,18.7812
05-11-2015,West,Furniture,Chairs,Paul Stevenson,191.968,7,0.2,16.7972
08-06-2015,Central,Office Supplies,Labels,Rachel Payne,35.52,3,0.2,13.32
08-06-2015,Central,Office Supplies,Binders,Rachel Payne,6.23,5,0.8,-9.6565
08-06-2015,Central,Office Supplies,Paper,Rachel Payne,56.704,2,0.2,19.1376
08-06-2015,Central,Furniture,Bookcases,Rachel Payne,369.1992,3,0.32,-114.0174
10/29/2014,Central,Technology,Accessories,Noah Childs,1.98,2,0,0.891
10/29/2014,Central,Office Supplies,Paper,Noah Childs,75.88,2,0,35.6636
6/18/2016,East,Office Supplies,Paper,Stewart Carmichael,6.848,2,0.2,2.14
6/18/2016,East,Office Supplies,Binders,Stewart Carmichael,4.626,2,0.7,-3.855
6/18/2016,East,Office Supplies,Appliances,Stewart Carmichael,453.6,3,0.2,90.72
05-03-2015,West,Office Supplies,Binders,Nicole Fjeld,13.848,3,0.2,5.193
11-10-2015,East,Office Supplies,Storage,Sam Craven,577.584,6,0.2,43.3188
5/30/2015,South,Technology,Accessories,Brendan Dodson,151.96,4,0,36.4704
9/22/2016,West,Furniture,Furnishings,Suzanne McNair,68.432,7,0.2,8.554
11/28/2015,East,Furniture,Furnishings,Eugene Barchas,71.12,5,0.2,9.779
11/28/2015,East,Office Supplies,Fasteners,Eugene Barchas,3.008,2,0.2,0.564
12-03-2015,East,Office Supplies,Paper,Harold Pawlan,184.66,7,0,84.9436
10/17/2014,Central,Furniture,Furnishings,Evan Bailliet,5.312,2,0.6,-1.5936
05-03-2016,East,Technology,Accessories,Susan MacKendrick,132.52,5,0.2,34.7865
05-03-2016,East,Office Supplies,Storage,Susan MacKendrick,195.64,5,0.2,-44.019
05-03-2016,East,Furniture,Furnishings,Susan MacKendrick,51.968,2,0.2,10.3936
05-03-2016,East,Technology,Accessories,Susan MacKendrick,431.976,3,0.2,-75.5958
05-03-2016,East,Technology,Machines,Susan MacKendrick,224.937,3,0.7,-164.9538
05-03-2016,East,Office Supplies,Labels,Susan MacKendrick,6,2,0.2,2.1
06-01-2015,West,Office Supplies,Paper,Catherine Glotzbach,11.76,2,0,5.7624
3/31/2014,South,Furniture,Chairs,Trudy Glocke,1125.488,7,0.2,98.4802
3/31/2014,South,Office Supplies,Binders,Trudy Glocke,12.645,5,0.7,-10.116
3/31/2014,South,Office Supplies,Art,Trudy Glocke,4.032,2,0.2,1.0584
07-05-2017,Central,Technology,Phones,Damala Kotsonis,79.96,4,0,22.3888
9/24/2015,East,Office Supplies,Binders,Maria Bertelson,6.732,6,0.7,-4.488
9/24/2015,East,Office Supplies,Storage,Maria Bertelson,33.568,2,0.2,1.6784
9/24/2015,East,Office Supplies,Envelopes,Maria Bertelson,15.84,2,0.2,5.544
9/24/2015,East,Office Supplies,Labels,Maria Bertelson,24.424,1,0.2,7.9378
9/24/2015,East,Office Supplies,Art,Maria Bertelson,17.12,5,0.2,1.926
8/13/2015,West,Furniture,Furnishings,Sandra Flanagan,31.56,3,0,10.4148
5/26/2015,Central,Furniture,Chairs,Pamela Stobb,105.686,1,0.3,-28.6862
5/26/2015,Central,Technology,Machines,Pamela Stobb,399.54,2,0.4,-79.908
5/26/2015,Central,Furniture,Chairs,Pamela Stobb,104.93,5,0.3,-4.497
9/14/2017,East,Technology,Phones,Roger Barcio,1079.85,3,0,323.955
9/14/2017,East,Office Supplies,Storage,Roger Barcio,70.98,1,0,3.549
9/14/2017,East,Office Supplies,Art,Roger Barcio,29.95,5,0,8.6855
9/14/2017,East,Furniture,Chairs,Roger Barcio,589.41,5,0.1,-6.549
06-07-2016,East,Office Supplies,Fasteners,Roy Skaria,9.648,6,0.2,3.4974
6/25/2017,East,Furniture,Bookcases,Sarah Brown,400.784,1,0.2,-5.0098
8/26/2017,Central,Office Supplies,Storage,Heather Jas,53.72,4,0,13.9672
8/26/2016,South,Office Supplies,Paper,Stuart Van,31.008,1,0.2,11.2404
11/18/2016,West,Office Supplies,Binders,Bobby Elias,61.12,5,0.2,22.156
4/17/2017,Central,Office Supplies,Storage,Brendan Murry,195.136,4,0.2,-43.9056
7/23/2017,Central,Office Supplies,Art,Annie Zypern,121.536,4,0.2,15.192
05-11-2014,Central,Office Supplies,Paper,Harold Dahlen,17.472,3,0.2,5.6784
05-11-2014,Central,Office Supplies,Binders,Harold Dahlen,104.58,9,0.8,-172.557
7/28/2016,Central,Furniture,Furnishings,Barry Franz,24.7,5,0.6,-9.88
7/28/2016,Central,Furniture,Furnishings,Barry Franz,302.72,5,0.6,-378.4
9/14/2017,East,Office Supplies,Paper,Henia Zydlo,8.56,2,0,3.852
9/14/2017,East,Office Supplies,Paper,Henia Zydlo,11.56,2,0,5.6644
1/24/2017,West,Office Supplies,Appliances,Keith Dawkins,25.86,3,0,6.7236
1/24/2017,West,Office Supplies,Binders,Keith Dawkins,276.784,2,0.2,89.9548
1/24/2017,West,Technology,Phones,Keith Dawkins,110.352,3,0.2,8.2764
9/19/2015,West,Furniture,Furnishings,Frank Carlisle,60.84,3,0,19.4688
4/14/2015,West,Office Supplies,Appliances,Theone Pippenger,35.208,1,0.2,2.6406
05-08-2017,Central,Office Supplies,Paper,Ed Braxton,41.472,8,0.2,14.5152
09-04-2016,South,Office Supplies,Paper,Jeremy Pistek,239.5,5,0,114.96
5/19/2014,South,Office Supplies,Supplies,Tamara Dahlen,34.2,5,0,9.234
6/17/2016,East,Furniture,Tables,Denise Monton,376.866,3,0.4,-213.5574
11-02-2015,South,Office Supplies,Appliances,Emily Grady,197.72,4,0,55.3616
11-04-2017,East,Technology,Accessories,Henry Goldwyn,70.72,4,0.2,-6.188
11-04-2017,East,Office Supplies,Storage,Henry Goldwyn,194.352,3,0.2,-43.7292
12-05-2017,East,Office Supplies,Paper,Bart Folk,21.6,6,0,9.936
12-05-2017,East,Office Supplies,Labels,Bart Folk,11.07,3,0,5.2029
5/16/2016,West,Furniture,Furnishings,Sanjit Chand,282.84,4,0,19.7988
5/16/2016,West,Office Supplies,Labels,Sanjit Chand,27.72,9,0,13.3056
10/24/2017,South,Office Supplies,Fasteners,Carlos Soltero,11.68,4,0,5.256
9/18/2016,West,Technology,Phones,Bill Donatelli,239.984,2,0.2,23.9984
11-11-2014,West,Office Supplies,Appliances,Mary Zewe,22.98,1,0,6.894
11-11-2014,West,Technology,Accessories,Mary Zewe,102.13,7,0,15.3195
11-11-2014,West,Office Supplies,Binders,Mary Zewe,2033.584,2,0.2,762.594
8/22/2016,West,Office Supplies,Art,Pauline Webber,5.76,2,0,1.6704
11/16/2017,East,Technology,Copiers,Bill Stewart,899.982,3,0.4,74.9985
11/16/2017,East,Office Supplies,Art,Bill Stewart,86.352,3,0.2,5.397
11/16/2017,East,Technology,Accessories,Bill Stewart,139.96,5,0.2,-1.7495
9/26/2014,East,Office Supplies,Appliances,Dianna Arnett,16.704,6,0.2,1.2528
9/26/2014,East,Technology,Accessories,Dianna Arnett,3.152,2,0.2,0.4728
9/26/2014,East,Office Supplies,Paper,Dianna Arnett,32.896,4,0.2,11.1024
6/29/2017,Central,Office Supplies,Appliances,Max Engle,21.392,2,0.8,-54.5496
6/29/2017,Central,Furniture,Tables,Max Engle,307.314,3,0.3,-39.5118
6/29/2017,Central,Furniture,Bookcases,Max Engle,409.9992,3,0.32,-96.4704
9/23/2017,Central,Office Supplies,Paper,Maya Herman,9.248,2,0.2,3.3524
11/23/2014,Central,Office Supplies,Binders,Bobby Trafton,14.67,3,0,6.7482
1/13/2014,East,Office Supplies,Paper,Michael Moore,37.408,7,0.2,13.0928
1/13/2014,East,Office Supplies,Binders,Michael Moore,3.438,2,0.7,-2.5212
5/31/2016,East,Office Supplies,Binders,Neoma Murray,7.152,3,0.2,2.3244
5/31/2016,East,Technology,Phones,Neoma Murray,179.7,6,0,88.053
2/13/2017,Central,Office Supplies,Appliances,Mark Hamilton,90.64,8,0,38.9752
10/14/2014,East,Technology,Accessories,Toby Carlisle,177,3,0,30.09
10/14/2014,East,Office Supplies,Storage,Toby Carlisle,79.45,7,0,22.246
10/14/2014,East,Furniture,Chairs,Toby Carlisle,1628.82,9,0,260.6112
11/18/2014,West,Furniture,Furnishings,Maya Herman,137.54,2,0,55.016
11/18/2014,West,Furniture,Tables,Maya Herman,730.2,4,0,94.926
11-12-2017,West,Office Supplies,Paper,Emily Phan,11.56,2,0,5.6644
1/28/2015,South,Furniture,Tables,Joseph Holt,4297.644,13,0.4,-1862.3124
03-07-2014,West,Office Supplies,Art,Craig Molinari,20.65,5,0,9.499
03-07-2014,West,Office Supplies,Storage,Craig Molinari,204.9,5,0,0
03-07-2014,West,Furniture,Chairs,Craig Molinari,436.704,6,0.2,21.8352
03-07-2014,West,Furniture,Chairs,Craig Molinari,481.568,2,0.2,54.1764
06-08-2017,West,Technology,Accessories,Frank Olsen,89.544,7,0.2,12.3123
06-08-2017,West,Office Supplies,Storage,Frank Olsen,35.168,2,0.2,-8.3524
06-08-2017,West,Office Supplies,Binders,Frank Olsen,72.588,2,0.7,-48.392
11/19/2014,Central,Office Supplies,Storage,Mitch Webber,221.16,4,0,57.5016
11/19/2014,Central,Technology,Phones,Mitch Webber,281.97,3,0,78.9516
11/26/2016,West,Furniture,Bookcases,Maribeth Schnelling,3406.664,8,0.15,160.3136
11/26/2016,West,Office Supplies,Art,Maribeth Schnelling,37.17,9,0,10.4076
11/26/2016,West,Office Supplies,Appliances,Maribeth Schnelling,64.96,2,0,19.488
11/26/2016,West,Furniture,Furnishings,Maribeth Schnelling,595.38,6,0,297.69
1/23/2017,West,Technology,Accessories,Harold Pawlan,95.984,2,0.2,11.998
1/23/2017,West,Office Supplies,Binders,Harold Pawlan,4.938,2,0.7,-3.6212
9/22/2014,East,Furniture,Furnishings,Adam Shillingsburg,97.44,3,0,35.0784
9/22/2014,East,Office Supplies,Binders,Adam Shillingsburg,3.984,1,0.2,1.3944
9/22/2014,East,Office Supplies,Art,Adam Shillingsburg,13.04,4,0,5.7376
9/22/2014,East,Furniture,Chairs,Adam Shillingsburg,579.528,4,0.1,83.7096
3/26/2014,West,Office Supplies,Labels,Cindy Stewart,18.75,5,0,9
06-06-2016,West,Technology,Phones,Maria Etezadi,3023.928,9,0.2,226.7946
06-06-2016,West,Technology,Accessories,Maria Etezadi,26.96,2,0,3.7744
06-06-2016,West,Technology,Phones,Maria Etezadi,477.6,3,0.2,161.19
8/31/2017,West,Office Supplies,Storage,Maxwell Schwartz,193.95,3,0,9.6975
12-07-2015,West,Office Supplies,Paper,Kristen Hastings,12.96,2,0,6.2208
11/16/2017,West,Furniture,Furnishings,Lena Creighton,119.94,3,0,23.988
11/16/2017,West,Furniture,Furnishings,Lena Creighton,12.42,3,0,4.4712
4/23/2016,West,Office Supplies,Binders,Art Ferguson,18.088,7,0.2,6.5569
4/23/2016,West,Office Supplies,Envelopes,Art Ferguson,71.97,3,0,35.985
04-02-2017,South,Office Supplies,Labels,Amy Hunt,14.94,3,0,6.8724
8/13/2015,South,Office Supplies,Art,Grace Kelly,64.68,7,0.2,8.085
11/13/2017,West,Technology,Phones,Ken Lonsdale,22,5,0.2,1.375
12/23/2016,East,Office Supplies,Paper,Frank Merwin,7.968,2,0.2,2.6892
12/23/2016,East,Technology,Phones,Frank Merwin,1499.97,5,0.4,-374.9925
7/22/2014,Central,Office Supplies,Storage,John Lucas,26.632,1,0.2,1.3316
05-06-2016,West,Furniture,Furnishings,Gene McClure,41.6,4,0,14.144
11/28/2014,Central,Office Supplies,Envelopes,Matthew Clasen,64.02,6,0,29.4492
4/18/2016,East,Office Supplies,Art,Cindy Schnelling,6.99,3,0,2.0271
4/18/2016,East,Office Supplies,Supplies,Cindy Schnelling,6.84,1,0,1.8468
12/27/2015,West,Office Supplies,Storage,Aaron Hawkins,323.1,2,0,61.389
12/27/2015,West,Technology,Phones,Aaron Hawkins,668.16,9,0.2,75.168
12/13/2017,West,Office Supplies,Labels,Emily Phan,8.64,3,0,4.2336
12/13/2017,West,Office Supplies,Paper,Emily Phan,38.88,6,0,18.6624
12/13/2017,West,Furniture,Furnishings,Emily Phan,201.04,8,0,54.2808
12/13/2017,West,Office Supplies,Paper,Emily Phan,12.96,2,0,6.3504
01-02-2017,West,Technology,Accessories,Fred Wasserman,16.59,1,0,5.8065
5/30/2017,West,Office Supplies,Art,Kelly Andreada,35.1,6,0,10.179
9/30/2017,Central,Office Supplies,Binders,Sample Company A,11.646,9,0.8,-17.469
6/20/2017,South,Office Supplies,Paper,Paul Gonzalez,32.4,5,0,15.552
6/20/2017,South,Technology,Phones,Paul Gonzalez,503.96,4,0,125.99
04-04-2017,East,Office Supplies,Art,Tom Ashbrook,7.04,4,0,2.0416
11/13/2015,Central,Furniture,Bookcases,Patrick O'Brill,613.9992,3,0.32,-18.0588
8/28/2015,East,Office Supplies,Storage,Suzanne McNair,470.36,11,0,122.2936
9/24/2017,West,Office Supplies,Paper,Neil Knudson,31.08,6,0,15.2292
9/24/2017,West,Office Supplies,Supplies,Neil Knudson,7.3,2,0,2.19
12-11-2016,East,Office Supplies,Appliances,Steve Chapman,73.536,4,0.2,9.192
06-10-2014,Central,Office Supplies,Labels,Heather Kirkland,491.55,5,0,240.8595
03-11-2016,East,Furniture,Furnishings,Brad Thomas,30.336,4,0.2,9.48
12/15/2017,West,Office Supplies,Paper,Khloe Miller,22.83,3,0,10.7301
12/15/2017,West,Office Supplies,Appliances,Khloe Miller,54.32,4,0,16.296
12/15/2017,West,Technology,Phones,Khloe Miller,196.776,3,0.2,14.7582
10/30/2016,West,Office Supplies,Fasteners,Susan Pistek,3.62,2,0,1.1946
7/31/2017,East,Office Supplies,Paper,Laurel Beltran,11.54,1,0,5.5392
7/31/2017,East,Office Supplies,Binders,Laurel Beltran,849.95,5,0,390.977
7/31/2017,East,Office Supplies,Binders,Laurel Beltran,11.01,3,0,5.3949
10/19/2017,West,Office Supplies,Binders,Joy Smith,39.624,3,0.2,13.8684
10/21/2016,West,Furniture,Chairs,Carlos Soltero,242.136,3,0.2,12.1068
10/21/2016,West,Office Supplies,Art,Carlos Soltero,12.39,3,0,5.6994
10/21/2016,West,Furniture,Furnishings,Carlos Soltero,19.96,2,0,5.5888
10/21/2016,West,Office Supplies,Storage,Carlos Soltero,340.92,3,0,3.4092
11-05-2014,East,Furniture,Furnishings,Maribeth Dona,273.568,2,0.2,-34.196
11-05-2014,East,Office Supplies,Binders,Maribeth Dona,13.194,2,0.7,-8.796
11-05-2014,East,Office Supplies,Storage,Maribeth Dona,1080.096,6,0.2,-94.5084
11-05-2014,East,Technology,Accessories,Maribeth Dona,51.56,5,0.2,-6.445
11-05-2014,East,Technology,Accessories,Maribeth Dona,58.416,2,0.2,16.7946
11-07-2016,West,Office Supplies,Binders,Lisa DeCherney,57.584,2,0.2,20.1544
08-12-2016,East,Office Supplies,Art,Deborah Brumfield,37.312,4,0.2,2.7984
5/30/2016,Central,Technology,Phones,Annie Thurman,79.96,5,0.2,7.996
5/30/2016,Central,Technology,Accessories,Annie Thurman,223.96,5,0.2,11.198
11-12-2017,East,Office Supplies,Storage,Dennis Kane,221.024,2,0.2,-55.256
9/22/2016,Central,Furniture,Furnishings,Chris Selesnick,18.96,2,0,7.584
2/16/2016,East,Furniture,Chairs,Jill Fjeld,326.646,3,0.1,39.9234
2/16/2016,East,Technology,Accessories,Jill Fjeld,89.97,3,0,39.5868
12/22/2014,East,Office Supplies,Binders,Tamara Willingham,296.712,13,0.2,100.1403
12-05-2015,Central,Office Supplies,Envelopes,Tim Brockman,12.224,2,0.2,4.4312
9/17/2017,West,Technology,Accessories,Shahid Collister,89.97,3,0,37.7874
12-02-2017,East,Office Supplies,Appliances,Kunst Miller,286.86,7,0,80.3208
12-02-2017,East,Technology,Phones,Kunst Miller,979.95,5,0,284.1855
12-02-2017,East,Office Supplies,Supplies,Kunst Miller,4.36,2,0,0.1744
9/29/2014,West,Office Supplies,Binders,Evan Bailliet,10.048,2,0.2,3.14
9/29/2014,West,Office Supplies,Storage,Evan Bailliet,807.75,5,0,153.4725
11/14/2017,West,Office Supplies,Art,Joe Elijah,34.24,8,0,9.9296
8/20/2014,South,Furniture,Chairs,Nick Crebassa,500.24,13,0,145.0696
8/20/2014,South,Office Supplies,Paper,Nick Crebassa,20.12,2,0,9.2552
8/20/2014,South,Office Supplies,Binders,Nick Crebassa,896.99,1,0,421.5853
11/19/2014,East,Office Supplies,Paper,Alan Dominguez,5.88,1,0.2,1.9845
6/29/2015,Central,Technology,Phones,Neil Französisch,269.98,2,0,72.8946
3/16/2017,West,Office Supplies,Storage,Ken Dana,310.12,2,0,80.6312
3/16/2017,West,Office Supplies,Binders,Ken Dana,70.464,6,0.2,22.9008
3/16/2017,West,Office Supplies,Binders,Ken Dana,19.68,5,0.2,6.888
3/16/2017,West,Office Supplies,Appliances,Ken Dana,140.67,3,0,54.8613
11-08-2015,East,Furniture,Bookcases,Quincy Jones,4404.9,5,0,1013.127
11/28/2017,West,Office Supplies,Labels,Emily Phan,62.65,5,0,29.4455
6/16/2016,East,Office Supplies,Labels,Jennifer Jackson,9.45,3,0,4.536
1/21/2017,Central,Office Supplies,Envelopes,Bobby Elias,268.576,4,0.2,90.6444
11/24/2017,West,Furniture,Tables,Beth Paige,364.08,2,0.2,9.102
11/24/2017,West,Furniture,Tables,Beth Paige,71.088,2,0.2,-1.7772
11-11-2014,Central,Furniture,Furnishings,Brosina Hoffman,10.984,2,0.6,-7.9634
11-11-2014,Central,Furniture,Chairs,Brosina Hoffman,797.944,4,0.3,-56.996
03-04-2016,East,Technology,Accessories,Eleni McCrary,159.98,2,0,57.5928
10-11-2016,Central,Office Supplies,Art,Emily Phan,5.344,2,0.2,0.668
10-11-2016,Central,Office Supplies,Art,Emily Phan,27.72,3,0.2,3.465
07-01-2016,West,Office Supplies,Binders,Nick Zandusky,2.496,1,0.2,0.9048
3/27/2017,South,Office Supplies,Labels,Lena Cacioppo,8.26,2,0,3.7996
3/27/2017,South,Office Supplies,Binders,Lena Cacioppo,17.76,2,0,8.88
3/27/2017,South,Office Supplies,Storage,Lena Cacioppo,332.94,3,0,9.9882
3/27/2017,South,Furniture,Tables,Lena Cacioppo,292.1,2,0,58.42
3/27/2017,South,Technology,Phones,Lena Cacioppo,206.1,5,0,55.647
3/27/2017,South,Office Supplies,Paper,Lena Cacioppo,17.64,4,0,8.1144
10/31/2016,West,Furniture,Chairs,Sylvia Foulston,1403.92,5,0.2,70.196
11-04-2017,South,Office Supplies,Art,Katherine Murray,4.3,2,0,1.419
2/14/2014,West,Technology,Accessories,Marina Lichtenstein,239.97,3,0,86.3892
2/14/2014,West,Office Supplies,Appliances,Marina Lichtenstein,81.96,2,0,22.9488
2/14/2014,West,Office Supplies,Supplies,Marina Lichtenstein,238.62,2,0,4.7724
6/18/2014,West,Technology,Phones,Mick Crebagga,139.8,5,0.2,12.2325
2/28/2017,East,Office Supplies,Binders,Duane Benoit,9.84,2,0,4.7232
2/28/2017,East,Office Supplies,Paper,Duane Benoit,7.78,1,0,3.501
12-09-2017,Central,Office Supplies,Binders,Luke Weiss,54.9,5,0,26.901
12-07-2017,West,Office Supplies,Paper,Tracy Collins,50.04,6,0,25.02
11/24/2016,South,Furniture,Bookcases,Sample Company A,339.92,5,0.2,8.498
11/24/2016,South,Office Supplies,Paper,Sample Company A,10.528,4,0.2,3.4216
11/24/2016,South,Office Supplies,Appliances,Sample Company A,42.384,2,0.2,4.2384
07-03-2016,East,Office Supplies,Paper,Filia McAdams,123.92,5,0.2,38.725
6/26/2016,South,Technology,Phones,Phillip Flathmann,135.95,1,0,39.4255
7/26/2014,Central,Office Supplies,Binders,Luke Foster,2177.584,8,0.8,-3701.8928
7/26/2014,Central,Furniture,Furnishings,Luke Foster,17.496,3,0.6,-10.0602
7/26/2014,Central,Office Supplies,Binders,Luke Foster,16.784,4,0.8,-26.8544
7/26/2014,Central,Technology,Accessories,Luke Foster,431.136,9,0.2,-26.946
7/26/2014,Central,Office Supplies,Binders,Luke Foster,8.88,5,0.8,-13.32
7/26/2014,Central,Office Supplies,Appliances,Luke Foster,4.836,2,0.8,-12.09
9/14/2016,East,Technology,Phones,Clay Ludtke,437.85,3,0,131.355
9/14/2016,East,Office Supplies,Binders,Clay Ludtke,673.568,2,0.2,252.588
5/31/2015,East,Office Supplies,Paper,Elizabeth Moffitt,274.8,5,0,134.652
5/31/2015,East,Office Supplies,Storage,Elizabeth Moffitt,62.18,1,0,16.7886
5/31/2015,East,Furniture,Furnishings,Elizabeth Moffitt,8.28,2,0,2.9808
05-09-2015,South,Office Supplies,Binders,Max Engle,48.81,3,0,23.9169
11-05-2014,South,Furniture,Chairs,Barry Gonzalez,149.9,5,0,40.473
3/27/2017,Central,Furniture,Bookcases,Caroline Jumper,1023.332,5,0.32,-30.098
3/27/2017,Central,Furniture,Chairs,Caroline Jumper,600.558,3,0.3,-8.5794
3/27/2017,Central,Technology,Accessories,Caroline Jumper,39.992,1,0.2,6.9986
3/27/2017,Central,Furniture,Chairs,Caroline Jumper,211.246,2,0.3,-66.3916
5/21/2014,Central,Office Supplies,Envelopes,Katherine Hughes,56.064,6,0.2,21.024
5/21/2014,Central,Furniture,Chairs,Katherine Hughes,107.772,2,0.3,-29.2524
5/21/2014,Central,Office Supplies,Paper,Katherine Hughes,4.832,1,0.2,1.6308
5/21/2014,Central,Office Supplies,Binders,Katherine Hughes,18.24,3,0.8,-31.008
5/21/2016,Central,Office Supplies,Binders,Sally Hughsby,3.798,3,0.8,-5.8869
01-12-2015,East,Office Supplies,Art,Cindy Schnelling,10.368,2,0.2,1.5552
01-12-2015,East,Technology,Phones,Cindy Schnelling,235.188,2,0.4,-43.1178
01-12-2015,East,Technology,Phones,Cindy Schnelling,26.376,4,0.4,2.6376
01-12-2015,East,Technology,Accessories,Cindy Schnelling,10.384,2,0.2,2.2066
01-12-2015,East,Technology,Phones,Cindy Schnelling,107.118,3,0.4,-21.4236
9/29/2017,West,Office Supplies,Supplies,Joe Kamberova,97.3,7,0,28.217
7/18/2015,East,Office Supplies,Binders,Pauline Johnson,3.328,2,0.2,1.2064
7/18/2015,East,Technology,Phones,Pauline Johnson,135.99,1,0,36.7173
7/18/2015,East,Furniture,Furnishings,Pauline Johnson,7.38,1,0,2.1402
10/21/2016,South,Furniture,Furnishings,Anne Pryor,45.568,2,0.2,9.6832
10/21/2016,South,Office Supplies,Binders,Anne Pryor,28.752,8,0.7,-21.0848
7/27/2017,South,Furniture,Chairs,Joni Wasserman,194.848,4,0.2,12.178
7/21/2017,Central,Office Supplies,Binders,Pete Takahito,2.112,2,0.8,-3.3792
11-07-2014,West,Office Supplies,Paper,Troy Blackwell,25.92,5,0.2,9.072
11-07-2014,West,Office Supplies,Art,Troy Blackwell,120.768,4,0.2,9.0576
11/27/2016,East,Office Supplies,Paper,Cassandra Brandow,25.92,4,0,12.4416
11/27/2016,East,Office Supplies,Art,Cassandra Brandow,34.65,3,0,9.702
11/27/2016,East,Office Supplies,Paper,Cassandra Brandow,204.95,5,0,100.4255
11/27/2016,East,Office Supplies,Binders,Cassandra Brandow,79.95,5,0,38.376
06-08-2015,South,Office Supplies,Paper,Andrew Gjertsen,173.488,7,0.2,54.215
06-08-2015,South,Office Supplies,Storage,Andrew Gjertsen,516.96,4,0.2,-6.462
06-08-2015,South,Furniture,Furnishings,Andrew Gjertsen,173.208,7,0.2,45.4671
06-08-2015,South,Office Supplies,Art,Andrew Gjertsen,4.448,2,0.2,0.3336
06-08-2015,South,Office Supplies,Labels,Andrew Gjertsen,9,3,0.2,3.15
06-08-2015,South,Office Supplies,Paper,Andrew Gjertsen,42.24,10,0.2,13.2
06-08-2015,South,Office Supplies,Binders,Andrew Gjertsen,18.264,2,0.7,-13.3936
8/15/2014,West,Office Supplies,Appliances,Brian Dahlen,152.91,3,0,42.8148
8/15/2014,West,Office Supplies,Paper,Brian Dahlen,92.94,3,0,41.823
8/15/2014,West,Office Supplies,Binders,Brian Dahlen,17.856,4,0.2,6.2496
8/15/2014,West,Office Supplies,Binders,Brian Dahlen,46.44,3,0.2,15.093
8/15/2014,West,Furniture,Chairs,Brian Dahlen,195.136,4,0.2,-12.196
6/19/2017,East,Office Supplies,Storage,Jim Sink,129.3,2,0,6.465
6/19/2017,East,Office Supplies,Binders,Jim Sink,11.568,3,0.2,3.7596
7/16/2017,South,Furniture,Chairs,Natalie Fritzler,242.352,3,0.2,15.147
12/16/2014,Central,Technology,Accessories,Sean Christensen,319.968,4,0.2,95.9904
12/16/2014,Central,Furniture,Furnishings,Sean Christensen,8.624,7,0.6,-2.5872
5/18/2014,Central,Office Supplies,Paper,George Ashbrook,3.984,1,0.2,1.4442
9/14/2017,East,Technology,Accessories,Craig Yedwab,895.944,7,0.2,190.3881
10-10-2016,Central,Furniture,Furnishings,William Brown,14,4,0.6,-6.3
10-10-2016,Central,Office Supplies,Binders,William Brown,16.392,2,0.8,-26.2272
9/25/2016,West,Office Supplies,Paper,Dan Lawera,10.9,5,0,5.123
9/25/2016,West,Office Supplies,Labels,Dan Lawera,29.6,2,0,14.8
9/25/2016,West,Office Supplies,Labels,Dan Lawera,4.98,1,0,2.2908
9/25/2016,West,Technology,Copiers,Dan Lawera,479.976,3,0.2,161.9919
9/25/2016,West,Technology,Phones,Dan Lawera,44.736,8,0.2,4.4736
9/25/2016,West,Office Supplies,Art,Dan Lawera,5.76,2,0,1.6704
9/25/2016,West,Furniture,Chairs,Dan Lawera,483.136,4,0.2,60.392
06-03-2014,Central,Office Supplies,Labels,Richard Eichhorn,15.936,4,0.2,5.1792
06-03-2014,Central,Furniture,Furnishings,Richard Eichhorn,61.544,7,0.6,-40.0036
06-03-2014,Central,Office Supplies,Storage,Richard Eichhorn,132.696,3,0.2,9.9522
09-02-2017,West,Office Supplies,Appliances,Marc Harrigan,43.1,5,0,11.206
09-02-2017,West,Furniture,Furnishings,Marc Harrigan,511.5,5,0,132.99
09-02-2017,West,Office Supplies,Binders,Marc Harrigan,147.92,5,0.2,46.225
04-12-2014,West,Office Supplies,Art,Edward Hooks,39.68,2,0,16.2688
05-02-2016,East,Furniture,Furnishings,Edward Hooks,12.56,2,0,4.0192
05-02-2016,East,Office Supplies,Binders,Edward Hooks,90.48,3,0.2,33.93
05-02-2016,East,Office Supplies,Paper,Edward Hooks,13.08,2,0,6.0168
05-02-2016,East,Furniture,Furnishings,Edward Hooks,214.7,5,0,83.733
6/19/2017,West,Furniture,Furnishings,George Ashbrook,50.32,4,0,21.1344
6/19/2017,West,Office Supplies,Paper,George Ashbrook,24.56,2,0,11.5432
11-06-2014,South,Office Supplies,Paper,George Ashbrook,43.68,6,0,20.9664
3/26/2015,West,Furniture,Tables,Ellis Ballard,3393.68,8,0,610.8624
1/14/2017,Central,Office Supplies,Storage,Hallie Redmond,67.4,5,0,17.524
1/14/2017,Central,Office Supplies,Fasteners,Hallie Redmond,2.52,2,0,0.1008
1/14/2017,Central,Technology,Phones,Hallie Redmond,67.8,4,0,1.356
1/14/2017,Central,Office Supplies,Storage,Hallie Redmond,18.76,2,0,5.2528
1/14/2017,Central,Technology,Accessories,Hallie Redmond,12.12,4,0,2.5452
1/14/2017,Central,Office Supplies,Paper,Hallie Redmond,11.34,1,0,5.5566
1/14/2017,Central,Technology,Accessories,Hallie Redmond,159.8,4,0,70.312
1/14/2017,Central,Furniture,Furnishings,Hallie Redmond,18.96,2,0,8.532
3/26/2015,East,Office Supplies,Storage,Suzanne McNair,1085.42,7,0,282.2092
3/26/2015,East,Office Supplies,Appliances,Suzanne McNair,13.11,3,0,3.4086
11-01-2014,East,Furniture,Furnishings,Erin Ashbrook,68.704,2,0.2,16.3172
11-01-2014,East,Office Supplies,Binders,Erin Ashbrook,3.132,2,0.7,-2.61
11-01-2014,East,Office Supplies,Binders,Erin Ashbrook,22.428,3,0.7,-17.9424
10-06-2017,Central,Office Supplies,Storage,Mark Hamilton,290.336,2,0.2,32.6628
10-06-2017,Central,Office Supplies,Art,Mark Hamilton,19.152,2,0.2,1.197
12-10-2016,East,Office Supplies,Paper,Sara Luxemburg,6.48,1,0,3.1104
9/22/2016,East,Office Supplies,Envelopes,Nora Pelletier,63.968,2,0.2,19.99
12/29/2015,East,Office Supplies,Supplies,Roy Französisch,6.36,2,0,0.0636
4/20/2017,East,Office Supplies,Storage,Brad Eason,848.544,4,0.2,-21.2136
4/20/2017,East,Office Supplies,Binders,Brad Eason,8.7,5,0.7,-6.38
4/20/2017,East,Technology,Phones,Brad Eason,122.382,3,0.4,-24.4764
8/21/2016,East,Furniture,Chairs,Jay Kimmel,573.174,7,0.1,63.686
5/29/2015,East,Office Supplies,Paper,Chad Cunningham,85.056,3,0.2,28.7064
08-12-2014,South,Office Supplies,Binders,Lauren Leatherbury,14.04,3,0,6.7392
08-12-2014,South,Technology,Accessories,Lauren Leatherbury,272.61,13,0,98.1396
04-03-2014,West,Office Supplies,Envelopes,Katrina Edelman,11.16,2,0,5.58
04-03-2014,West,Technology,Accessories,Katrina Edelman,62.31,3,0,22.4316
04-03-2014,West,Technology,Accessories,Katrina Edelman,159.98,2,0,57.5928
1/23/2014,Central,Office Supplies,Fasteners,Speros Goranitis,5.94,3,0,0
10-12-2017,East,Office Supplies,Paper,Christina Anderson,9.96,2,0,4.6812
08-08-2015,East,Technology,Accessories,Rob Dowd,79.99,1,0,28.7964
3/19/2017,East,Office Supplies,Art,Vivek Grady,8.94,3,0,2.4138
7/25/2016,Central,Office Supplies,Paper,Sally Hughsby,20.62,2,0,9.6914
7/25/2016,Central,Technology,Accessories,Sally Hughsby,124.25,7,0,48.4575
7/25/2016,Central,Technology,Phones,Sally Hughsby,297.55,5,0,83.314
7/25/2016,Central,Furniture,Chairs,Sally Hughsby,403.56,4,0,96.8544
7/25/2016,Central,Furniture,Furnishings,Sally Hughsby,95.2,5,0,27.608
9/26/2014,Central,Technology,Accessories,Michael Moore,153.824,11,0.2,38.456
6/17/2014,Central,Office Supplies,Paper,Jennifer Ferguson,62.016,2,0.2,22.4808
06-06-2016,East,Furniture,Furnishings,Liz Preis,466.32,3,0.2,34.974
06-06-2016,East,Furniture,Furnishings,Liz Preis,82.64,2,0.2,0
3/28/2014,East,Furniture,Tables,Mike Pelletier,330.588,1,0.4,-143.2548
8/21/2017,West,Office Supplies,Storage,Sung Chung,237.096,3,0.2,20.7459
8/21/2017,West,Furniture,Furnishings,Sung Chung,22.752,3,0.2,7.11
8/21/2017,West,Office Supplies,Paper,Sung Chung,6.672,1,0.2,2.085
11-12-2014,Central,Furniture,Furnishings,Darren Powers,25.128,3,0.6,-6.9102
11-12-2014,Central,Technology,Accessories,Darren Powers,127.984,2,0.2,25.5968
9/13/2015,West,Furniture,Furnishings,Ken Dana,131.88,7,0,55.3896
9/13/2015,West,Office Supplies,Binders,Ken Dana,25.032,3,0.2,7.8225
9/13/2015,West,Furniture,Chairs,Ken Dana,717.72,3,0.2,71.772
9/13/2015,West,Furniture,Furnishings,Ken Dana,207.35,5,0,24.882
9/13/2015,West,Furniture,Furnishings,Ken Dana,44.67,3,0,12.0609
9/13/2015,West,Office Supplies,Paper,Ken Dana,209.7,2,0,100.656
04-05-2014,South,Office Supplies,Binders,Roy Phan,115.36,7,0,56.5264
10-10-2015,West,Furniture,Chairs,Katherine Nockton,362.136,3,0.2,-54.3204
10-10-2015,West,Office Supplies,Labels,Katherine Nockton,31.05,3,0,14.904
1/29/2017,Central,Office Supplies,Paper,Tamara Manning,12.96,2,0,6.2208
1/29/2017,Central,Office Supplies,Paper,Tamara Manning,94.85,5,0,45.528
1/29/2017,Central,Office Supplies,Storage,Tamara Manning,13.48,1,0,3.5048
1/29/2017,Central,Furniture,Furnishings,Tamara Manning,14.91,3,0,4.6221
9/24/2015,East,Office Supplies,Envelopes,Jamie Frazer,39.98,1,0,17.991
3/15/2016,Central,Furniture,Chairs,Muhammed Yedwab,528.43,5,0.3,-143.431
3/15/2016,Central,Office Supplies,Binders,Muhammed Yedwab,22.386,7,0.8,-35.8176
11/24/2014,East,Office Supplies,Binders,Alyssa Tate,5.742,3,0.7,-4.5936
05-06-2017,Central,Technology,Accessories,Jeremy Farry,191.968,4,0.2,28.7952
3/20/2015,East,Office Supplies,Binders,Dave Hallsten,49.848,3,0.2,16.8237
3/20/2015,East,Office Supplies,Envelopes,Dave Hallsten,23.99,1,0,11.995
3/20/2015,East,Office Supplies,Binders,Dave Hallsten,1087.936,8,0.2,353.5792
3/20/2015,East,Technology,Phones,Dave Hallsten,199.98,2,0,53.9946
3/20/2015,East,Office Supplies,Storage,Dave Hallsten,83.92,4,0,20.1408
09-04-2016,West,Furniture,Furnishings,Ionia McGrath,24.27,3,0,8.7372
09-04-2016,West,Technology,Copiers,Ionia McGrath,2799.96,5,0.2,944.9865
11/13/2015,West,Office Supplies,Binders,Keith Herrera,9.872,2,0.2,3.4552
11/13/2015,West,Furniture,Bookcases,Keith Herrera,683.332,4,0.15,-40.196
11/13/2015,West,Office Supplies,Paper,Keith Herrera,29.96,7,0,13.482
07-11-2014,East,Technology,Phones,Jamie Kunitz,164.85,3,0,47.8065
04-07-2016,East,Office Supplies,Appliances,Alan Shonely,33.528,3,0.2,2.5146
04-07-2016,East,Office Supplies,Storage,Alan Shonely,36.744,3,0.2,3.6744
6/24/2017,East,Office Supplies,Binders,Sonia Cooley,102.93,3,0,48.3771
06-03-2016,West,Furniture,Tables,Christine Phan,71.088,2,0.2,-1.7772
12-12-2016,East,Furniture,Furnishings,Noel Staavos,60.35,5,0,19.9155
12-12-2016,East,Office Supplies,Supplies,Noel Staavos,35.52,4,0,9.9456
12-12-2016,East,Office Supplies,Art,Noel Staavos,11.2,7,0,4.816
11/24/2017,West,Technology,Accessories,John Lee,223.58,14,0,87.1962
12/28/2014,West,Office Supplies,Storage,Maribeth Dona,998.82,9,0,29.9646
12/28/2014,West,Office Supplies,Supplies,Maribeth Dona,51.15,5,0,13.299
04-12-2015,West,Office Supplies,Storage,Robert Dilbeck,40.74,3,0,0.4074
03-02-2014,East,Office Supplies,Paper,Nicole Hansen,3.424,1,0.2,1.07
03-02-2014,East,Technology,Accessories,Nicole Hansen,151.2,3,0.2,32.13
06-01-2017,Central,Furniture,Chairs,Helen Wasserman,1925.88,6,0,539.2464
06-01-2017,Central,Office Supplies,Appliances,Helen Wasserman,2405.2,8,0,793.716
06-01-2017,Central,Technology,Accessories,Helen Wasserman,83.97,3,0,15.9543
06-01-2017,Central,Technology,Accessories,Helen Wasserman,39.89,1,0,14.7593
06-01-2017,Central,Office Supplies,Binders,Helen Wasserman,17.38,2,0,8.69
12/14/2015,West,Office Supplies,Binders,Darren Budd,55.264,2,0.2,20.724
12/14/2015,West,Office Supplies,Paper,Darren Budd,6.48,1,0,3.1104
12/14/2015,West,Office Supplies,Binders,Darren Budd,34.248,3,0.2,11.5587
12/14/2015,West,Furniture,Tables,Darren Budd,273.568,2,0.2,10.2588
11-11-2014,East,Office Supplies,Paper,Kristina Nunn,46.35,5,0,21.7845
11-11-2014,East,Office Supplies,Paper,Kristina Nunn,223.92,4,0,109.7208
11-11-2014,East,Office Supplies,Supplies,Kristina Nunn,7.3,2,0,2.19
10-06-2017,West,Office Supplies,Art,Ashley Jarboe,9.344,2,0.2,1.8688
9/16/2017,South,Technology,Accessories,Craig Leslie,18,1,0,3.24
3/19/2015,Central,Office Supplies,Paper,Corinna Mitchell,65.584,2,0.2,23.7742
3/19/2015,Central,Furniture,Bookcases,Corinna Mitchell,383.4656,4,0.32,-67.6704
7/26/2015,East,Office Supplies,Paper,Alan Shonely,10.368,2,0.2,3.6288
12-05-2016,East,Furniture,Furnishings,Harold Engle,13.4,1,0,6.432
12-05-2016,East,Office Supplies,Paper,Harold Engle,4.98,1,0,2.3406
12-05-2016,East,Office Supplies,Envelopes,Harold Engle,109.69,7,0,51.5543
12-11-2017,East,Office Supplies,Binders,Richard Bierner,40.2,5,0,18.09
12-11-2017,East,Office Supplies,Binders,Richard Bierner,735.98,2,0,331.191
12-11-2017,East,Office Supplies,Appliances,Richard Bierner,22.75,7,0,6.5975
6/28/2015,South,Office Supplies,Binders,Mark Packer,119.56,2,0,54.9976
6/28/2015,South,Office Supplies,Art,Mark Packer,140.75,5,0,42.225
09-11-2016,Central,Office Supplies,Envelopes,Ryan Crowe,99.568,2,0.2,33.6042
12-06-2016,West,Technology,Phones,Anne Pryor,271.96,5,0.2,27.196
12-06-2016,West,Office Supplies,Art,Anne Pryor,18.69,7,0,5.2332
12-06-2016,West,Office Supplies,Paper,Anne Pryor,13.36,2,0,6.4128
12-06-2016,West,Technology,Phones,Anne Pryor,249.584,2,0.2,31.198
12-06-2016,West,Office Supplies,Fasteners,Anne Pryor,13.86,7,0,0
12-06-2016,West,Office Supplies,Binders,Anne Pryor,13.376,4,0.2,4.6816
12-06-2016,West,Office Supplies,Binders,Anne Pryor,437.472,14,0.2,153.1152
09-06-2015,South,Furniture,Tables,Shaun Weien,85.98,1,0,22.3548
08-03-2017,East,Office Supplies,Labels,Ted Butterfield,16.52,5,0.2,5.369
9/22/2016,Central,Office Supplies,Paper,Ryan Crowe,35.56,7,0,16.7132
9/22/2016,Central,Technology,Phones,Ryan Crowe,97.98,2,0,27.4344
5/17/2015,East,Office Supplies,Labels,Dianna Vittorini,31.5,10,0,15.12
5/17/2015,East,Office Supplies,Supplies,Dianna Vittorini,55.6,4,0,16.124
9/29/2016,West,Technology,Accessories,Maris LaWare,36.24,1,0,15.2208
11/17/2017,South,Technology,Accessories,Ruben Ausman,79.99,1,0,28.7964
11/17/2017,South,Technology,Phones,Ruben Ausman,206.1,5,0,55.647
1/21/2014,South,Furniture,Furnishings,Tom Boeckenhauer,25.248,3,0.2,4.1028
2/26/2017,West,Furniture,Furnishings,Dave Brooks,91.96,2,0,15.6332
2/26/2017,West,Technology,Phones,Dave Brooks,258.576,2,0.2,19.3932
2/26/2017,West,Office Supplies,Paper,Dave Brooks,29.6,4,0,13.32
05-04-2017,West,Office Supplies,Appliances,Chris Cortes,243.16,2,0,72.948
